{"level":"info","message":"🔄 MySQL keep-alive ping successful","service":"david-academy-api","timestamp":"2025-07-15 16:58:41"}
{"level":"info","message":"HTTP server enabled","service":"david-academy-api","timestamp":"2025-07-16 12:15:43"}
{"level":"info","message":"Server listening on port 6040","service":"david-academy-api","timestamp":"2025-07-16 12:15:47"}
{"level":"info","message":"✅ Connected to MySQL database","service":"david-academy-api","timestamp":"2025-07-16 12:15:47"}
{"level":"info","message":"🔄 MySQL keep-alive ping successful","service":"david-academy-api","timestamp":"2025-07-16 12:20:44"}
{"level":"info","message":"🔄 MySQL keep-alive ping successful","service":"david-academy-api","timestamp":"2025-07-16 12:25:45"}
{"level":"info","message":"🔄 MySQL keep-alive ping successful","service":"david-academy-api","timestamp":"2025-07-16 12:30:44"}
{"level":"info","message":"🔄 MySQL keep-alive ping successful","service":"david-academy-api","timestamp":"2025-07-16 12:35:45"}
{"level":"info","message":"🔄 MySQL keep-alive ping successful","service":"david-academy-api","timestamp":"2025-07-16 12:40:44"}
{"level":"info","message":"🔄 MySQL keep-alive ping successful","service":"david-academy-api","timestamp":"2025-07-16 12:45:44"}
{"level":"info","message":"🔄 MySQL keep-alive ping successful","service":"david-academy-api","timestamp":"2025-07-16 12:50:44"}
{"level":"info","message":"🔄 MySQL keep-alive ping successful","service":"david-academy-api","timestamp":"2025-07-16 12:55:44"}
{"level":"info","message":"🔄 MySQL keep-alive ping successful","service":"david-academy-api","timestamp":"2025-07-16 13:00:45"}
{"level":"info","message":"HTTP server enabled","service":"david-academy-api","timestamp":"2025-07-16 13:02:23"}
{"level":"info","message":"Server listening on port 6040","service":"david-academy-api","timestamp":"2025-07-16 13:02:24"}
{"level":"info","message":"✅ Connected to MySQL database","service":"david-academy-api","timestamp":"2025-07-16 13:02:24"}
{"level":"info","message":"🔄 MySQL keep-alive ping successful","service":"david-academy-api","timestamp":"2025-07-16 13:07:24"}
{"level":"info","message":"HTTP server enabled","service":"david-academy-api","timestamp":"2025-07-16 13:07:48"}
{"level":"info","message":"Server listening on port 6040","service":"david-academy-api","timestamp":"2025-07-16 13:07:48"}
{"level":"info","message":"✅ Connected to MySQL database","service":"david-academy-api","timestamp":"2025-07-16 13:07:48"}
{"level":"info","message":"HTTP server enabled","service":"david-academy-api","timestamp":"2025-07-16 13:08:13"}
{"level":"info","message":"Server listening on port 6040","service":"david-academy-api","timestamp":"2025-07-16 13:08:14"}
{"level":"info","message":"✅ Connected to MySQL database","service":"david-academy-api","timestamp":"2025-07-16 13:08:14"}
{"level":"info","message":"HTTP server enabled","service":"david-academy-api","timestamp":"2025-07-16 13:08:19"}
{"level":"info","message":"Server listening on port 6040","service":"david-academy-api","timestamp":"2025-07-16 13:08:19"}
{"level":"info","message":"✅ Connected to MySQL database","service":"david-academy-api","timestamp":"2025-07-16 13:08:19"}
{"level":"info","message":"🔄 MySQL keep-alive ping successful","service":"david-academy-api","timestamp":"2025-07-16 13:13:19"}
{"level":"info","message":"🔄 MySQL keep-alive ping successful","service":"david-academy-api","timestamp":"2025-07-16 13:18:19"}
{"level":"info","message":"🔄 MySQL keep-alive ping successful","service":"david-academy-api","timestamp":"2025-07-16 13:23:19"}
{"level":"info","message":"🔄 MySQL keep-alive ping successful","service":"david-academy-api","timestamp":"2025-07-16 13:28:19"}
{"level":"info","message":"🔄 MySQL keep-alive ping successful","service":"david-academy-api","timestamp":"2025-07-16 14:57:01"}
{"level":"info","message":"🔄 MySQL keep-alive ping successful","service":"david-academy-api","timestamp":"2025-07-16 15:01:59"}
{"level":"info","message":"🔄 MySQL keep-alive ping successful","service":"david-academy-api","timestamp":"2025-07-16 15:06:59"}
{"level":"info","message":"HTTP server enabled","service":"david-academy-api","timestamp":"2025-07-16 15:11:41"}
{"level":"info","message":"Server listening on port 6040","service":"david-academy-api","timestamp":"2025-07-16 15:11:41"}
{"level":"info","message":"✅ Connected to MySQL database","service":"david-academy-api","timestamp":"2025-07-16 15:11:42"}
{"level":"info","message":"HTTP server enabled","service":"david-academy-api","timestamp":"2025-07-16 15:11:44"}
{"level":"info","message":"Server listening on port 6040","service":"david-academy-api","timestamp":"2025-07-16 15:11:44"}
{"level":"info","message":"✅ Connected to MySQL database","service":"david-academy-api","timestamp":"2025-07-16 15:11:46"}
{"level":"info","message":"HTTP server enabled","service":"david-academy-api","timestamp":"2025-07-16 15:11:54"}
{"level":"info","message":"Server listening on port 6040","service":"david-academy-api","timestamp":"2025-07-16 15:11:54"}
{"level":"info","message":"✅ Connected to MySQL database","service":"david-academy-api","timestamp":"2025-07-16 15:11:56"}
{"level":"info","message":"HTTP server enabled","service":"david-academy-api","timestamp":"2025-07-16 15:11:58"}
{"level":"info","message":"Server listening on port 6040","service":"david-academy-api","timestamp":"2025-07-16 15:11:58"}
{"level":"info","message":"✅ Connected to MySQL database","service":"david-academy-api","timestamp":"2025-07-16 15:11:59"}
{"level":"info","message":"HTTP server enabled","service":"david-academy-api","timestamp":"2025-07-16 15:12:01"}
{"level":"info","message":"Server listening on port 6040","service":"david-academy-api","timestamp":"2025-07-16 15:12:01"}
{"level":"info","message":"✅ Connected to MySQL database","service":"david-academy-api","timestamp":"2025-07-16 15:12:02"}
{"level":"info","message":"HTTP server enabled","service":"david-academy-api","timestamp":"2025-07-16 15:12:04"}
{"level":"info","message":"Server listening on port 6040","service":"david-academy-api","timestamp":"2025-07-16 15:12:04"}
{"level":"info","message":"✅ Connected to MySQL database","service":"david-academy-api","timestamp":"2025-07-16 15:12:05"}
{"level":"info","message":"HTTP server enabled","service":"david-academy-api","timestamp":"2025-07-16 15:12:19"}
{"level":"info","message":"Server listening on port 6040","service":"david-academy-api","timestamp":"2025-07-16 15:12:19"}
{"level":"info","message":"✅ Connected to MySQL database","service":"david-academy-api","timestamp":"2025-07-16 15:12:20"}
{"level":"info","message":"HTTP server enabled","service":"david-academy-api","timestamp":"2025-07-16 15:14:27"}
{"level":"info","message":"Server listening on port 6040","service":"david-academy-api","timestamp":"2025-07-16 15:14:27"}
{"level":"info","message":"✅ Connected to MySQL database","service":"david-academy-api","timestamp":"2025-07-16 15:14:28"}
{"level":"info","message":"HTTP server enabled","service":"david-academy-api","timestamp":"2025-07-16 15:14:32"}
{"level":"info","message":"Server listening on port 6040","service":"david-academy-api","timestamp":"2025-07-16 15:14:32"}
{"level":"info","message":"✅ Connected to MySQL database","service":"david-academy-api","timestamp":"2025-07-16 15:14:33"}
{"level":"info","message":"HTTP server enabled","service":"david-academy-api","timestamp":"2025-07-16 15:14:34"}
{"level":"info","message":"Server listening on port 6040","service":"david-academy-api","timestamp":"2025-07-16 15:14:34"}
{"level":"info","message":"✅ Connected to MySQL database","service":"david-academy-api","timestamp":"2025-07-16 15:14:36"}
{"level":"info","message":"HTTP server enabled","service":"david-academy-api","timestamp":"2025-07-16 15:14:55"}
{"level":"info","message":"Server listening on port 6040","service":"david-academy-api","timestamp":"2025-07-16 15:14:55"}
{"level":"info","message":"HTTP server enabled","service":"david-academy-api","timestamp":"2025-07-16 15:14:57"}
{"level":"info","message":"Server listening on port 6040","service":"david-academy-api","timestamp":"2025-07-16 15:14:57"}
{"level":"info","message":"✅ Connected to MySQL database","service":"david-academy-api","timestamp":"2025-07-16 15:14:58"}
{"level":"info","message":"HTTP server enabled","service":"david-academy-api","timestamp":"2025-07-16 15:15:16"}
{"level":"info","message":"Server listening on port 6040","service":"david-academy-api","timestamp":"2025-07-16 15:15:17"}
{"level":"info","message":"HTTP server enabled","service":"david-academy-api","timestamp":"2025-07-16 15:15:18"}
{"level":"info","message":"Server listening on port 6040","service":"david-academy-api","timestamp":"2025-07-16 15:15:18"}
{"level":"info","message":"✅ Connected to MySQL database","service":"david-academy-api","timestamp":"2025-07-16 15:15:19"}
{"level":"info","message":"HTTP server enabled","service":"david-academy-api","timestamp":"2025-07-16 15:15:24"}
{"level":"info","message":"Server listening on port 6040","service":"david-academy-api","timestamp":"2025-07-16 15:15:24"}
{"level":"info","message":"✅ Connected to MySQL database","service":"david-academy-api","timestamp":"2025-07-16 15:15:25"}
{"level":"info","message":"HTTP server enabled","service":"david-academy-api","timestamp":"2025-07-16 15:15:26"}
{"level":"info","message":"Server listening on port 6040","service":"david-academy-api","timestamp":"2025-07-16 15:15:26"}
{"level":"info","message":"HTTP server enabled","service":"david-academy-api","timestamp":"2025-07-16 15:15:27"}
{"level":"info","message":"Server listening on port 6040","service":"david-academy-api","timestamp":"2025-07-16 15:15:28"}
{"level":"info","message":"✅ Connected to MySQL database","service":"david-academy-api","timestamp":"2025-07-16 15:15:29"}
{"level":"info","message":"HTTP server enabled","service":"david-academy-api","timestamp":"2025-07-16 15:15:30"}
{"level":"info","message":"Server listening on port 6040","service":"david-academy-api","timestamp":"2025-07-16 15:15:30"}
{"level":"info","message":"✅ Connected to MySQL database","service":"david-academy-api","timestamp":"2025-07-16 15:15:31"}
{"level":"info","message":"HTTP server enabled","service":"david-academy-api","timestamp":"2025-07-16 15:15:33"}
{"level":"info","message":"Server listening on port 6040","service":"david-academy-api","timestamp":"2025-07-16 15:15:33"}
{"level":"info","message":"✅ Connected to MySQL database","service":"david-academy-api","timestamp":"2025-07-16 15:15:34"}
{"level":"info","message":"HTTP server enabled","service":"david-academy-api","timestamp":"2025-07-16 15:15:35"}
{"level":"info","message":"Server listening on port 6040","service":"david-academy-api","timestamp":"2025-07-16 15:15:35"}
{"level":"info","message":"✅ Connected to MySQL database","service":"david-academy-api","timestamp":"2025-07-16 15:15:36"}
{"level":"info","message":"HTTP server enabled","service":"david-academy-api","timestamp":"2025-07-16 15:15:40"}
{"level":"info","message":"Server listening on port 6040","service":"david-academy-api","timestamp":"2025-07-16 15:15:40"}
{"level":"info","message":"✅ Connected to MySQL database","service":"david-academy-api","timestamp":"2025-07-16 15:15:42"}
{"level":"info","message":"HTTP server enabled","service":"david-academy-api","timestamp":"2025-07-16 15:15:50"}
{"level":"info","message":"Server listening on port 6040","service":"david-academy-api","timestamp":"2025-07-16 15:15:50"}
{"level":"info","message":"✅ Connected to MySQL database","service":"david-academy-api","timestamp":"2025-07-16 15:15:51"}
{"level":"info","message":"HTTP server enabled","service":"david-academy-api","timestamp":"2025-07-16 15:15:57"}
{"level":"info","message":"Server listening on port 6040","service":"david-academy-api","timestamp":"2025-07-16 15:15:57"}
{"level":"info","message":"✅ Connected to MySQL database","service":"david-academy-api","timestamp":"2025-07-16 15:15:59"}
{"level":"info","message":"HTTP server enabled","service":"david-academy-api","timestamp":"2025-07-16 15:16:09"}
{"level":"info","message":"Server listening on port 6040","service":"david-academy-api","timestamp":"2025-07-16 15:16:09"}
{"level":"info","message":"✅ Connected to MySQL database","service":"david-academy-api","timestamp":"2025-07-16 15:16:10"}
{"level":"info","message":"HTTP server enabled","service":"david-academy-api","timestamp":"2025-07-16 15:16:12"}
{"level":"info","message":"Server listening on port 6040","service":"david-academy-api","timestamp":"2025-07-16 15:16:13"}
{"level":"info","message":"✅ Connected to MySQL database","service":"david-academy-api","timestamp":"2025-07-16 15:16:14"}
{"level":"info","message":"HTTP server enabled","service":"david-academy-api","timestamp":"2025-07-16 15:16:16"}
{"level":"info","message":"Server listening on port 6040","service":"david-academy-api","timestamp":"2025-07-16 15:16:17"}
{"level":"info","message":"✅ Connected to MySQL database","service":"david-academy-api","timestamp":"2025-07-16 15:16:18"}
{"level":"info","message":"HTTP server enabled","service":"david-academy-api","timestamp":"2025-07-16 15:16:21"}
{"level":"info","message":"Server listening on port 6040","service":"david-academy-api","timestamp":"2025-07-16 15:16:21"}
{"level":"info","message":"HTTP server enabled","service":"david-academy-api","timestamp":"2025-07-16 15:16:22"}
{"level":"info","message":"Server listening on port 6040","service":"david-academy-api","timestamp":"2025-07-16 15:16:22"}
{"level":"info","message":"✅ Connected to MySQL database","service":"david-academy-api","timestamp":"2025-07-16 15:16:23"}
{"level":"info","message":"HTTP server enabled","service":"david-academy-api","timestamp":"2025-07-16 15:16:34"}
{"level":"info","message":"Server listening on port 6040","service":"david-academy-api","timestamp":"2025-07-16 15:16:34"}
{"level":"info","message":"✅ Connected to MySQL database","service":"david-academy-api","timestamp":"2025-07-16 15:16:35"}
{"level":"info","message":"HTTP server enabled","service":"david-academy-api","timestamp":"2025-07-16 15:16:37"}
{"level":"info","message":"Server listening on port 6040","service":"david-academy-api","timestamp":"2025-07-16 15:16:37"}
{"level":"info","message":"✅ Connected to MySQL database","service":"david-academy-api","timestamp":"2025-07-16 15:16:38"}
{"level":"info","message":"HTTP server enabled","service":"david-academy-api","timestamp":"2025-07-16 15:16:48"}
{"level":"info","message":"Server listening on port 6040","service":"david-academy-api","timestamp":"2025-07-16 15:16:48"}
{"level":"info","message":"✅ Connected to MySQL database","service":"david-academy-api","timestamp":"2025-07-16 15:16:49"}
{"level":"info","message":"HTTP server enabled","service":"david-academy-api","timestamp":"2025-07-16 15:16:53"}
{"level":"info","message":"Server listening on port 6040","service":"david-academy-api","timestamp":"2025-07-16 15:16:53"}
{"level":"info","message":"✅ Connected to MySQL database","service":"david-academy-api","timestamp":"2025-07-16 15:16:54"}
{"level":"info","message":"HTTP server enabled","service":"david-academy-api","timestamp":"2025-07-16 15:16:59"}
{"level":"info","message":"Server listening on port 6040","service":"david-academy-api","timestamp":"2025-07-16 15:16:59"}
{"level":"info","message":"✅ Connected to MySQL database","service":"david-academy-api","timestamp":"2025-07-16 15:17:00"}
{"level":"info","message":"HTTP server enabled","service":"david-academy-api","timestamp":"2025-07-16 15:17:06"}
{"level":"info","message":"Server listening on port 6040","service":"david-academy-api","timestamp":"2025-07-16 15:17:07"}
{"level":"info","message":"✅ Connected to MySQL database","service":"david-academy-api","timestamp":"2025-07-16 15:17:08"}
{"level":"info","message":"HTTP server enabled","service":"david-academy-api","timestamp":"2025-07-16 15:17:09"}
{"level":"info","message":"Server listening on port 6040","service":"david-academy-api","timestamp":"2025-07-16 15:17:09"}
{"level":"info","message":"HTTP server enabled","service":"david-academy-api","timestamp":"2025-07-16 15:17:10"}
{"level":"info","message":"Server listening on port 6040","service":"david-academy-api","timestamp":"2025-07-16 15:17:10"}
{"level":"info","message":"✅ Connected to MySQL database","service":"david-academy-api","timestamp":"2025-07-16 15:17:11"}
{"level":"info","message":"HTTP server enabled","service":"david-academy-api","timestamp":"2025-07-16 15:17:23"}
{"level":"info","message":"Server listening on port 6040","service":"david-academy-api","timestamp":"2025-07-16 15:17:23"}
{"level":"info","message":"✅ Connected to MySQL database","service":"david-academy-api","timestamp":"2025-07-16 15:17:24"}
{"level":"info","message":"HTTP server enabled","service":"david-academy-api","timestamp":"2025-07-16 15:17:37"}
{"level":"info","message":"Server listening on port 6040","service":"david-academy-api","timestamp":"2025-07-16 15:17:37"}
{"level":"info","message":"✅ Connected to MySQL database","service":"david-academy-api","timestamp":"2025-07-16 15:17:38"}
{"level":"info","message":"HTTP server enabled","service":"david-academy-api","timestamp":"2025-07-16 15:18:02"}
{"level":"info","message":"Server listening on port 6040","service":"david-academy-api","timestamp":"2025-07-16 15:18:02"}
{"level":"info","message":"✅ Connected to MySQL database","service":"david-academy-api","timestamp":"2025-07-16 15:18:03"}
{"level":"info","message":"HTTP server enabled","service":"david-academy-api","timestamp":"2025-07-16 15:18:07"}
{"level":"info","message":"Server listening on port 6040","service":"david-academy-api","timestamp":"2025-07-16 15:18:07"}
{"level":"info","message":"✅ Connected to MySQL database","service":"david-academy-api","timestamp":"2025-07-16 15:18:08"}
{"level":"info","message":"HTTP server enabled","service":"david-academy-api","timestamp":"2025-07-16 15:18:11"}
{"level":"info","message":"Server listening on port 6040","service":"david-academy-api","timestamp":"2025-07-16 15:18:11"}
{"level":"info","message":"✅ Connected to MySQL database","service":"david-academy-api","timestamp":"2025-07-16 15:18:13"}
{"level":"info","message":"HTTP server enabled","service":"david-academy-api","timestamp":"2025-07-16 15:20:05"}
{"level":"info","message":"Server listening on port 6040","service":"david-academy-api","timestamp":"2025-07-16 15:20:05"}
{"level":"info","message":"✅ Connected to MySQL database","service":"david-academy-api","timestamp":"2025-07-16 15:20:06"}
{"level":"info","message":"HTTP server enabled","service":"david-academy-api","timestamp":"2025-07-16 15:20:07"}
{"level":"info","message":"Server listening on port 6040","service":"david-academy-api","timestamp":"2025-07-16 15:20:07"}
{"level":"info","message":"✅ Connected to MySQL database","service":"david-academy-api","timestamp":"2025-07-16 15:20:08"}
{"level":"info","message":"HTTP server enabled","service":"david-academy-api","timestamp":"2025-07-16 15:20:14"}
{"level":"info","message":"Server listening on port 6040","service":"david-academy-api","timestamp":"2025-07-16 15:20:14"}
{"level":"info","message":"✅ Connected to MySQL database","service":"david-academy-api","timestamp":"2025-07-16 15:20:16"}
{"level":"info","message":"HTTP server enabled","service":"david-academy-api","timestamp":"2025-07-16 15:20:20"}
{"level":"info","message":"Server listening on port 6040","service":"david-academy-api","timestamp":"2025-07-16 15:20:20"}
{"level":"info","message":"✅ Connected to MySQL database","service":"david-academy-api","timestamp":"2025-07-16 15:20:21"}
{"level":"info","message":"HTTP server enabled","service":"david-academy-api","timestamp":"2025-07-16 15:20:22"}
{"level":"info","message":"Server listening on port 6040","service":"david-academy-api","timestamp":"2025-07-16 15:20:22"}
{"level":"info","message":"✅ Connected to MySQL database","service":"david-academy-api","timestamp":"2025-07-16 15:20:24"}
{"level":"info","message":"HTTP server enabled","service":"david-academy-api","timestamp":"2025-07-16 15:20:28"}
{"level":"info","message":"Server listening on port 6040","service":"david-academy-api","timestamp":"2025-07-16 15:20:28"}
{"level":"info","message":"✅ Connected to MySQL database","service":"david-academy-api","timestamp":"2025-07-16 15:20:30"}
{"level":"info","message":"HTTP server enabled","service":"david-academy-api","timestamp":"2025-07-16 15:20:31"}
{"level":"info","message":"Server listening on port 6040","service":"david-academy-api","timestamp":"2025-07-16 15:20:31"}
{"level":"info","message":"✅ Connected to MySQL database","service":"david-academy-api","timestamp":"2025-07-16 15:20:32"}
{"level":"info","message":"HTTP server enabled","service":"david-academy-api","timestamp":"2025-07-16 15:20:41"}
{"level":"info","message":"Server listening on port 6040","service":"david-academy-api","timestamp":"2025-07-16 15:20:42"}
{"level":"info","message":"✅ Connected to MySQL database","service":"david-academy-api","timestamp":"2025-07-16 15:20:42"}
{"level":"info","message":"HTTP server enabled","service":"david-academy-api","timestamp":"2025-07-16 15:20:43"}
{"level":"info","message":"Server listening on port 6040","service":"david-academy-api","timestamp":"2025-07-16 15:20:43"}
{"level":"info","message":"✅ Connected to MySQL database","service":"david-academy-api","timestamp":"2025-07-16 15:20:44"}
{"level":"info","message":"HTTP server enabled","service":"david-academy-api","timestamp":"2025-07-16 15:20:48"}
{"level":"info","message":"Server listening on port 6040","service":"david-academy-api","timestamp":"2025-07-16 15:20:48"}
{"level":"info","message":"✅ Connected to MySQL database","service":"david-academy-api","timestamp":"2025-07-16 15:20:49"}
{"level":"info","message":"HTTP server enabled","service":"david-academy-api","timestamp":"2025-07-16 15:20:52"}
{"level":"info","message":"Server listening on port 6040","service":"david-academy-api","timestamp":"2025-07-16 15:20:53"}
{"level":"info","message":"✅ Connected to MySQL database","service":"david-academy-api","timestamp":"2025-07-16 15:20:54"}
{"level":"info","message":"HTTP server enabled","service":"david-academy-api","timestamp":"2025-07-16 15:21:12"}
{"level":"info","message":"Server listening on port 6040","service":"david-academy-api","timestamp":"2025-07-16 15:21:12"}
{"level":"info","message":"✅ Connected to MySQL database","service":"david-academy-api","timestamp":"2025-07-16 15:21:13"}
{"level":"info","message":"HTTP server enabled","service":"david-academy-api","timestamp":"2025-07-16 15:21:17"}
{"level":"info","message":"Server listening on port 6040","service":"david-academy-api","timestamp":"2025-07-16 15:21:18"}
{"level":"info","message":"✅ Connected to MySQL database","service":"david-academy-api","timestamp":"2025-07-16 15:21:19"}
{"level":"info","message":"HTTP server enabled","service":"david-academy-api","timestamp":"2025-07-16 15:21:37"}
{"level":"info","message":"Server listening on port 6040","service":"david-academy-api","timestamp":"2025-07-16 15:21:37"}
{"level":"info","message":"HTTP server enabled","service":"david-academy-api","timestamp":"2025-07-16 15:21:38"}
{"level":"info","message":"Server listening on port 6040","service":"david-academy-api","timestamp":"2025-07-16 15:21:38"}
{"level":"info","message":"✅ Connected to MySQL database","service":"david-academy-api","timestamp":"2025-07-16 15:21:39"}
{"level":"info","message":"HTTP server enabled","service":"david-academy-api","timestamp":"2025-07-16 15:21:40"}
{"level":"info","message":"Server listening on port 6040","service":"david-academy-api","timestamp":"2025-07-16 15:21:40"}
{"level":"info","message":"✅ Connected to MySQL database","service":"david-academy-api","timestamp":"2025-07-16 15:21:41"}
{"level":"info","message":"HTTP server enabled","service":"david-academy-api","timestamp":"2025-07-16 15:21:43"}
{"level":"info","message":"Server listening on port 6040","service":"david-academy-api","timestamp":"2025-07-16 15:21:43"}
{"level":"info","message":"✅ Connected to MySQL database","service":"david-academy-api","timestamp":"2025-07-16 15:21:45"}
{"level":"info","message":"HTTP server enabled","service":"david-academy-api","timestamp":"2025-07-16 15:21:52"}
{"level":"info","message":"Server listening on port 6040","service":"david-academy-api","timestamp":"2025-07-16 15:21:52"}
{"level":"info","message":"✅ Connected to MySQL database","service":"david-academy-api","timestamp":"2025-07-16 15:21:54"}
{"level":"info","message":"HTTP server enabled","service":"david-academy-api","timestamp":"2025-07-16 15:21:55"}
{"level":"info","message":"Server listening on port 6040","service":"david-academy-api","timestamp":"2025-07-16 15:21:55"}
{"level":"error","message":"MySQL connection error: Handshake inactivity timeout","service":"david-academy-api","timestamp":"2025-07-16 15:22:05"}
{"level":"info","message":"HTTP server enabled","service":"david-academy-api","timestamp":"2025-07-16 15:22:08"}
{"level":"info","message":"Server listening on port 6040","service":"david-academy-api","timestamp":"2025-07-16 15:22:09"}
{"level":"info","message":"HTTP server enabled","service":"david-academy-api","timestamp":"2025-07-16 15:22:10"}
{"level":"info","message":"Server listening on port 6040","service":"david-academy-api","timestamp":"2025-07-16 15:22:11"}
{"level":"info","message":"✅ Connected to MySQL database","service":"david-academy-api","timestamp":"2025-07-16 15:22:12"}
{"level":"info","message":"HTTP server enabled","service":"david-academy-api","timestamp":"2025-07-16 15:22:13"}
{"level":"info","message":"Server listening on port 6040","service":"david-academy-api","timestamp":"2025-07-16 15:22:13"}
{"level":"info","message":"✅ Connected to MySQL database","service":"david-academy-api","timestamp":"2025-07-16 15:22:14"}
{"level":"info","message":"HTTP server enabled","service":"david-academy-api","timestamp":"2025-07-16 15:22:31"}
{"level":"info","message":"Server listening on port 6040","service":"david-academy-api","timestamp":"2025-07-16 15:22:31"}
{"level":"info","message":"✅ Connected to MySQL database","service":"david-academy-api","timestamp":"2025-07-16 15:22:32"}
{"level":"info","message":"HTTP server enabled","service":"david-academy-api","timestamp":"2025-07-16 15:22:34"}
{"level":"info","message":"Server listening on port 6040","service":"david-academy-api","timestamp":"2025-07-16 15:22:35"}
{"level":"info","message":"✅ Connected to MySQL database","service":"david-academy-api","timestamp":"2025-07-16 15:22:36"}
{"level":"info","message":"HTTP server enabled","service":"david-academy-api","timestamp":"2025-07-16 15:23:39"}
{"level":"info","message":"Server listening on port 6040","service":"david-academy-api","timestamp":"2025-07-16 15:23:40"}
{"level":"info","message":"HTTP server enabled","service":"david-academy-api","timestamp":"2025-07-16 15:23:41"}
{"level":"info","message":"Server listening on port 6040","service":"david-academy-api","timestamp":"2025-07-16 15:23:41"}
{"level":"info","message":"✅ Connected to MySQL database","service":"david-academy-api","timestamp":"2025-07-16 15:23:42"}
{"level":"info","message":"HTTP server enabled","service":"david-academy-api","timestamp":"2025-07-16 15:23:46"}
{"level":"info","message":"Server listening on port 6040","service":"david-academy-api","timestamp":"2025-07-16 15:23:46"}
{"level":"info","message":"✅ Connected to MySQL database","service":"david-academy-api","timestamp":"2025-07-16 15:23:47"}
{"level":"info","message":"HTTP server enabled","service":"david-academy-api","timestamp":"2025-07-16 15:24:04"}
{"level":"info","message":"Server listening on port 6040","service":"david-academy-api","timestamp":"2025-07-16 15:24:04"}
{"level":"info","message":"HTTP server enabled","service":"david-academy-api","timestamp":"2025-07-16 15:24:05"}
{"level":"info","message":"Server listening on port 6040","service":"david-academy-api","timestamp":"2025-07-16 15:24:05"}
{"level":"info","message":"✅ Connected to MySQL database","service":"david-academy-api","timestamp":"2025-07-16 15:24:06"}
{"level":"info","message":"HTTP server enabled","service":"david-academy-api","timestamp":"2025-07-16 15:24:25"}
{"level":"info","message":"Server listening on port 6040","service":"david-academy-api","timestamp":"2025-07-16 15:24:25"}
{"level":"info","message":"✅ Connected to MySQL database","service":"david-academy-api","timestamp":"2025-07-16 15:24:26"}
{"level":"info","message":"HTTP server enabled","service":"david-academy-api","timestamp":"2025-07-16 15:24:46"}
{"level":"info","message":"Server listening on port 6040","service":"david-academy-api","timestamp":"2025-07-16 15:24:47"}
{"level":"info","message":"✅ Connected to MySQL database","service":"david-academy-api","timestamp":"2025-07-16 15:24:48"}
{"level":"info","message":"HTTP server enabled","service":"david-academy-api","timestamp":"2025-07-16 15:24:52"}
{"level":"info","message":"Server listening on port 6040","service":"david-academy-api","timestamp":"2025-07-16 15:24:52"}
{"level":"info","message":"✅ Connected to MySQL database","service":"david-academy-api","timestamp":"2025-07-16 15:24:54"}
{"level":"info","message":"HTTP server enabled","service":"david-academy-api","timestamp":"2025-07-16 15:24:59"}
{"level":"info","message":"Server listening on port 6040","service":"david-academy-api","timestamp":"2025-07-16 15:24:59"}
{"level":"info","message":"✅ Connected to MySQL database","service":"david-academy-api","timestamp":"2025-07-16 15:25:01"}
{"level":"info","message":"HTTP server enabled","service":"david-academy-api","timestamp":"2025-07-16 15:25:02"}
{"level":"info","message":"Server listening on port 6040","service":"david-academy-api","timestamp":"2025-07-16 15:25:03"}
{"level":"info","message":"✅ Connected to MySQL database","service":"david-academy-api","timestamp":"2025-07-16 15:25:04"}
{"level":"info","message":"HTTP server enabled","service":"david-academy-api","timestamp":"2025-07-16 15:25:54"}
{"level":"info","message":"Server listening on port 6040","service":"david-academy-api","timestamp":"2025-07-16 15:25:54"}
{"level":"info","message":"✅ Connected to MySQL database","service":"david-academy-api","timestamp":"2025-07-16 15:25:55"}
{"level":"info","message":"HTTP server enabled","service":"david-academy-api","timestamp":"2025-07-16 15:26:00"}
{"level":"info","message":"Server listening on port 6040","service":"david-academy-api","timestamp":"2025-07-16 15:26:00"}
{"level":"info","message":"✅ Connected to MySQL database","service":"david-academy-api","timestamp":"2025-07-16 15:26:01"}
{"level":"info","message":"HTTP server enabled","service":"david-academy-api","timestamp":"2025-07-16 15:26:05"}
{"level":"info","message":"Server listening on port 6040","service":"david-academy-api","timestamp":"2025-07-16 15:26:05"}
{"level":"info","message":"✅ Connected to MySQL database","service":"david-academy-api","timestamp":"2025-07-16 15:26:06"}
{"level":"info","message":"HTTP server enabled","service":"david-academy-api","timestamp":"2025-07-16 15:26:15"}
{"level":"info","message":"Server listening on port 6040","service":"david-academy-api","timestamp":"2025-07-16 15:26:15"}
{"level":"info","message":"✅ Connected to MySQL database","service":"david-academy-api","timestamp":"2025-07-16 15:26:16"}
{"level":"info","message":"HTTP server enabled","service":"david-academy-api","timestamp":"2025-07-16 15:26:20"}
{"level":"info","message":"Server listening on port 6040","service":"david-academy-api","timestamp":"2025-07-16 15:26:20"}
{"level":"info","message":"✅ Connected to MySQL database","service":"david-academy-api","timestamp":"2025-07-16 15:26:21"}
{"level":"info","message":"HTTP server enabled","service":"david-academy-api","timestamp":"2025-07-16 15:26:26"}
{"level":"info","message":"Server listening on port 6040","service":"david-academy-api","timestamp":"2025-07-16 15:26:26"}
{"level":"info","message":"✅ Connected to MySQL database","service":"david-academy-api","timestamp":"2025-07-16 15:26:27"}
{"level":"info","message":"HTTP server enabled","service":"david-academy-api","timestamp":"2025-07-16 15:26:32"}
{"level":"info","message":"Server listening on port 6040","service":"david-academy-api","timestamp":"2025-07-16 15:26:33"}
{"level":"info","message":"HTTP server enabled","service":"david-academy-api","timestamp":"2025-07-16 15:26:34"}
{"level":"info","message":"Server listening on port 6040","service":"david-academy-api","timestamp":"2025-07-16 15:26:34"}
{"level":"info","message":"✅ Connected to MySQL database","service":"david-academy-api","timestamp":"2025-07-16 15:26:35"}
{"level":"info","message":"HTTP server enabled","service":"david-academy-api","timestamp":"2025-07-16 15:26:53"}
{"level":"info","message":"Server listening on port 6040","service":"david-academy-api","timestamp":"2025-07-16 15:26:53"}
{"level":"info","message":"✅ Connected to MySQL database","service":"david-academy-api","timestamp":"2025-07-16 15:26:55"}
{"level":"info","message":"HTTP server enabled","service":"david-academy-api","timestamp":"2025-07-16 15:31:12"}
{"level":"info","message":"Server listening on port 6040","service":"david-academy-api","timestamp":"2025-07-16 15:31:13"}
{"level":"info","message":"HTTP server enabled","service":"david-academy-api","timestamp":"2025-07-16 15:31:15"}
{"level":"info","message":"Server listening on port 6040","service":"david-academy-api","timestamp":"2025-07-16 15:31:15"}
{"level":"info","message":"✅ Connected to MySQL database","service":"david-academy-api","timestamp":"2025-07-16 15:31:16"}
{"level":"info","message":"HTTP server enabled","service":"david-academy-api","timestamp":"2025-07-16 15:31:17"}
{"level":"info","message":"Server listening on port 6040","service":"david-academy-api","timestamp":"2025-07-16 15:31:17"}
{"level":"info","message":"✅ Connected to MySQL database","service":"david-academy-api","timestamp":"2025-07-16 15:31:18"}
{"level":"info","message":"HTTP server enabled","service":"david-academy-api","timestamp":"2025-07-16 15:31:21"}
{"level":"info","message":"Server listening on port 6040","service":"david-academy-api","timestamp":"2025-07-16 15:31:21"}
{"level":"info","message":"✅ Connected to MySQL database","service":"david-academy-api","timestamp":"2025-07-16 15:31:22"}
{"level":"info","message":"HTTP server enabled","service":"david-academy-api","timestamp":"2025-07-16 15:31:23"}
{"level":"info","message":"Server listening on port 6040","service":"david-academy-api","timestamp":"2025-07-16 15:31:23"}
{"level":"info","message":"✅ Connected to MySQL database","service":"david-academy-api","timestamp":"2025-07-16 15:31:24"}
{"level":"info","message":"HTTP server enabled","service":"david-academy-api","timestamp":"2025-07-16 15:31:28"}
{"level":"info","message":"Server listening on port 6040","service":"david-academy-api","timestamp":"2025-07-16 15:31:28"}
{"level":"info","message":"✅ Connected to MySQL database","service":"david-academy-api","timestamp":"2025-07-16 15:31:29"}
{"level":"info","message":"HTTP server enabled","service":"david-academy-api","timestamp":"2025-07-16 15:31:31"}
{"level":"info","message":"Server listening on port 6040","service":"david-academy-api","timestamp":"2025-07-16 15:31:31"}
{"level":"info","message":"HTTP server enabled","service":"david-academy-api","timestamp":"2025-07-16 15:31:32"}
{"level":"info","message":"Server listening on port 6040","service":"david-academy-api","timestamp":"2025-07-16 15:31:32"}
{"level":"info","message":"✅ Connected to MySQL database","service":"david-academy-api","timestamp":"2025-07-16 15:31:34"}
{"level":"info","message":"HTTP server enabled","service":"david-academy-api","timestamp":"2025-07-16 15:31:46"}
{"level":"info","message":"Server listening on port 6040","service":"david-academy-api","timestamp":"2025-07-16 15:31:46"}
{"level":"info","message":"✅ Connected to MySQL database","service":"david-academy-api","timestamp":"2025-07-16 15:31:47"}
{"level":"info","message":"HTTP server enabled","service":"david-academy-api","timestamp":"2025-07-16 15:32:11"}
{"level":"info","message":"Server listening on port 6040","service":"david-academy-api","timestamp":"2025-07-16 15:32:12"}
{"level":"info","message":"✅ Connected to MySQL database","service":"david-academy-api","timestamp":"2025-07-16 15:32:13"}
{"level":"info","message":"HTTP server enabled","service":"david-academy-api","timestamp":"2025-07-16 15:32:19"}
{"level":"info","message":"Server listening on port 6040","service":"david-academy-api","timestamp":"2025-07-16 15:32:19"}
{"level":"info","message":"✅ Connected to MySQL database","service":"david-academy-api","timestamp":"2025-07-16 15:32:20"}
{"level":"info","message":"HTTP server enabled","service":"david-academy-api","timestamp":"2025-07-16 15:32:43"}
{"level":"info","message":"Server listening on port 6040","service":"david-academy-api","timestamp":"2025-07-16 15:32:44"}
{"level":"info","message":"✅ Connected to MySQL database","service":"david-academy-api","timestamp":"2025-07-16 15:32:45"}
{"level":"info","message":"HTTP server enabled","service":"david-academy-api","timestamp":"2025-07-16 15:32:49"}
{"level":"info","message":"Server listening on port 6040","service":"david-academy-api","timestamp":"2025-07-16 15:32:49"}
{"level":"info","message":"✅ Connected to MySQL database","service":"david-academy-api","timestamp":"2025-07-16 15:32:50"}
{"level":"info","message":"HTTP server enabled","service":"david-academy-api","timestamp":"2025-07-16 15:32:56"}
{"level":"info","message":"Server listening on port 6040","service":"david-academy-api","timestamp":"2025-07-16 15:32:56"}
{"level":"info","message":"✅ Connected to MySQL database","service":"david-academy-api","timestamp":"2025-07-16 15:32:57"}
{"level":"info","message":"HTTP server enabled","service":"david-academy-api","timestamp":"2025-07-16 15:33:00"}
{"level":"info","message":"Server listening on port 6040","service":"david-academy-api","timestamp":"2025-07-16 15:33:00"}
{"level":"info","message":"✅ Connected to MySQL database","service":"david-academy-api","timestamp":"2025-07-16 15:33:01"}
{"level":"info","message":"HTTP server enabled","service":"david-academy-api","timestamp":"2025-07-16 15:33:22"}
{"level":"info","message":"Server listening on port 6040","service":"david-academy-api","timestamp":"2025-07-16 15:33:23"}
{"level":"info","message":"✅ Connected to MySQL database","service":"david-academy-api","timestamp":"2025-07-16 15:33:24"}
{"level":"info","message":"HTTP server enabled","service":"david-academy-api","timestamp":"2025-07-16 15:33:25"}
{"level":"info","message":"Server listening on port 6040","service":"david-academy-api","timestamp":"2025-07-16 15:33:25"}
{"level":"info","message":"✅ Connected to MySQL database","service":"david-academy-api","timestamp":"2025-07-16 15:33:26"}
{"level":"info","message":"HTTP server enabled","service":"david-academy-api","timestamp":"2025-07-16 15:33:30"}
{"level":"info","message":"Server listening on port 6040","service":"david-academy-api","timestamp":"2025-07-16 15:33:30"}
{"level":"info","message":"✅ Connected to MySQL database","service":"david-academy-api","timestamp":"2025-07-16 15:33:31"}
{"level":"info","message":"HTTP server enabled","service":"david-academy-api","timestamp":"2025-07-16 15:33:47"}
{"level":"info","message":"Server listening on port 6040","service":"david-academy-api","timestamp":"2025-07-16 15:33:47"}
{"level":"info","message":"✅ Connected to MySQL database","service":"david-academy-api","timestamp":"2025-07-16 15:33:49"}
{"level":"info","message":"HTTP server enabled","service":"david-academy-api","timestamp":"2025-07-16 15:33:53"}
{"level":"info","message":"Server listening on port 6040","service":"david-academy-api","timestamp":"2025-07-16 15:33:54"}
{"level":"info","message":"✅ Connected to MySQL database","service":"david-academy-api","timestamp":"2025-07-16 15:33:54"}
{"level":"info","message":"HTTP server enabled","service":"david-academy-api","timestamp":"2025-07-16 15:33:55"}
{"level":"info","message":"Server listening on port 6040","service":"david-academy-api","timestamp":"2025-07-16 15:33:55"}
{"level":"info","message":"✅ Connected to MySQL database","service":"david-academy-api","timestamp":"2025-07-16 15:33:59"}
{"level":"info","message":"HTTP server enabled","service":"david-academy-api","timestamp":"2025-07-16 15:34:03"}
{"level":"info","message":"Server listening on port 6040","service":"david-academy-api","timestamp":"2025-07-16 15:34:03"}
{"level":"info","message":"✅ Connected to MySQL database","service":"david-academy-api","timestamp":"2025-07-16 15:34:04"}
{"level":"info","message":"HTTP server enabled","service":"david-academy-api","timestamp":"2025-07-16 15:34:14"}
{"level":"info","message":"Server listening on port 6040","service":"david-academy-api","timestamp":"2025-07-16 15:34:14"}
{"level":"info","message":"HTTP server enabled","service":"david-academy-api","timestamp":"2025-07-16 15:34:15"}
{"level":"info","message":"Server listening on port 6040","service":"david-academy-api","timestamp":"2025-07-16 15:34:16"}
{"level":"info","message":"✅ Connected to MySQL database","service":"david-academy-api","timestamp":"2025-07-16 15:34:17"}
{"level":"info","message":"HTTP server enabled","service":"david-academy-api","timestamp":"2025-07-16 15:34:21"}
{"level":"info","message":"Server listening on port 6040","service":"david-academy-api","timestamp":"2025-07-16 15:34:22"}
{"level":"info","message":"✅ Connected to MySQL database","service":"david-academy-api","timestamp":"2025-07-16 15:34:22"}
{"level":"info","message":"HTTP server enabled","service":"david-academy-api","timestamp":"2025-07-16 15:34:23"}
{"level":"info","message":"Server listening on port 6040","service":"david-academy-api","timestamp":"2025-07-16 15:34:24"}
{"level":"info","message":"✅ Connected to MySQL database","service":"david-academy-api","timestamp":"2025-07-16 15:34:25"}
{"level":"info","message":"HTTP server enabled","service":"david-academy-api","timestamp":"2025-07-16 15:34:39"}
{"level":"info","message":"Server listening on port 6040","service":"david-academy-api","timestamp":"2025-07-16 15:34:39"}
{"level":"info","message":"✅ Connected to MySQL database","service":"david-academy-api","timestamp":"2025-07-16 15:34:40"}
{"level":"info","message":"HTTP server enabled","service":"david-academy-api","timestamp":"2025-07-16 15:34:41"}
{"level":"info","message":"Server listening on port 6040","service":"david-academy-api","timestamp":"2025-07-16 15:34:41"}
{"level":"info","message":"HTTP server enabled","service":"david-academy-api","timestamp":"2025-07-16 15:34:43"}
{"level":"info","message":"Server listening on port 6040","service":"david-academy-api","timestamp":"2025-07-16 15:34:43"}
{"level":"info","message":"HTTP server enabled","service":"david-academy-api","timestamp":"2025-07-16 15:34:44"}
{"level":"info","message":"Server listening on port 6040","service":"david-academy-api","timestamp":"2025-07-16 15:34:44"}
{"level":"info","message":"✅ Connected to MySQL database","service":"david-academy-api","timestamp":"2025-07-16 15:34:45"}
{"level":"info","message":"HTTP server enabled","service":"david-academy-api","timestamp":"2025-07-16 15:34:50"}
{"level":"info","message":"Server listening on port 6040","service":"david-academy-api","timestamp":"2025-07-16 15:34:50"}
{"level":"info","message":"HTTP server enabled","service":"david-academy-api","timestamp":"2025-07-16 15:34:51"}
{"level":"info","message":"Server listening on port 6040","service":"david-academy-api","timestamp":"2025-07-16 15:34:52"}
{"level":"info","message":"✅ Connected to MySQL database","service":"david-academy-api","timestamp":"2025-07-16 15:34:53"}
{"level":"info","message":"HTTP server enabled","service":"david-academy-api","timestamp":"2025-07-16 15:34:55"}
{"level":"info","message":"Server listening on port 6040","service":"david-academy-api","timestamp":"2025-07-16 15:34:55"}
{"level":"info","message":"✅ Connected to MySQL database","service":"david-academy-api","timestamp":"2025-07-16 15:34:57"}
{"level":"info","message":"HTTP server enabled","service":"david-academy-api","timestamp":"2025-07-16 15:35:07"}
{"level":"info","message":"Server listening on port 6040","service":"david-academy-api","timestamp":"2025-07-16 15:35:08"}
{"level":"info","message":"✅ Connected to MySQL database","service":"david-academy-api","timestamp":"2025-07-16 15:35:09"}
{"level":"info","message":"HTTP server enabled","service":"david-academy-api","timestamp":"2025-07-16 15:35:16"}
{"level":"info","message":"Server listening on port 6040","service":"david-academy-api","timestamp":"2025-07-16 15:35:16"}
{"level":"info","message":"✅ Connected to MySQL database","service":"david-academy-api","timestamp":"2025-07-16 15:35:17"}
{"level":"info","message":"HTTP server enabled","service":"david-academy-api","timestamp":"2025-07-16 15:35:20"}
{"level":"info","message":"Server listening on port 6040","service":"david-academy-api","timestamp":"2025-07-16 15:35:20"}
{"level":"info","message":"✅ Connected to MySQL database","service":"david-academy-api","timestamp":"2025-07-16 15:35:21"}
{"level":"info","message":"HTTP server enabled","service":"david-academy-api","timestamp":"2025-07-16 15:35:23"}
{"level":"info","message":"Server listening on port 6040","service":"david-academy-api","timestamp":"2025-07-16 15:35:24"}
{"level":"info","message":"✅ Connected to MySQL database","service":"david-academy-api","timestamp":"2025-07-16 15:35:25"}
{"level":"info","message":"HTTP server enabled","service":"david-academy-api","timestamp":"2025-07-16 15:35:42"}
{"level":"info","message":"Server listening on port 6040","service":"david-academy-api","timestamp":"2025-07-16 15:35:42"}
{"level":"info","message":"✅ Connected to MySQL database","service":"david-academy-api","timestamp":"2025-07-16 15:35:44"}
{"level":"info","message":"HTTP server enabled","service":"david-academy-api","timestamp":"2025-07-16 15:36:12"}
{"level":"info","message":"Server listening on port 6040","service":"david-academy-api","timestamp":"2025-07-16 15:36:13"}
{"level":"info","message":"✅ Connected to MySQL database","service":"david-academy-api","timestamp":"2025-07-16 15:36:14"}
{"level":"info","message":"HTTP server enabled","service":"david-academy-api","timestamp":"2025-07-16 15:36:23"}
{"level":"info","message":"Server listening on port 6040","service":"david-academy-api","timestamp":"2025-07-16 15:36:24"}
{"level":"info","message":"✅ Connected to MySQL database","service":"david-academy-api","timestamp":"2025-07-16 15:36:25"}
{"level":"info","message":"HTTP server enabled","service":"david-academy-api","timestamp":"2025-07-16 15:36:29"}
{"level":"info","message":"Server listening on port 6040","service":"david-academy-api","timestamp":"2025-07-16 15:36:29"}
{"level":"info","message":"✅ Connected to MySQL database","service":"david-academy-api","timestamp":"2025-07-16 15:36:31"}
{"level":"info","message":"HTTP server enabled","service":"david-academy-api","timestamp":"2025-07-16 15:36:33"}
{"level":"info","message":"Server listening on port 6040","service":"david-academy-api","timestamp":"2025-07-16 15:36:33"}
{"level":"info","message":"✅ Connected to MySQL database","service":"david-academy-api","timestamp":"2025-07-16 15:36:34"}
{"level":"info","message":"HTTP server enabled","service":"david-academy-api","timestamp":"2025-07-16 15:37:36"}
{"level":"info","message":"Server listening on port 6040","service":"david-academy-api","timestamp":"2025-07-16 15:37:37"}
{"level":"info","message":"✅ Connected to MySQL database","service":"david-academy-api","timestamp":"2025-07-16 15:37:38"}
{"level":"info","message":"HTTP server enabled","service":"david-academy-api","timestamp":"2025-07-16 15:38:03"}
{"level":"info","message":"Server listening on port 6040","service":"david-academy-api","timestamp":"2025-07-16 15:38:03"}
{"level":"info","message":"HTTP server enabled","service":"david-academy-api","timestamp":"2025-07-16 15:38:04"}
{"level":"info","message":"Server listening on port 6040","service":"david-academy-api","timestamp":"2025-07-16 15:38:04"}
{"level":"info","message":"✅ Connected to MySQL database","service":"david-academy-api","timestamp":"2025-07-16 15:38:05"}
{"level":"info","message":"HTTP server enabled","service":"david-academy-api","timestamp":"2025-07-16 15:38:57"}
{"level":"info","message":"Server listening on port 6040","service":"david-academy-api","timestamp":"2025-07-16 15:38:57"}
{"level":"info","message":"✅ Connected to MySQL database","service":"david-academy-api","timestamp":"2025-07-16 15:38:59"}
{"level":"info","message":"HTTP server enabled","service":"david-academy-api","timestamp":"2025-07-16 15:39:11"}
{"level":"info","message":"Server listening on port 6040","service":"david-academy-api","timestamp":"2025-07-16 15:39:11"}
{"level":"info","message":"✅ Connected to MySQL database","service":"david-academy-api","timestamp":"2025-07-16 15:39:12"}
{"level":"info","message":"HTTP server enabled","service":"david-academy-api","timestamp":"2025-07-16 15:39:20"}
{"level":"info","message":"Server listening on port 6040","service":"david-academy-api","timestamp":"2025-07-16 15:39:20"}
{"level":"info","message":"✅ Connected to MySQL database","service":"david-academy-api","timestamp":"2025-07-16 15:39:21"}
{"level":"info","message":"HTTP server enabled","service":"david-academy-api","timestamp":"2025-07-16 15:39:27"}
{"level":"info","message":"Server listening on port 6040","service":"david-academy-api","timestamp":"2025-07-16 15:39:27"}
{"level":"info","message":"✅ Connected to MySQL database","service":"david-academy-api","timestamp":"2025-07-16 15:39:28"}
{"level":"info","message":"HTTP server enabled","service":"david-academy-api","timestamp":"2025-07-16 15:39:31"}
{"level":"info","message":"Server listening on port 6040","service":"david-academy-api","timestamp":"2025-07-16 15:39:31"}
{"level":"info","message":"✅ Connected to MySQL database","service":"david-academy-api","timestamp":"2025-07-16 15:39:32"}
{"level":"info","message":"HTTP server enabled","service":"david-academy-api","timestamp":"2025-07-16 15:39:35"}
{"level":"info","message":"Server listening on port 6040","service":"david-academy-api","timestamp":"2025-07-16 15:39:35"}
{"level":"info","message":"✅ Connected to MySQL database","service":"david-academy-api","timestamp":"2025-07-16 15:39:36"}
{"level":"info","message":"HTTP server enabled","service":"david-academy-api","timestamp":"2025-07-16 15:39:39"}
{"level":"info","message":"Server listening on port 6040","service":"david-academy-api","timestamp":"2025-07-16 15:39:39"}
{"level":"info","message":"✅ Connected to MySQL database","service":"david-academy-api","timestamp":"2025-07-16 15:39:40"}
{"level":"info","message":"🔄 MySQL keep-alive ping successful","service":"david-academy-api","timestamp":"2025-07-16 15:50:51"}
{"level":"warn","message":"🔄 MySQL keep-alive failed: getaddrinfo ENOTFOUND srv1132.hstgr.io","service":"david-academy-api","timestamp":"2025-07-16 16:01:31"}
{"level":"warn","message":"🔄 MySQL keep-alive failed: getaddrinfo ENOTFOUND srv1132.hstgr.io","service":"david-academy-api","timestamp":"2025-07-16 16:08:43"}
{"level":"info","message":"🔄 MySQL keep-alive ping successful","service":"david-academy-api","timestamp":"2025-07-16 16:15:38"}
{"level":"info","message":"HTTP server enabled","service":"david-academy-api","timestamp":"2025-07-16 16:17:14"}
{"level":"info","message":"Server listening on port 6040","service":"david-academy-api","timestamp":"2025-07-16 16:17:15"}
{"level":"info","message":"✅ Connected to MySQL database","service":"david-academy-api","timestamp":"2025-07-16 16:17:16"}
{"level":"info","message":"HTTP server enabled","service":"david-academy-api","timestamp":"2025-07-16 16:17:46"}
{"level":"info","message":"Server listening on port 6040","service":"david-academy-api","timestamp":"2025-07-16 16:17:46"}
{"level":"info","message":"✅ Connected to MySQL database","service":"david-academy-api","timestamp":"2025-07-16 16:17:48"}
{"level":"info","message":"HTTP server enabled","service":"david-academy-api","timestamp":"2025-07-16 16:17:49"}
{"level":"info","message":"Server listening on port 6040","service":"david-academy-api","timestamp":"2025-07-16 16:17:49"}
{"level":"info","message":"✅ Connected to MySQL database","service":"david-academy-api","timestamp":"2025-07-16 16:17:50"}
{"level":"info","message":"HTTP server enabled","service":"david-academy-api","timestamp":"2025-07-16 16:17:51"}
{"level":"info","message":"Server listening on port 6040","service":"david-academy-api","timestamp":"2025-07-16 16:17:51"}
{"level":"info","message":"✅ Connected to MySQL database","service":"david-academy-api","timestamp":"2025-07-16 16:17:52"}
{"level":"info","message":"🔄 MySQL keep-alive ping successful","service":"david-academy-api","timestamp":"2025-07-16 16:24:22"}
{"level":"info","message":"🔄 MySQL keep-alive ping successful","service":"david-academy-api","timestamp":"2025-07-16 16:29:22"}
{"level":"info","message":"HTTP server enabled","service":"david-academy-api","timestamp":"2025-07-16 16:32:38"}
{"level":"info","message":"Server listening on port 6040","service":"david-academy-api","timestamp":"2025-07-16 16:32:39"}
{"level":"info","message":"✅ Connected to MySQL database","service":"david-academy-api","timestamp":"2025-07-16 16:32:40"}
{"level":"info","message":"HTTP server enabled","service":"david-academy-api","timestamp":"2025-07-16 16:32:43"}
{"level":"info","message":"Server listening on port 6040","service":"david-academy-api","timestamp":"2025-07-16 16:32:44"}
{"level":"info","message":"✅ Connected to MySQL database","service":"david-academy-api","timestamp":"2025-07-16 16:32:45"}
{"level":"info","message":"HTTP server enabled","service":"david-academy-api","timestamp":"2025-07-16 16:32:45"}
{"level":"info","message":"Server listening on port 6040","service":"david-academy-api","timestamp":"2025-07-16 16:32:45"}
{"level":"info","message":"✅ Connected to MySQL database","service":"david-academy-api","timestamp":"2025-07-16 16:32:46"}
{"level":"info","message":"HTTP server enabled","service":"david-academy-api","timestamp":"2025-07-16 16:32:54"}
{"level":"info","message":"Server listening on port 6040","service":"david-academy-api","timestamp":"2025-07-16 16:32:54"}
{"level":"info","message":"✅ Connected to MySQL database","service":"david-academy-api","timestamp":"2025-07-16 16:32:55"}
{"level":"info","message":"🔄 MySQL keep-alive ping successful","service":"david-academy-api","timestamp":"2025-07-16 16:43:16"}
{"level":"info","message":"🔄 MySQL keep-alive ping successful","service":"david-academy-api","timestamp":"2025-07-16 16:48:16"}
{"level":"info","message":"🔄 MySQL keep-alive ping successful","service":"david-academy-api","timestamp":"2025-07-16 16:53:16"}
{"level":"info","message":"HTTP server enabled","service":"david-academy-api","timestamp":"2025-07-16 16:53:59"}
{"level":"info","message":"Server listening on port 6040","service":"david-academy-api","timestamp":"2025-07-16 16:54:00"}
{"level":"info","message":"✅ Connected to MySQL database","service":"david-academy-api","timestamp":"2025-07-16 16:54:00"}
{"level":"info","message":"HTTP server enabled","service":"david-academy-api","timestamp":"2025-07-16 16:54:05"}
{"level":"info","message":"Server listening on port 6040","service":"david-academy-api","timestamp":"2025-07-16 16:54:05"}
{"level":"info","message":"✅ Connected to MySQL database","service":"david-academy-api","timestamp":"2025-07-16 16:54:05"}
{"level":"info","message":"HTTP server enabled","service":"david-academy-api","timestamp":"2025-07-16 16:54:11"}
{"level":"info","message":"Server listening on port 6040","service":"david-academy-api","timestamp":"2025-07-16 16:54:11"}
{"level":"info","message":"✅ Connected to MySQL database","service":"david-academy-api","timestamp":"2025-07-16 16:54:11"}
{"level":"info","message":"HTTP server enabled","service":"david-academy-api","timestamp":"2025-07-16 16:54:24"}
{"level":"info","message":"Server listening on port 6040","service":"david-academy-api","timestamp":"2025-07-16 16:54:25"}
{"level":"info","message":"✅ Connected to MySQL database","service":"david-academy-api","timestamp":"2025-07-16 16:54:25"}
{"level":"info","message":"HTTP server enabled","service":"david-academy-api","timestamp":"2025-07-16 16:57:05"}
{"level":"info","message":"Server listening on port 6040","service":"david-academy-api","timestamp":"2025-07-16 16:57:05"}
{"level":"info","message":"✅ Connected to MySQL database","service":"david-academy-api","timestamp":"2025-07-16 16:57:05"}
{"level":"info","message":"HTTP server enabled","service":"david-academy-api","timestamp":"2025-07-16 16:57:10"}
{"level":"info","message":"Server listening on port 6040","service":"david-academy-api","timestamp":"2025-07-16 16:57:11"}
{"level":"info","message":"✅ Connected to MySQL database","service":"david-academy-api","timestamp":"2025-07-16 16:57:11"}
{"level":"warn","message":"🔄 MySQL keep-alive failed: getaddrinfo ENOTFOUND srv1132.hstgr.io","service":"david-academy-api","timestamp":"2025-07-16 17:21:27"}
{"level":"warn","message":"🔄 MySQL keep-alive failed: getaddrinfo ENOTFOUND srv1132.hstgr.io","service":"david-academy-api","timestamp":"2025-07-17 04:10:10"}
{"level":"warn","message":"🔄 MySQL keep-alive failed: getaddrinfo ENOTFOUND srv1132.hstgr.io","service":"david-academy-api","timestamp":"2025-07-17 09:04:16"}
{"level":"info","message":"🔄 MySQL keep-alive ping successful","service":"david-academy-api","timestamp":"2025-07-17 09:09:17"}
{"level":"info","message":"🔄 MySQL keep-alive ping successful","service":"david-academy-api","timestamp":"2025-07-17 09:14:16"}
{"level":"warn","message":"🔄 MySQL keep-alive failed: getaddrinfo ENOTFOUND srv1132.hstgr.io","service":"david-academy-api","timestamp":"2025-07-17 09:40:31"}
{"level":"warn","message":"🔄 MySQL keep-alive failed: getaddrinfo ENOTFOUND srv1132.hstgr.io","service":"david-academy-api","timestamp":"2025-07-17 09:56:22"}
{"level":"info","message":"🔄 MySQL keep-alive ping successful","service":"david-academy-api","timestamp":"2025-07-17 10:20:55"}
{"level":"info","message":"🔄 MySQL keep-alive ping successful","service":"david-academy-api","timestamp":"2025-07-17 10:25:53"}
{"level":"info","message":"🔄 MySQL keep-alive ping successful","service":"david-academy-api","timestamp":"2025-07-17 10:30:53"}
{"level":"info","message":"🔄 MySQL keep-alive ping successful","service":"david-academy-api","timestamp":"2025-07-17 10:35:53"}
{"level":"info","message":"🔄 MySQL keep-alive ping successful","service":"david-academy-api","timestamp":"2025-07-17 10:40:53"}
{"level":"info","message":"🔄 MySQL keep-alive ping successful","service":"david-academy-api","timestamp":"2025-07-17 10:45:53"}
{"level":"info","message":"🔄 MySQL keep-alive ping successful","service":"david-academy-api","timestamp":"2025-07-17 10:50:53"}
{"level":"info","message":"🔄 MySQL keep-alive ping successful","service":"david-academy-api","timestamp":"2025-07-17 10:55:53"}
{"level":"info","message":"🔄 MySQL keep-alive ping successful","service":"david-academy-api","timestamp":"2025-07-17 11:15:42"}
{"level":"info","message":"HTTP server enabled","service":"david-academy-api","timestamp":"2025-07-17 11:16:16"}
{"level":"info","message":"Server listening on port 6040","service":"david-academy-api","timestamp":"2025-07-17 11:16:23"}
{"level":"info","message":"✅ Connected to MySQL database","service":"david-academy-api","timestamp":"2025-07-17 11:16:23"}
{"level":"info","message":"🔄 MySQL keep-alive ping successful","service":"david-academy-api","timestamp":"2025-07-17 11:21:18"}
{"level":"info","message":"🔄 MySQL keep-alive ping successful","service":"david-academy-api","timestamp":"2025-07-17 11:26:18"}
{"level":"info","message":"🔄 MySQL keep-alive ping successful","service":"david-academy-api","timestamp":"2025-07-17 11:34:21"}
{"level":"info","message":"🔄 MySQL keep-alive ping successful","service":"david-academy-api","timestamp":"2025-07-17 11:39:20"}
{"level":"info","message":"🔄 MySQL keep-alive ping successful","service":"david-academy-api","timestamp":"2025-07-17 11:44:20"}
{"level":"info","message":"🔄 MySQL keep-alive ping successful","service":"david-academy-api","timestamp":"2025-07-17 11:49:20"}
{"level":"info","message":"🔄 MySQL keep-alive ping successful","service":"david-academy-api","timestamp":"2025-07-17 11:54:21"}
{"level":"info","message":"📥 Received request to add new question","service":"david-academy-api","timestamp":"2025-07-17 11:54:28"}
{"level":"info","message":"✅ insertFillTheBlanksQuestion: Inserted question ID=40","service":"david-academy-api","timestamp":"2025-07-17 11:54:28"}
{"level":"info","message":"✅ Added dropdown question with ID: 40","service":"david-academy-api","timestamp":"2025-07-17 11:54:28"}
{"level":"error","message":"FillTheBlanks Question content: Failed to insert question text for questionId=40: Error: ER_BAD_NULL_ERROR: Column 'answers' cannot be null\n    at Sequence._packetToError (C:\\Users\\anant\\OneDrive\\Desktop\\LUNAR_BACKEND\\Davids_academy_backend\\node_modules\\mysql\\lib\\protocol\\sequences\\Sequence.js:47:14)\n    at Query.ErrorPacket (C:\\Users\\anant\\OneDrive\\Desktop\\LUNAR_BACKEND\\Davids_academy_backend\\node_modules\\mysql\\lib\\protocol\\sequences\\Query.js:79:18)\n    at Protocol._parsePacket (C:\\Users\\anant\\OneDrive\\Desktop\\LUNAR_BACKEND\\Davids_academy_backend\\node_modules\\mysql\\lib\\protocol\\Protocol.js:291:23)\n    at Parser._parsePacket (C:\\Users\\anant\\OneDrive\\Desktop\\LUNAR_BACKEND\\Davids_academy_backend\\node_modules\\mysql\\lib\\protocol\\Parser.js:433:10)\n    at Parser.write (C:\\Users\\anant\\OneDrive\\Desktop\\LUNAR_BACKEND\\Davids_academy_backend\\node_modules\\mysql\\lib\\protocol\\Parser.js:43:10)\n    at Protocol.write (C:\\Users\\anant\\OneDrive\\Desktop\\LUNAR_BACKEND\\Davids_academy_backend\\node_modules\\mysql\\lib\\protocol\\Protocol.js:38:16)\n    at Socket.<anonymous> (C:\\Users\\anant\\OneDrive\\Desktop\\LUNAR_BACKEND\\Davids_academy_backend\\node_modules\\mysql\\lib\\Connection.js:88:28)\n    at Socket.<anonymous> (C:\\Users\\anant\\OneDrive\\Desktop\\LUNAR_BACKEND\\Davids_academy_backend\\node_modules\\mysql\\lib\\Connection.js:526:10)\n    at Socket.emit (node:events:518:28)\n    at addChunk (node:internal/streams/readable:561:12)\n    --------------------\n    at Pool.query (C:\\Users\\anant\\OneDrive\\Desktop\\LUNAR_BACKEND\\Davids_academy_backend\\node_modules\\mysql\\lib\\Pool.js:199:23)\n    at node:internal/util:432:7\n    at new Promise (<anonymous>)\n    at Pool.<anonymous> (node:internal/util:418:12)\n    at Object.insertFillBlankQuestionContent (C:\\Users\\anant\\OneDrive\\Desktop\\LUNAR_BACKEND\\Davids_academy_backend\\model\\admin\\examModels.js:345:30)\n    at module.exports.createQuestion (C:\\Users\\anant\\OneDrive\\Desktop\\LUNAR_BACKEND\\Davids_academy_backend\\controller\\admin\\examControllers.js:375:29)\n    at process.processTicksAndRejections (node:internal/process/task_queues:95:5) {\n  [stack]: \"Error: ER_BAD_NULL_ERROR: Column 'answers' cannot be null\\n\" +\n    '    at Sequence._packetToError (C:\\\\Users\\\\anant\\\\OneDrive\\\\Desktop\\\\LUNAR_BACKEND\\\\Davids_academy_backend\\\\node_modules\\\\mysql\\\\lib\\\\protocol\\\\sequences\\\\Sequence.js:47:14)\\n' +\n    '    at Query.ErrorPacket (C:\\\\Users\\\\anant\\\\OneDrive\\\\Desktop\\\\LUNAR_BACKEND\\\\Davids_academy_backend\\\\node_modules\\\\mysql\\\\lib\\\\protocol\\\\sequences\\\\Query.js:79:18)\\n' +\n    '    at Protocol._parsePacket (C:\\\\Users\\\\anant\\\\OneDrive\\\\Desktop\\\\LUNAR_BACKEND\\\\Davids_academy_backend\\\\node_modules\\\\mysql\\\\lib\\\\protocol\\\\Protocol.js:291:23)\\n' +\n    '    at Parser._parsePacket (C:\\\\Users\\\\anant\\\\OneDrive\\\\Desktop\\\\LUNAR_BACKEND\\\\Davids_academy_backend\\\\node_modules\\\\mysql\\\\lib\\\\protocol\\\\Parser.js:433:10)\\n' +\n    '    at Parser.write (C:\\\\Users\\\\anant\\\\OneDrive\\\\Desktop\\\\LUNAR_BACKEND\\\\Davids_academy_backend\\\\node_modules\\\\mysql\\\\lib\\\\protocol\\\\Parser.js:43:10)\\n' +\n    '    at Protocol.write (C:\\\\Users\\\\anant\\\\OneDrive\\\\Desktop\\\\LUNAR_BACKEND\\\\Davids_academy_backend\\\\node_modules\\\\mysql\\\\lib\\\\protocol\\\\Protocol.js:38:16)\\n' +\n    '    at Socket.<anonymous> (C:\\\\Users\\\\anant\\\\OneDrive\\\\Desktop\\\\LUNAR_BACKEND\\\\Davids_academy_backend\\\\node_modules\\\\mysql\\\\lib\\\\Connection.js:88:28)\\n' +\n    '    at Socket.<anonymous> (C:\\\\Users\\\\anant\\\\OneDrive\\\\Desktop\\\\LUNAR_BACKEND\\\\Davids_academy_backend\\\\node_modules\\\\mysql\\\\lib\\\\Connection.js:526:10)\\n' +\n    '    at Socket.emit (node:events:518:28)\\n' +\n    '    at addChunk (node:internal/streams/readable:561:12)\\n' +\n    '    --------------------\\n' +\n    '    at Pool.query (C:\\\\Users\\\\anant\\\\OneDrive\\\\Desktop\\\\LUNAR_BACKEND\\\\Davids_academy_backend\\\\node_modules\\\\mysql\\\\lib\\\\Pool.js:199:23)\\n' +\n    '    at node:internal/util:432:7\\n' +\n    '    at new Promise (<anonymous>)\\n' +\n    '    at Pool.<anonymous> (node:internal/util:418:12)\\n' +\n    '    at Object.insertFillBlankQuestionContent (C:\\\\Users\\\\anant\\\\OneDrive\\\\Desktop\\\\LUNAR_BACKEND\\\\Davids_academy_backend\\\\model\\\\admin\\\\examModels.js:345:30)\\n' +\n    '    at module.exports.createQuestion (C:\\\\Users\\\\anant\\\\OneDrive\\\\Desktop\\\\LUNAR_BACKEND\\\\Davids_academy_backend\\\\controller\\\\admin\\\\examControllers.js:375:29)\\n' +\n    '    at process.processTicksAndRejections (node:internal/process/task_queues:95:5)',\n  [message]: \"ER_BAD_NULL_ERROR: Column 'answers' cannot be null\",\n  code: 'ER_BAD_NULL_ERROR',\n  errno: 1048,\n  sqlMessage: \"Column 'answers' cannot be null\",\n  sqlState: '23000',\n  index: 0,\n  sql: \"INSERT INTO tb_fillTheBlanks (question_id,question_text,answers,blankOrNot) VALUES (40,'Turn on the suction device and set appropriate pressure.',NULL,NULL)\"\n}","service":"david-academy-api","timestamp":"2025-07-17 11:54:28"}
{"level":"error","message":"❌ Failed to add question: ER_BAD_NULL_ERROR: Column 'answers' cannot be null","service":"david-academy-api","timestamp":"2025-07-17 11:54:28"}
{"level":"info","message":"POST /api/exam/question 500 265ms","meta":{"req":{"headers":{"accept":"*/*","accept-encoding":"gzip, deflate, br","cache-control":"no-cache","connection":"keep-alive","content-length":"1507","content-type":"application/json","host":"localhost:6040","postman-token":"d82412cb-5823-47b1-a487-dfe9a05e193d","user-agent":"PostmanRuntime/7.44.1"},"httpVersion":"1.1","method":"POST","originalUrl":"/api/exam/question","query":{},"url":"/api/exam/question"},"res":{"statusCode":500},"responseTime":265},"service":"david-academy-api","timestamp":"2025-07-17 11:54:28"}
{"level":"info","message":"🔄 MySQL keep-alive ping successful","service":"david-academy-api","timestamp":"2025-07-17 11:59:20"}
{"level":"info","message":"🔄 MySQL keep-alive ping successful","service":"david-academy-api","timestamp":"2025-07-17 12:04:20"}
{"level":"info","message":"🔄 MySQL keep-alive ping successful","service":"david-academy-api","timestamp":"2025-07-17 12:09:20"}
{"level":"info","message":"🔄 MySQL keep-alive ping successful","service":"david-academy-api","timestamp":"2025-07-17 12:14:20"}
{"level":"info","message":"🔄 MySQL keep-alive ping successful","service":"david-academy-api","timestamp":"2025-07-17 12:19:20"}
{"level":"info","message":"📥 Received request to add new question","service":"david-academy-api","timestamp":"2025-07-17 12:22:17"}
{"level":"info","message":"✅ insertFillTheBlanksQuestion: Inserted question ID=41","service":"david-academy-api","timestamp":"2025-07-17 12:22:18"}
{"level":"info","message":"✅ Added dropdown question with ID: 41","service":"david-academy-api","timestamp":"2025-07-17 12:22:18"}
{"level":"info","message":"insert FillTheBlanks Question content: Inserted question text for questionId=41","service":"david-academy-api","timestamp":"2025-07-17 12:22:18"}
{"level":"error","message":"❌ Failed to add question: fill_blanks_answer is not defined","service":"david-academy-api","timestamp":"2025-07-17 12:22:18"}
{"level":"info","message":"POST /api/exam/question 500 333ms","meta":{"req":{"headers":{"accept":"*/*","accept-encoding":"gzip, deflate, br","cache-control":"no-cache","connection":"keep-alive","content-length":"1500","content-type":"application/json","host":"localhost:6040","postman-token":"dbbfe7d1-f518-42ca-b7e0-6776809b9a7f","user-agent":"PostmanRuntime/7.44.1"},"httpVersion":"1.1","method":"POST","originalUrl":"/api/exam/question","query":{},"url":"/api/exam/question"},"res":{"statusCode":500},"responseTime":333},"service":"david-academy-api","timestamp":"2025-07-17 12:22:18"}
{"level":"info","message":"🔄 MySQL keep-alive ping successful","service":"david-academy-api","timestamp":"2025-07-17 12:24:20"}
{"level":"info","message":"🔄 MySQL keep-alive ping successful","service":"david-academy-api","timestamp":"2025-07-17 12:29:20"}
{"level":"info","message":"HTTP server enabled","service":"david-academy-api","timestamp":"2025-07-17 12:33:56"}
{"level":"info","message":"Server listening on port 6040","service":"david-academy-api","timestamp":"2025-07-17 12:33:56"}
{"level":"info","message":"✅ Connected to MySQL database","service":"david-academy-api","timestamp":"2025-07-17 12:33:57"}
{"level":"info","message":"HTTP server enabled","service":"david-academy-api","timestamp":"2025-07-17 12:34:05"}
{"level":"info","message":"Server listening on port 6040","service":"david-academy-api","timestamp":"2025-07-17 12:34:05"}
{"level":"info","message":"✅ Connected to MySQL database","service":"david-academy-api","timestamp":"2025-07-17 12:34:05"}
{"level":"info","message":"HTTP server enabled","service":"david-academy-api","timestamp":"2025-07-17 12:38:36"}
{"level":"info","message":"Server listening on port 6040","service":"david-academy-api","timestamp":"2025-07-17 12:38:36"}
{"level":"info","message":"✅ Connected to MySQL database","service":"david-academy-api","timestamp":"2025-07-17 12:38:36"}
{"level":"info","message":"📥 Received request to add new question","service":"david-academy-api","timestamp":"2025-07-17 12:38:41"}
{"level":"info","message":"✅ insertFillTheBlanksQuestion: Inserted question ID=42","service":"david-academy-api","timestamp":"2025-07-17 12:38:42"}
{"level":"info","message":"✅ Added dropdown question with ID: 42","service":"david-academy-api","timestamp":"2025-07-17 12:38:42"}
{"level":"info","message":"insert FillTheBlanks Question content: Inserted question text for questionId=42","service":"david-academy-api","timestamp":"2025-07-17 12:38:42"}
{"level":"info","message":"📄 Inserted fill in the blanks text \"Turn on the suction device and set appropriate pressure.\" with answer some disease  for question 42","service":"david-academy-api","timestamp":"2025-07-17 12:38:42"}
{"level":"info","message":"insert FillTheBlanks Question content: Inserted question text for questionId=42","service":"david-academy-api","timestamp":"2025-07-17 12:38:42"}
{"level":"info","message":"📄 Inserted fill in the blanks text \"and\" with answer symptoms  for question 42","service":"david-academy-api","timestamp":"2025-07-17 12:38:42"}
{"level":"info","message":"insert FillTheBlanks Question content: Inserted question text for questionId=42","service":"david-academy-api","timestamp":"2025-07-17 12:38:42"}
{"level":"info","message":"📄 Inserted fill in the blanks text \"if the condition is not managed\" with answer   for question 42","service":"david-academy-api","timestamp":"2025-07-17 12:38:42"}
{"level":"error","message":"❌ Failed to add question: options is not iterable","service":"david-academy-api","timestamp":"2025-07-17 12:38:42"}
{"level":"info","message":"POST /api/exam/question 500 411ms","meta":{"req":{"headers":{"accept":"*/*","accept-encoding":"gzip, deflate, br","cache-control":"no-cache","connection":"keep-alive","content-length":"1500","content-type":"application/json","host":"localhost:6040","postman-token":"b01adc25-6f76-4f24-849d-b3669622ebd7","user-agent":"PostmanRuntime/7.44.1"},"httpVersion":"1.1","method":"POST","originalUrl":"/api/exam/question","query":{},"url":"/api/exam/question"},"res":{"statusCode":500},"responseTime":411},"service":"david-academy-api","timestamp":"2025-07-17 12:38:42"}
{"level":"info","message":"HTTP server enabled","service":"david-academy-api","timestamp":"2025-07-17 12:40:47"}
{"level":"info","message":"Server listening on port 6040","service":"david-academy-api","timestamp":"2025-07-17 12:40:48"}
{"level":"info","message":"✅ Connected to MySQL database","service":"david-academy-api","timestamp":"2025-07-17 12:40:48"}
{"level":"info","message":"📥 Received request to add new question","service":"david-academy-api","timestamp":"2025-07-17 12:43:20"}
{"level":"info","message":"✅ insertFillTheBlanksQuestion: Inserted question ID=43","service":"david-academy-api","timestamp":"2025-07-17 12:43:21"}
{"level":"info","message":"✅ Added dropdown question with ID: 43","service":"david-academy-api","timestamp":"2025-07-17 12:43:21"}
{"level":"info","message":"insert FillTheBlanks Question content: Inserted question text for questionId=43","service":"david-academy-api","timestamp":"2025-07-17 12:43:21"}
{"level":"info","message":"📄 Inserted fill in the blanks text \"Turn on the suction device and set appropriate pressure.\" with answer some disease  for question 43","service":"david-academy-api","timestamp":"2025-07-17 12:43:21"}
{"level":"info","message":"insert FillTheBlanks Question content: Inserted question text for questionId=43","service":"david-academy-api","timestamp":"2025-07-17 12:43:21"}
{"level":"info","message":"📄 Inserted fill in the blanks text \"and\" with answer symptoms  for question 43","service":"david-academy-api","timestamp":"2025-07-17 12:43:21"}
{"level":"info","message":"insert FillTheBlanks Question content: Inserted question text for questionId=43","service":"david-academy-api","timestamp":"2025-07-17 12:43:21"}
{"level":"info","message":"📄 Inserted fill in the blanks text \"if the condition is not managed\" with answer   for question 43","service":"david-academy-api","timestamp":"2025-07-17 12:43:21"}
{"level":"error","message":"FillTheBlanks Question option: Failed to insert question option for questionId=43: Error: ER_PARSE_ERROR: You have an error in your SQL syntax; check the manual that corresponds to your MariaDB server version for the right syntax to use near '?)' at line 1\n    at Sequence._packetToError (C:\\Users\\anant\\OneDrive\\Desktop\\LUNAR_BACKEND\\Davids_academy_backend\\node_modules\\mysql\\lib\\protocol\\sequences\\Sequence.js:47:14)\n    at Query.ErrorPacket (C:\\Users\\anant\\OneDrive\\Desktop\\LUNAR_BACKEND\\Davids_academy_backend\\node_modules\\mysql\\lib\\protocol\\sequences\\Query.js:79:18)\n    at Protocol._parsePacket (C:\\Users\\anant\\OneDrive\\Desktop\\LUNAR_BACKEND\\Davids_academy_backend\\node_modules\\mysql\\lib\\protocol\\Protocol.js:291:23)\n    at Parser._parsePacket (C:\\Users\\anant\\OneDrive\\Desktop\\LUNAR_BACKEND\\Davids_academy_backend\\node_modules\\mysql\\lib\\protocol\\Parser.js:433:10)\n    at Parser.write (C:\\Users\\anant\\OneDrive\\Desktop\\LUNAR_BACKEND\\Davids_academy_backend\\node_modules\\mysql\\lib\\protocol\\Parser.js:43:10)\n    at Protocol.write (C:\\Users\\anant\\OneDrive\\Desktop\\LUNAR_BACKEND\\Davids_academy_backend\\node_modules\\mysql\\lib\\protocol\\Protocol.js:38:16)\n    at Socket.<anonymous> (C:\\Users\\anant\\OneDrive\\Desktop\\LUNAR_BACKEND\\Davids_academy_backend\\node_modules\\mysql\\lib\\Connection.js:88:28)\n    at Socket.<anonymous> (C:\\Users\\anant\\OneDrive\\Desktop\\LUNAR_BACKEND\\Davids_academy_backend\\node_modules\\mysql\\lib\\Connection.js:526:10)\n    at Socket.emit (node:events:518:28)\n    at addChunk (node:internal/streams/readable:561:12)\n    --------------------\n    at Pool.query (C:\\Users\\anant\\OneDrive\\Desktop\\LUNAR_BACKEND\\Davids_academy_backend\\node_modules\\mysql\\lib\\Pool.js:199:23)\n    at node:internal/util:432:7\n    at new Promise (<anonymous>)\n    at Pool.<anonymous> (node:internal/util:418:12)\n    at Object.insertFillBlankQuestionOptions (C:\\Users\\anant\\OneDrive\\Desktop\\LUNAR_BACKEND\\Davids_academy_backend\\model\\admin\\examModels.js:357:30)\n    at module.exports.createQuestion (C:\\Users\\anant\\OneDrive\\Desktop\\LUNAR_BACKEND\\Davids_academy_backend\\controller\\admin\\examControllers.js:379:29)\n    at process.processTicksAndRejections (node:internal/process/task_queues:95:5) {\n  [stack]: \"Error: ER_PARSE_ERROR: You have an error in your SQL syntax; check the manual that corresponds to your MariaDB server version for the right syntax to use near '?)' at line 1\\n\" +\n    '    at Sequence._packetToError (C:\\\\Users\\\\anant\\\\OneDrive\\\\Desktop\\\\LUNAR_BACKEND\\\\Davids_academy_backend\\\\node_modules\\\\mysql\\\\lib\\\\protocol\\\\sequences\\\\Sequence.js:47:14)\\n' +\n    '    at Query.ErrorPacket (C:\\\\Users\\\\anant\\\\OneDrive\\\\Desktop\\\\LUNAR_BACKEND\\\\Davids_academy_backend\\\\node_modules\\\\mysql\\\\lib\\\\protocol\\\\sequences\\\\Query.js:79:18)\\n' +\n    '    at Protocol._parsePacket (C:\\\\Users\\\\anant\\\\OneDrive\\\\Desktop\\\\LUNAR_BACKEND\\\\Davids_academy_backend\\\\node_modules\\\\mysql\\\\lib\\\\protocol\\\\Protocol.js:291:23)\\n' +\n    '    at Parser._parsePacket (C:\\\\Users\\\\anant\\\\OneDrive\\\\Desktop\\\\LUNAR_BACKEND\\\\Davids_academy_backend\\\\node_modules\\\\mysql\\\\lib\\\\protocol\\\\Parser.js:433:10)\\n' +\n    '    at Parser.write (C:\\\\Users\\\\anant\\\\OneDrive\\\\Desktop\\\\LUNAR_BACKEND\\\\Davids_academy_backend\\\\node_modules\\\\mysql\\\\lib\\\\protocol\\\\Parser.js:43:10)\\n' +\n    '    at Protocol.write (C:\\\\Users\\\\anant\\\\OneDrive\\\\Desktop\\\\LUNAR_BACKEND\\\\Davids_academy_backend\\\\node_modules\\\\mysql\\\\lib\\\\protocol\\\\Protocol.js:38:16)\\n' +\n    '    at Socket.<anonymous> (C:\\\\Users\\\\anant\\\\OneDrive\\\\Desktop\\\\LUNAR_BACKEND\\\\Davids_academy_backend\\\\node_modules\\\\mysql\\\\lib\\\\Connection.js:88:28)\\n' +\n    '    at Socket.<anonymous> (C:\\\\Users\\\\anant\\\\OneDrive\\\\Desktop\\\\LUNAR_BACKEND\\\\Davids_academy_backend\\\\node_modules\\\\mysql\\\\lib\\\\Connection.js:526:10)\\n' +\n    '    at Socket.emit (node:events:518:28)\\n' +\n    '    at addChunk (node:internal/streams/readable:561:12)\\n' +\n    '    --------------------\\n' +\n    '    at Pool.query (C:\\\\Users\\\\anant\\\\OneDrive\\\\Desktop\\\\LUNAR_BACKEND\\\\Davids_academy_backend\\\\node_modules\\\\mysql\\\\lib\\\\Pool.js:199:23)\\n' +\n    '    at node:internal/util:432:7\\n' +\n    '    at new Promise (<anonymous>)\\n' +\n    '    at Pool.<anonymous> (node:internal/util:418:12)\\n' +\n    '    at Object.insertFillBlankQuestionOptions (C:\\\\Users\\\\anant\\\\OneDrive\\\\Desktop\\\\LUNAR_BACKEND\\\\Davids_academy_backend\\\\model\\\\admin\\\\examModels.js:357:30)\\n' +\n    '    at module.exports.createQuestion (C:\\\\Users\\\\anant\\\\OneDrive\\\\Desktop\\\\LUNAR_BACKEND\\\\Davids_academy_backend\\\\controller\\\\admin\\\\examControllers.js:379:29)\\n' +\n    '    at process.processTicksAndRejections (node:internal/process/task_queues:95:5)',\n  [message]: \"ER_PARSE_ERROR: You have an error in your SQL syntax; check the manual that corresponds to your MariaDB server version for the right syntax to use near '?)' at line 1\",\n  code: 'ER_PARSE_ERROR',\n  errno: 1064,\n  sqlMessage: \"You have an error in your SQL syntax; check the manual that corresponds to your MariaDB server version for the right syntax to use near '?)' at line 1\",\n  sqlState: '42000',\n  index: 0,\n  sql: \"INSERT INTO tb_fillTheBlanks (question_id,question_text,answers,blankOrNot) VALUES (43,'Option Heading','some disease',?)\"\n}","service":"david-academy-api","timestamp":"2025-07-17 12:43:21"}
{"level":"error","message":"❌ Failed to add question: ER_PARSE_ERROR: You have an error in your SQL syntax; check the manual that corresponds to your MariaDB server version for the right syntax to use near '?)' at line 1","service":"david-academy-api","timestamp":"2025-07-17 12:43:21"}
{"level":"info","message":"POST /api/exam/question 500 717ms","meta":{"req":{"headers":{"accept":"*/*","accept-encoding":"gzip, deflate, br","cache-control":"no-cache","connection":"keep-alive","content-length":"1975","content-type":"application/json","host":"localhost:6040","postman-token":"146dca8c-dd58-45d0-9134-bdce04a8877c","user-agent":"PostmanRuntime/7.44.1"},"httpVersion":"1.1","method":"POST","originalUrl":"/api/exam/question","query":{},"url":"/api/exam/question"},"res":{"statusCode":500},"responseTime":717},"service":"david-academy-api","timestamp":"2025-07-17 12:43:21"}
{"level":"info","message":"HTTP server enabled","service":"david-academy-api","timestamp":"2025-07-17 12:45:09"}
{"level":"info","message":"Server listening on port 6040","service":"david-academy-api","timestamp":"2025-07-17 12:45:10"}
{"level":"info","message":"✅ Connected to MySQL database","service":"david-academy-api","timestamp":"2025-07-17 12:45:10"}
{"level":"info","message":"HTTP server enabled","service":"david-academy-api","timestamp":"2025-07-17 12:45:12"}
{"level":"info","message":"Server listening on port 6040","service":"david-academy-api","timestamp":"2025-07-17 12:45:12"}
{"level":"info","message":"✅ Connected to MySQL database","service":"david-academy-api","timestamp":"2025-07-17 12:45:12"}
{"level":"info","message":"HTTP server enabled","service":"david-academy-api","timestamp":"2025-07-17 12:45:14"}
{"level":"info","message":"Server listening on port 6040","service":"david-academy-api","timestamp":"2025-07-17 12:45:14"}
{"level":"info","message":"✅ Connected to MySQL database","service":"david-academy-api","timestamp":"2025-07-17 12:45:14"}
{"level":"info","message":"HTTP server enabled","service":"david-academy-api","timestamp":"2025-07-17 12:45:19"}
{"level":"info","message":"Server listening on port 6040","service":"david-academy-api","timestamp":"2025-07-17 12:45:19"}
{"level":"info","message":"✅ Connected to MySQL database","service":"david-academy-api","timestamp":"2025-07-17 12:45:19"}
{"level":"info","message":"HTTP server enabled","service":"david-academy-api","timestamp":"2025-07-17 12:45:34"}
{"level":"info","message":"Server listening on port 6040","service":"david-academy-api","timestamp":"2025-07-17 12:45:34"}
{"level":"info","message":"✅ Connected to MySQL database","service":"david-academy-api","timestamp":"2025-07-17 12:45:37"}
{"level":"info","message":"HTTP server enabled","service":"david-academy-api","timestamp":"2025-07-17 12:47:23"}
{"level":"info","message":"Server listening on port 6040","service":"david-academy-api","timestamp":"2025-07-17 12:47:23"}
{"level":"info","message":"✅ Connected to MySQL database","service":"david-academy-api","timestamp":"2025-07-17 12:47:23"}
{"level":"info","message":"HTTP server enabled","service":"david-academy-api","timestamp":"2025-07-17 12:47:27"}
{"level":"info","message":"Server listening on port 6040","service":"david-academy-api","timestamp":"2025-07-17 12:47:27"}
{"level":"info","message":"✅ Connected to MySQL database","service":"david-academy-api","timestamp":"2025-07-17 12:47:27"}
{"level":"info","message":"HTTP server enabled","service":"david-academy-api","timestamp":"2025-07-17 12:47:29"}
{"level":"info","message":"Server listening on port 6040","service":"david-academy-api","timestamp":"2025-07-17 12:47:29"}
{"level":"info","message":"✅ Connected to MySQL database","service":"david-academy-api","timestamp":"2025-07-17 12:47:29"}
{"level":"info","message":"📥 Received request to add new question","service":"david-academy-api","timestamp":"2025-07-17 12:47:45"}
{"level":"info","message":"✅ insertFillTheBlanksQuestion: Inserted question ID=44","service":"david-academy-api","timestamp":"2025-07-17 12:47:45"}
{"level":"info","message":"✅ Added dropdown question with ID: 44","service":"david-academy-api","timestamp":"2025-07-17 12:47:45"}
{"level":"info","message":"insert FillTheBlanks Question content: Inserted question text for questionId=44","service":"david-academy-api","timestamp":"2025-07-17 12:47:45"}
{"level":"info","message":"📄 Inserted fill in the blanks text \"Turn on the suction device and set appropriate pressure.\" with answer some disease  for question 44","service":"david-academy-api","timestamp":"2025-07-17 12:47:45"}
{"level":"info","message":"insert FillTheBlanks Question content: Inserted question text for questionId=44","service":"david-academy-api","timestamp":"2025-07-17 12:47:45"}
{"level":"info","message":"📄 Inserted fill in the blanks text \"and\" with answer symptoms  for question 44","service":"david-academy-api","timestamp":"2025-07-17 12:47:45"}
{"level":"info","message":"insert FillTheBlanks Question content: Inserted question text for questionId=44","service":"david-academy-api","timestamp":"2025-07-17 12:47:45"}
{"level":"info","message":"📄 Inserted fill in the blanks text \"if the condition is not managed\" with answer   for question 44","service":"david-academy-api","timestamp":"2025-07-17 12:47:45"}
{"level":"info","message":"insert FillTheBlanks Options: Inserted question option for questionId=44","service":"david-academy-api","timestamp":"2025-07-17 12:47:45"}
{"level":"info","message":"📄 Inserted fill in the blanks options heading \"Option Heading\" and option some disease for question 44","service":"david-academy-api","timestamp":"2025-07-17 12:47:45"}
{"level":"info","message":"insert FillTheBlanks Options: Inserted question option for questionId=44","service":"david-academy-api","timestamp":"2025-07-17 12:47:45"}
{"level":"info","message":"📄 Inserted fill in the blanks options heading \"Option Heading\" and option fever for question 44","service":"david-academy-api","timestamp":"2025-07-17 12:47:45"}
{"level":"info","message":"insert FillTheBlanks Options: Inserted question option for questionId=44","service":"david-academy-api","timestamp":"2025-07-17 12:47:46"}
{"level":"info","message":"📄 Inserted fill in the blanks options heading \"Option Heading\" and option he is alright for question 44","service":"david-academy-api","timestamp":"2025-07-17 12:47:46"}
{"level":"info","message":"insert FillTheBlanks Options: Inserted question option for questionId=44","service":"david-academy-api","timestamp":"2025-07-17 12:47:46"}
{"level":"info","message":"📄 Inserted fill in the blanks options heading \"Option Heading\" and option symptoms for question 44","service":"david-academy-api","timestamp":"2025-07-17 12:47:46"}
{"level":"info","message":"insertMCQExplanation: Inserted explanation for questionId=44","service":"david-academy-api","timestamp":"2025-07-17 12:47:46"}
{"level":"info","message":"📝 Explanation added for question 44","service":"david-academy-api","timestamp":"2025-07-17 12:47:46"}
{"level":"info","message":"insertAdditionalInfo: Inserted info for questionId=44","service":"david-academy-api","timestamp":"2025-07-17 12:47:46"}
{"level":"info","message":"📝 Additional information added for question 44","service":"david-academy-api","timestamp":"2025-07-17 12:47:46"}
{"level":"error","message":"❌ Failed to add question: sortItems is not defined","service":"david-academy-api","timestamp":"2025-07-17 12:47:46"}
{"level":"info","message":"POST /api/exam/question 500 1181ms","meta":{"req":{"headers":{"accept":"*/*","accept-encoding":"gzip, deflate, br","cache-control":"no-cache","connection":"keep-alive","content-length":"1975","content-type":"application/json","host":"localhost:6040","postman-token":"4c03ab7c-56f9-4a70-ae40-d61600052bf1","user-agent":"PostmanRuntime/7.44.1"},"httpVersion":"1.1","method":"POST","originalUrl":"/api/exam/question","query":{},"url":"/api/exam/question"},"res":{"statusCode":500},"responseTime":1181},"service":"david-academy-api","timestamp":"2025-07-17 12:47:46"}
{"level":"info","message":"HTTP server enabled","service":"david-academy-api","timestamp":"2025-07-17 12:48:14"}
{"level":"info","message":"Server listening on port 6040","service":"david-academy-api","timestamp":"2025-07-17 12:48:15"}
{"level":"info","message":"✅ Connected to MySQL database","service":"david-academy-api","timestamp":"2025-07-17 12:48:15"}
{"level":"info","message":"HTTP server enabled","service":"david-academy-api","timestamp":"2025-07-17 12:48:17"}
{"level":"info","message":"Server listening on port 6040","service":"david-academy-api","timestamp":"2025-07-17 12:48:17"}
{"level":"info","message":"✅ Connected to MySQL database","service":"david-academy-api","timestamp":"2025-07-17 12:48:18"}
{"level":"info","message":"HTTP server enabled","service":"david-academy-api","timestamp":"2025-07-17 12:48:23"}
{"level":"info","message":"Server listening on port 6040","service":"david-academy-api","timestamp":"2025-07-17 12:48:24"}
{"level":"info","message":"✅ Connected to MySQL database","service":"david-academy-api","timestamp":"2025-07-17 12:48:24"}
{"level":"info","message":"HTTP server enabled","service":"david-academy-api","timestamp":"2025-07-17 12:48:25"}
{"level":"info","message":"Server listening on port 6040","service":"david-academy-api","timestamp":"2025-07-17 12:48:25"}
{"level":"info","message":"✅ Connected to MySQL database","service":"david-academy-api","timestamp":"2025-07-17 12:48:25"}
{"level":"info","message":"HTTP server enabled","service":"david-academy-api","timestamp":"2025-07-17 12:48:33"}
{"level":"info","message":"Server listening on port 6040","service":"david-academy-api","timestamp":"2025-07-17 12:48:33"}
{"level":"info","message":"✅ Connected to MySQL database","service":"david-academy-api","timestamp":"2025-07-17 12:48:33"}
{"level":"info","message":"HTTP server enabled","service":"david-academy-api","timestamp":"2025-07-17 12:48:36"}
{"level":"info","message":"Server listening on port 6040","service":"david-academy-api","timestamp":"2025-07-17 12:48:36"}
{"level":"info","message":"✅ Connected to MySQL database","service":"david-academy-api","timestamp":"2025-07-17 12:48:36"}
{"level":"info","message":"📥 Received request to add new question","service":"david-academy-api","timestamp":"2025-07-17 12:48:41"}
{"level":"info","message":"✅ insertFillTheBlanksQuestion: Inserted question ID=45","service":"david-academy-api","timestamp":"2025-07-17 12:48:41"}
{"level":"info","message":"✅ Added dropdown question with ID: 45","service":"david-academy-api","timestamp":"2025-07-17 12:48:41"}
{"level":"info","message":"insert FillTheBlanks Question content: Inserted question text for questionId=45","service":"david-academy-api","timestamp":"2025-07-17 12:48:41"}
{"level":"info","message":"📄 Inserted fill in the blanks text \"Turn on the suction device and set appropriate pressure.\" with answer some disease  for question 45","service":"david-academy-api","timestamp":"2025-07-17 12:48:41"}
{"level":"info","message":"insert FillTheBlanks Question content: Inserted question text for questionId=45","service":"david-academy-api","timestamp":"2025-07-17 12:48:41"}
{"level":"info","message":"📄 Inserted fill in the blanks text \"and\" with answer symptoms  for question 45","service":"david-academy-api","timestamp":"2025-07-17 12:48:41"}
{"level":"info","message":"insert FillTheBlanks Question content: Inserted question text for questionId=45","service":"david-academy-api","timestamp":"2025-07-17 12:48:41"}
{"level":"info","message":"📄 Inserted fill in the blanks text \"if the condition is not managed\" with answer   for question 45","service":"david-academy-api","timestamp":"2025-07-17 12:48:41"}
{"level":"info","message":"insert FillTheBlanks Options: Inserted question option for questionId=45","service":"david-academy-api","timestamp":"2025-07-17 12:48:42"}
{"level":"info","message":"📄 Inserted fill in the blanks options heading \"Option Heading\" and option some disease for question 45","service":"david-academy-api","timestamp":"2025-07-17 12:48:42"}
{"level":"info","message":"insert FillTheBlanks Options: Inserted question option for questionId=45","service":"david-academy-api","timestamp":"2025-07-17 12:48:42"}
{"level":"info","message":"📄 Inserted fill in the blanks options heading \"Option Heading\" and option fever for question 45","service":"david-academy-api","timestamp":"2025-07-17 12:48:42"}
{"level":"info","message":"insert FillTheBlanks Options: Inserted question option for questionId=45","service":"david-academy-api","timestamp":"2025-07-17 12:48:42"}
{"level":"info","message":"📄 Inserted fill in the blanks options heading \"Option Heading\" and option he is alright for question 45","service":"david-academy-api","timestamp":"2025-07-17 12:48:42"}
{"level":"info","message":"insert FillTheBlanks Options: Inserted question option for questionId=45","service":"david-academy-api","timestamp":"2025-07-17 12:48:42"}
{"level":"info","message":"📄 Inserted fill in the blanks options heading \"Option Heading\" and option symptoms for question 45","service":"david-academy-api","timestamp":"2025-07-17 12:48:42"}
{"level":"info","message":"insertMCQExplanation: Inserted explanation for questionId=45","service":"david-academy-api","timestamp":"2025-07-17 12:48:42"}
{"level":"info","message":"📝 Explanation added for question 45","service":"david-academy-api","timestamp":"2025-07-17 12:48:42"}
{"level":"info","message":"insertAdditionalInfo: Inserted info for questionId=45","service":"david-academy-api","timestamp":"2025-07-17 12:48:42"}
{"level":"info","message":"📝 Additional information added for question 45","service":"david-academy-api","timestamp":"2025-07-17 12:48:42"}
{"level":"info","message":"POST /api/exam/question 201 1126ms","meta":{"req":{"headers":{"accept":"*/*","accept-encoding":"gzip, deflate, br","cache-control":"no-cache","connection":"keep-alive","content-length":"1975","content-type":"application/json","host":"localhost:6040","postman-token":"2638248e-0536-4733-9b03-d8cede6d1de7","user-agent":"PostmanRuntime/7.44.1"},"httpVersion":"1.1","method":"POST","originalUrl":"/api/exam/question","query":{},"url":"/api/exam/question"},"res":{"statusCode":201},"responseTime":1126},"service":"david-academy-api","timestamp":"2025-07-17 12:48:42"}
{"level":"info","message":"🔄 MySQL keep-alive ping successful","service":"david-academy-api","timestamp":"2025-07-17 12:53:36"}
{"level":"info","message":"📥 Received request to add new question","service":"david-academy-api","timestamp":"2025-07-17 12:56:25"}
{"level":"info","message":"✅ insertFillTheBlanksQuestion: Inserted question ID=46","service":"david-academy-api","timestamp":"2025-07-17 12:56:25"}
{"level":"info","message":"✅ Added dropdown question with ID: 46","service":"david-academy-api","timestamp":"2025-07-17 12:56:25"}
{"level":"info","message":"insert FillTheBlanks Question content: Inserted question text for questionId=46","service":"david-academy-api","timestamp":"2025-07-17 12:56:25"}
{"level":"info","message":"📄 Inserted fill in the blanks text \"Turn on the suction device and set appropriate pressure.\" with answer some disease  for question 46","service":"david-academy-api","timestamp":"2025-07-17 12:56:25"}
{"level":"info","message":"insert FillTheBlanks Question content: Inserted question text for questionId=46","service":"david-academy-api","timestamp":"2025-07-17 12:56:25"}
{"level":"info","message":"📄 Inserted fill in the blanks text \"and\" with answer symptoms  for question 46","service":"david-academy-api","timestamp":"2025-07-17 12:56:25"}
{"level":"info","message":"insert FillTheBlanks Question content: Inserted question text for questionId=46","service":"david-academy-api","timestamp":"2025-07-17 12:56:25"}
{"level":"info","message":"📄 Inserted fill in the blanks text \"if the condition is not managed\" with answer   for question 46","service":"david-academy-api","timestamp":"2025-07-17 12:56:25"}
{"level":"info","message":"insert FillTheBlanks Options: Inserted question option for questionId=46","service":"david-academy-api","timestamp":"2025-07-17 12:56:25"}
{"level":"info","message":"📄 Inserted fill in the blanks options heading \"Option Heading\" and option some disease for question 46","service":"david-academy-api","timestamp":"2025-07-17 12:56:25"}
{"level":"info","message":"insert FillTheBlanks Options: Inserted question option for questionId=46","service":"david-academy-api","timestamp":"2025-07-17 12:56:25"}
{"level":"info","message":"📄 Inserted fill in the blanks options heading \"Option Heading\" and option fever for question 46","service":"david-academy-api","timestamp":"2025-07-17 12:56:25"}
{"level":"info","message":"insert FillTheBlanks Options: Inserted question option for questionId=46","service":"david-academy-api","timestamp":"2025-07-17 12:56:26"}
{"level":"info","message":"📄 Inserted fill in the blanks options heading \"Option Heading\" and option he is alright for question 46","service":"david-academy-api","timestamp":"2025-07-17 12:56:26"}
{"level":"info","message":"insert FillTheBlanks Options: Inserted question option for questionId=46","service":"david-academy-api","timestamp":"2025-07-17 12:56:26"}
{"level":"info","message":"📄 Inserted fill in the blanks options heading \"Option Heading\" and option symptoms for question 46","service":"david-academy-api","timestamp":"2025-07-17 12:56:26"}
{"level":"info","message":"insertMCQExplanation: Inserted explanation for questionId=46","service":"david-academy-api","timestamp":"2025-07-17 12:56:26"}
{"level":"info","message":"📝 Explanation added for question 46","service":"david-academy-api","timestamp":"2025-07-17 12:56:26"}
{"level":"info","message":"insertAdditionalInfo: Inserted info for questionId=46","service":"david-academy-api","timestamp":"2025-07-17 12:56:26"}
{"level":"info","message":"📝 Additional information added for question 46","service":"david-academy-api","timestamp":"2025-07-17 12:56:26"}
{"level":"info","message":"POST /api/exam/question 201 1151ms","meta":{"req":{"headers":{"accept":"*/*","accept-encoding":"gzip, deflate, br","cache-control":"no-cache","connection":"keep-alive","content-length":"2033","content-type":"application/json","host":"localhost:6040","postman-token":"a7341476-c471-4b1e-add0-fb3970be2152","user-agent":"PostmanRuntime/7.44.1"},"httpVersion":"1.1","method":"POST","originalUrl":"/api/exam/question","query":{},"url":"/api/exam/question"},"res":{"statusCode":201},"responseTime":1151},"service":"david-academy-api","timestamp":"2025-07-17 12:56:26"}
{"level":"info","message":"🔄 MySQL keep-alive ping successful","service":"david-academy-api","timestamp":"2025-07-17 12:58:36"}
{"level":"info","message":"HTTP server enabled","service":"david-academy-api","timestamp":"2025-07-17 12:59:54"}
{"level":"info","message":"Server listening on port 6040","service":"david-academy-api","timestamp":"2025-07-17 12:59:54"}
{"level":"info","message":"✅ Connected to MySQL database","service":"david-academy-api","timestamp":"2025-07-17 12:59:54"}
{"level":"info","message":"HTTP server enabled","service":"david-academy-api","timestamp":"2025-07-17 13:00:56"}
{"level":"info","message":"Server listening on port 6040","service":"david-academy-api","timestamp":"2025-07-17 13:00:56"}
{"level":"info","message":"✅ Connected to MySQL database","service":"david-academy-api","timestamp":"2025-07-17 13:00:56"}
{"level":"info","message":"HTTP server enabled","service":"david-academy-api","timestamp":"2025-07-17 13:00:59"}
{"level":"info","message":"Server listening on port 6040","service":"david-academy-api","timestamp":"2025-07-17 13:00:59"}
{"level":"info","message":"✅ Connected to MySQL database","service":"david-academy-api","timestamp":"2025-07-17 13:01:00"}
{"level":"info","message":"HTTP server enabled","service":"david-academy-api","timestamp":"2025-07-17 13:01:01"}
{"level":"info","message":"Server listening on port 6040","service":"david-academy-api","timestamp":"2025-07-17 13:01:01"}
{"level":"info","message":"✅ Connected to MySQL database","service":"david-academy-api","timestamp":"2025-07-17 13:01:01"}
{"level":"info","message":"HTTP server enabled","service":"david-academy-api","timestamp":"2025-07-17 13:01:02"}
{"level":"info","message":"Server listening on port 6040","service":"david-academy-api","timestamp":"2025-07-17 13:01:02"}
{"level":"info","message":"✅ Connected to MySQL database","service":"david-academy-api","timestamp":"2025-07-17 13:01:02"}
{"level":"info","message":"HTTP server enabled","service":"david-academy-api","timestamp":"2025-07-17 13:01:05"}
{"level":"info","message":"Server listening on port 6040","service":"david-academy-api","timestamp":"2025-07-17 13:01:05"}
{"level":"info","message":"✅ Connected to MySQL database","service":"david-academy-api","timestamp":"2025-07-17 13:01:05"}
{"level":"info","message":"HTTP server enabled","service":"david-academy-api","timestamp":"2025-07-17 13:01:48"}
{"level":"info","message":"Server listening on port 6040","service":"david-academy-api","timestamp":"2025-07-17 13:01:48"}
{"level":"info","message":"✅ Connected to MySQL database","service":"david-academy-api","timestamp":"2025-07-17 13:01:48"}
{"level":"info","message":"HTTP server enabled","service":"david-academy-api","timestamp":"2025-07-17 13:01:50"}
{"level":"info","message":"Server listening on port 6040","service":"david-academy-api","timestamp":"2025-07-17 13:01:50"}
{"level":"info","message":"✅ Connected to MySQL database","service":"david-academy-api","timestamp":"2025-07-17 13:01:50"}
{"level":"info","message":"📥 Received request to add new question","service":"david-academy-api","timestamp":"2025-07-17 13:02:03"}
{"level":"info","message":"✅ insertFillTheBlanksQuestion: Inserted question ID=47","service":"david-academy-api","timestamp":"2025-07-17 13:02:04"}
{"level":"info","message":"✅ Added dropdown question with ID: 47","service":"david-academy-api","timestamp":"2025-07-17 13:02:04"}
{"level":"info","message":"insert FillTheBlanks Question content: Inserted question text for questionId=47","service":"david-academy-api","timestamp":"2025-07-17 13:02:04"}
{"level":"info","message":"📄 Inserted fill in the blanks text \"Turn on the suction device and set appropriate pressure.\" with answer some disease  for question 47","service":"david-academy-api","timestamp":"2025-07-17 13:02:04"}
{"level":"info","message":"insert FillTheBlanks Question content: Inserted question text for questionId=47","service":"david-academy-api","timestamp":"2025-07-17 13:02:04"}
{"level":"info","message":"📄 Inserted fill in the blanks text \"and\" with answer symptoms  for question 47","service":"david-academy-api","timestamp":"2025-07-17 13:02:04"}
{"level":"info","message":"insert FillTheBlanks Question content: Inserted question text for questionId=47","service":"david-academy-api","timestamp":"2025-07-17 13:02:04"}
{"level":"info","message":"📄 Inserted fill in the blanks text \"if the condition is not managed\" with answer   for question 47","service":"david-academy-api","timestamp":"2025-07-17 13:02:04"}
{"level":"info","message":"insert FillTheBlanks Options: Inserted question option for questionId=47","service":"david-academy-api","timestamp":"2025-07-17 13:02:04"}
{"level":"info","message":"📄 Inserted fill in the blanks options heading \"Option Heading\" and option some disease for question 47","service":"david-academy-api","timestamp":"2025-07-17 13:02:04"}
{"level":"info","message":"insert FillTheBlanks Options: Inserted question option for questionId=47","service":"david-academy-api","timestamp":"2025-07-17 13:02:04"}
{"level":"info","message":"📄 Inserted fill in the blanks options heading \"Option Heading\" and option fever for question 47","service":"david-academy-api","timestamp":"2025-07-17 13:02:04"}
{"level":"info","message":"insert FillTheBlanks Options: Inserted question option for questionId=47","service":"david-academy-api","timestamp":"2025-07-17 13:02:04"}
{"level":"info","message":"📄 Inserted fill in the blanks options heading \"Option Heading\" and option he is alright for question 47","service":"david-academy-api","timestamp":"2025-07-17 13:02:04"}
{"level":"info","message":"insert FillTheBlanks Options: Inserted question option for questionId=47","service":"david-academy-api","timestamp":"2025-07-17 13:02:04"}
{"level":"info","message":"📄 Inserted fill in the blanks options heading \"Option Heading\" and option symptoms for question 47","service":"david-academy-api","timestamp":"2025-07-17 13:02:04"}
{"level":"info","message":"insertMCQExplanation: Inserted explanation for questionId=47","service":"david-academy-api","timestamp":"2025-07-17 13:02:04"}
{"level":"info","message":"📝 Explanation added for question 47","service":"david-academy-api","timestamp":"2025-07-17 13:02:04"}
{"level":"info","message":"insertAdditionalInfo: Inserted info for questionId=47","service":"david-academy-api","timestamp":"2025-07-17 13:02:05"}
{"level":"info","message":"📝 Additional information added for question 47","service":"david-academy-api","timestamp":"2025-07-17 13:02:05"}
{"level":"info","message":"POST /api/exam/question 201 1168ms","meta":{"req":{"headers":{"accept":"*/*","accept-encoding":"gzip, deflate, br","cache-control":"no-cache","connection":"keep-alive","content-length":"2033","content-type":"application/json","host":"localhost:6040","postman-token":"27ef3eaf-b1e8-465a-96c4-9861c872a2d1","user-agent":"PostmanRuntime/7.44.1"},"httpVersion":"1.1","method":"POST","originalUrl":"/api/exam/question","query":{},"url":"/api/exam/question"},"res":{"statusCode":201},"responseTime":1168},"service":"david-academy-api","timestamp":"2025-07-17 13:02:05"}
{"level":"info","message":"📥 Received request to add new question","service":"david-academy-api","timestamp":"2025-07-17 13:03:04"}
{"level":"info","message":"✅ insertFillTheBlanksQuestion: Inserted question ID=48","service":"david-academy-api","timestamp":"2025-07-17 13:03:04"}
{"level":"info","message":"✅ Added dropdown question with ID: 48","service":"david-academy-api","timestamp":"2025-07-17 13:03:04"}
{"level":"info","message":"insert FillTheBlanks Question content: Inserted question text for questionId=48","service":"david-academy-api","timestamp":"2025-07-17 13:03:04"}
{"level":"info","message":"📄 Inserted fill in the blanks text \"Turn on the suction device and set appropriate pressure.\" with answer some disease  for question 48","service":"david-academy-api","timestamp":"2025-07-17 13:03:04"}
{"level":"info","message":"insert FillTheBlanks Question content: Inserted question text for questionId=48","service":"david-academy-api","timestamp":"2025-07-17 13:03:04"}
{"level":"info","message":"📄 Inserted fill in the blanks text \"and\" with answer symptoms  for question 48","service":"david-academy-api","timestamp":"2025-07-17 13:03:04"}
{"level":"info","message":"insert FillTheBlanks Question content: Inserted question text for questionId=48","service":"david-academy-api","timestamp":"2025-07-17 13:03:04"}
{"level":"info","message":"📄 Inserted fill in the blanks text \"if the condition is not managed\" with answer   for question 48","service":"david-academy-api","timestamp":"2025-07-17 13:03:04"}
{"level":"info","message":"insert FillTheBlanks Options: Inserted question option for questionId=48","service":"david-academy-api","timestamp":"2025-07-17 13:03:04"}
{"level":"info","message":"📄 Inserted fill in the blanks options heading \"Option Heading\" and option some disease for question 48","service":"david-academy-api","timestamp":"2025-07-17 13:03:04"}
{"level":"info","message":"insert FillTheBlanks Options: Inserted question option for questionId=48","service":"david-academy-api","timestamp":"2025-07-17 13:03:04"}
{"level":"info","message":"📄 Inserted fill in the blanks options heading \"Option Heading\" and option fever for question 48","service":"david-academy-api","timestamp":"2025-07-17 13:03:04"}
{"level":"info","message":"insert FillTheBlanks Options: Inserted question option for questionId=48","service":"david-academy-api","timestamp":"2025-07-17 13:03:05"}
{"level":"info","message":"📄 Inserted fill in the blanks options heading \"Option Heading\" and option he is alright for question 48","service":"david-academy-api","timestamp":"2025-07-17 13:03:05"}
{"level":"info","message":"insert FillTheBlanks Options: Inserted question option for questionId=48","service":"david-academy-api","timestamp":"2025-07-17 13:03:05"}
{"level":"info","message":"📄 Inserted fill in the blanks options heading \"Option Heading\" and option symptoms for question 48","service":"david-academy-api","timestamp":"2025-07-17 13:03:05"}
{"level":"info","message":"insertMCQExplanation: Inserted explanation for questionId=48","service":"david-academy-api","timestamp":"2025-07-17 13:03:05"}
{"level":"info","message":"📝 Explanation added for question 48","service":"david-academy-api","timestamp":"2025-07-17 13:03:05"}
{"level":"info","message":"insertAdditionalInfo: Inserted info for questionId=48","service":"david-academy-api","timestamp":"2025-07-17 13:03:05"}
{"level":"info","message":"📝 Additional information added for question 48","service":"david-academy-api","timestamp":"2025-07-17 13:03:05"}
{"level":"info","message":"POST /api/exam/question 201 1181ms","meta":{"req":{"headers":{"accept":"*/*","accept-encoding":"gzip, deflate, br","cache-control":"no-cache","connection":"keep-alive","content-length":"2037","content-type":"application/json","host":"localhost:6040","postman-token":"989393c5-9c10-4d46-852b-f35658e40379","user-agent":"PostmanRuntime/7.44.1"},"httpVersion":"1.1","method":"POST","originalUrl":"/api/exam/question","query":{},"url":"/api/exam/question"},"res":{"statusCode":201},"responseTime":1181},"service":"david-academy-api","timestamp":"2025-07-17 13:03:05"}
{"level":"info","message":"HTTP server enabled","service":"david-academy-api","timestamp":"2025-07-17 13:04:15"}
{"level":"info","message":"Server listening on port 6040","service":"david-academy-api","timestamp":"2025-07-17 13:04:15"}
{"level":"info","message":"HTTP server enabled","service":"david-academy-api","timestamp":"2025-07-17 13:04:16"}
{"level":"info","message":"Server listening on port 6040","service":"david-academy-api","timestamp":"2025-07-17 13:04:16"}
{"level":"info","message":"✅ Connected to MySQL database","service":"david-academy-api","timestamp":"2025-07-17 13:04:16"}
{"level":"info","message":"HTTP server enabled","service":"david-academy-api","timestamp":"2025-07-17 13:05:11"}
{"level":"info","message":"Server listening on port 6040","service":"david-academy-api","timestamp":"2025-07-17 13:05:12"}
{"level":"info","message":"✅ Connected to MySQL database","service":"david-academy-api","timestamp":"2025-07-17 13:05:12"}
{"level":"info","message":"🔄 MySQL keep-alive ping successful","service":"david-academy-api","timestamp":"2025-07-17 13:10:12"}
{"level":"info","message":"HTTP server enabled","service":"david-academy-api","timestamp":"2025-07-17 13:13:35"}
{"level":"info","message":"Server listening on port 6040","service":"david-academy-api","timestamp":"2025-07-17 13:13:35"}
{"level":"info","message":"✅ Connected to MySQL database","service":"david-academy-api","timestamp":"2025-07-17 13:13:35"}
{"level":"info","message":"HTTP server enabled","service":"david-academy-api","timestamp":"2025-07-17 13:13:37"}
{"level":"info","message":"Server listening on port 6040","service":"david-academy-api","timestamp":"2025-07-17 13:13:37"}
{"level":"info","message":"✅ Connected to MySQL database","service":"david-academy-api","timestamp":"2025-07-17 13:13:38"}
{"level":"info","message":"HTTP server enabled","service":"david-academy-api","timestamp":"2025-07-17 13:14:09"}
{"level":"info","message":"Server listening on port 6040","service":"david-academy-api","timestamp":"2025-07-17 13:14:09"}
{"level":"info","message":"✅ Connected to MySQL database","service":"david-academy-api","timestamp":"2025-07-17 13:14:09"}
{"level":"info","message":"HTTP server enabled","service":"david-academy-api","timestamp":"2025-07-17 13:14:49"}
{"level":"info","message":"Server listening on port 6040","service":"david-academy-api","timestamp":"2025-07-17 13:14:50"}
{"level":"info","message":"✅ Connected to MySQL database","service":"david-academy-api","timestamp":"2025-07-17 13:14:50"}
{"level":"info","message":"HTTP server enabled","service":"david-academy-api","timestamp":"2025-07-17 13:14:55"}
{"level":"info","message":"Server listening on port 6040","service":"david-academy-api","timestamp":"2025-07-17 13:14:55"}
{"level":"info","message":"✅ Connected to MySQL database","service":"david-academy-api","timestamp":"2025-07-17 13:14:56"}
{"level":"info","message":"HTTP server enabled","service":"david-academy-api","timestamp":"2025-07-17 13:15:50"}
{"level":"info","message":"Server listening on port 6040","service":"david-academy-api","timestamp":"2025-07-17 13:15:51"}
{"level":"info","message":"✅ Connected to MySQL database","service":"david-academy-api","timestamp":"2025-07-17 13:15:51"}
{"level":"info","message":"HTTP server enabled","service":"david-academy-api","timestamp":"2025-07-17 13:15:54"}
{"level":"info","message":"Server listening on port 6040","service":"david-academy-api","timestamp":"2025-07-17 13:15:54"}
{"level":"info","message":"✅ Connected to MySQL database","service":"david-academy-api","timestamp":"2025-07-17 13:15:54"}
{"level":"info","message":"HTTP server enabled","service":"david-academy-api","timestamp":"2025-07-17 13:16:05"}
{"level":"info","message":"Server listening on port 6040","service":"david-academy-api","timestamp":"2025-07-17 13:16:05"}
{"level":"info","message":"✅ Connected to MySQL database","service":"david-academy-api","timestamp":"2025-07-17 13:16:05"}
{"level":"info","message":"HTTP server enabled","service":"david-academy-api","timestamp":"2025-07-17 13:16:07"}
{"level":"info","message":"Server listening on port 6040","service":"david-academy-api","timestamp":"2025-07-17 13:16:08"}
{"level":"info","message":"✅ Connected to MySQL database","service":"david-academy-api","timestamp":"2025-07-17 13:16:08"}
{"level":"info","message":"🔄 MySQL keep-alive ping successful","service":"david-academy-api","timestamp":"2025-07-17 13:21:08"}
{"level":"info","message":"🔄 MySQL keep-alive ping successful","service":"david-academy-api","timestamp":"2025-07-17 13:26:08"}
{"level":"info","message":"🔄 MySQL keep-alive ping successful","service":"david-academy-api","timestamp":"2025-07-17 14:12:01"}
{"level":"info","message":"🔄 MySQL keep-alive ping successful","service":"david-academy-api","timestamp":"2025-07-17 14:17:01"}
{"level":"info","message":"🔄 MySQL keep-alive ping successful","service":"david-academy-api","timestamp":"2025-07-17 14:22:01"}
{"level":"info","message":"HTTP server enabled","service":"david-academy-api","timestamp":"2025-07-17 14:22:26"}
{"level":"info","message":"Server listening on port 6040","service":"david-academy-api","timestamp":"2025-07-17 14:22:27"}
{"level":"info","message":"✅ Connected to MySQL database","service":"david-academy-api","timestamp":"2025-07-17 14:22:27"}
{"level":"info","message":"🔄 MySQL keep-alive ping successful","service":"david-academy-api","timestamp":"2025-07-17 14:27:27"}
{"level":"info","message":"HTTP server enabled","service":"david-academy-api","timestamp":"2025-07-17 14:28:27"}
{"level":"info","message":"Server listening on port 6040","service":"david-academy-api","timestamp":"2025-07-17 14:28:28"}
{"level":"info","message":"✅ Connected to MySQL database","service":"david-academy-api","timestamp":"2025-07-17 14:28:28"}
{"level":"info","message":"HTTP server enabled","service":"david-academy-api","timestamp":"2025-07-17 14:28:31"}
{"level":"info","message":"Server listening on port 6040","service":"david-academy-api","timestamp":"2025-07-17 14:28:31"}
{"level":"info","message":"✅ Connected to MySQL database","service":"david-academy-api","timestamp":"2025-07-17 14:28:31"}
{"level":"info","message":"HTTP server enabled","service":"david-academy-api","timestamp":"2025-07-17 14:28:38"}
{"level":"info","message":"Server listening on port 6040","service":"david-academy-api","timestamp":"2025-07-17 14:28:38"}
{"level":"info","message":"✅ Connected to MySQL database","service":"david-academy-api","timestamp":"2025-07-17 14:28:38"}
{"level":"info","message":"HTTP server enabled","service":"david-academy-api","timestamp":"2025-07-17 14:28:50"}
{"level":"info","message":"Server listening on port 6040","service":"david-academy-api","timestamp":"2025-07-17 14:28:50"}
{"level":"info","message":"✅ Connected to MySQL database","service":"david-academy-api","timestamp":"2025-07-17 14:28:50"}
{"level":"info","message":"HTTP server enabled","service":"david-academy-api","timestamp":"2025-07-17 14:29:36"}
{"level":"info","message":"Server listening on port 6040","service":"david-academy-api","timestamp":"2025-07-17 14:29:37"}
{"level":"info","message":"✅ Connected to MySQL database","service":"david-academy-api","timestamp":"2025-07-17 14:29:37"}
{"level":"info","message":"HTTP server enabled","service":"david-academy-api","timestamp":"2025-07-17 14:30:02"}
{"level":"info","message":"Server listening on port 6040","service":"david-academy-api","timestamp":"2025-07-17 14:30:02"}
{"level":"info","message":"✅ Connected to MySQL database","service":"david-academy-api","timestamp":"2025-07-17 14:30:02"}
{"level":"info","message":"HTTP server enabled","service":"david-academy-api","timestamp":"2025-07-17 14:30:21"}
{"level":"info","message":"Server listening on port 6040","service":"david-academy-api","timestamp":"2025-07-17 14:30:22"}
{"level":"info","message":"✅ Connected to MySQL database","service":"david-academy-api","timestamp":"2025-07-17 14:30:22"}
{"level":"info","message":"HTTP server enabled","service":"david-academy-api","timestamp":"2025-07-17 14:30:26"}
{"level":"info","message":"Server listening on port 6040","service":"david-academy-api","timestamp":"2025-07-17 14:30:27"}
{"level":"info","message":"✅ Connected to MySQL database","service":"david-academy-api","timestamp":"2025-07-17 14:30:27"}
{"level":"info","message":"HTTP server enabled","service":"david-academy-api","timestamp":"2025-07-17 14:32:28"}
{"level":"info","message":"Server listening on port 6040","service":"david-academy-api","timestamp":"2025-07-17 14:32:28"}
{"level":"info","message":"✅ Connected to MySQL database","service":"david-academy-api","timestamp":"2025-07-17 14:32:28"}
{"level":"info","message":"🔄 MySQL keep-alive ping successful","service":"david-academy-api","timestamp":"2025-07-17 14:37:28"}
{"level":"info","message":"🔄 MySQL keep-alive ping successful","service":"david-academy-api","timestamp":"2025-07-17 14:42:28"}
{"level":"info","message":"🔄 MySQL keep-alive ping successful","service":"david-academy-api","timestamp":"2025-07-17 14:47:28"}
{"level":"info","message":"🔄 MySQL keep-alive ping successful","service":"david-academy-api","timestamp":"2025-07-17 14:52:28"}
{"level":"info","message":"HTTP server enabled","service":"david-academy-api","timestamp":"2025-07-17 14:54:38"}
{"level":"info","message":"Server listening on port 6040","service":"david-academy-api","timestamp":"2025-07-17 14:54:39"}
{"level":"info","message":"✅ Connected to MySQL database","service":"david-academy-api","timestamp":"2025-07-17 14:54:39"}
{"level":"info","message":"HTTP server enabled","service":"david-academy-api","timestamp":"2025-07-17 14:54:40"}
{"level":"info","message":"Server listening on port 6040","service":"david-academy-api","timestamp":"2025-07-17 14:54:40"}
{"level":"info","message":"✅ Connected to MySQL database","service":"david-academy-api","timestamp":"2025-07-17 14:54:40"}
{"level":"info","message":"HTTP server enabled","service":"david-academy-api","timestamp":"2025-07-17 14:54:50"}
{"level":"info","message":"Server listening on port 6040","service":"david-academy-api","timestamp":"2025-07-17 14:54:50"}
{"level":"info","message":"✅ Connected to MySQL database","service":"david-academy-api","timestamp":"2025-07-17 14:54:50"}
{"level":"info","message":"HTTP server enabled","service":"david-academy-api","timestamp":"2025-07-17 14:54:59"}
{"level":"info","message":"Server listening on port 6040","service":"david-academy-api","timestamp":"2025-07-17 14:55:00"}
{"level":"info","message":"✅ Connected to MySQL database","service":"david-academy-api","timestamp":"2025-07-17 14:55:00"}
{"level":"info","message":"HTTP server enabled","service":"david-academy-api","timestamp":"2025-07-17 14:55:06"}
{"level":"info","message":"Server listening on port 6040","service":"david-academy-api","timestamp":"2025-07-17 14:55:06"}
{"level":"info","message":"✅ Connected to MySQL database","service":"david-academy-api","timestamp":"2025-07-17 14:55:07"}
{"level":"info","message":"HTTP server enabled","service":"david-academy-api","timestamp":"2025-07-17 14:55:34"}
{"level":"info","message":"Server listening on port 6040","service":"david-academy-api","timestamp":"2025-07-17 14:55:34"}
{"level":"info","message":"✅ Connected to MySQL database","service":"david-academy-api","timestamp":"2025-07-17 14:55:34"}
{"level":"info","message":"HTTP server enabled","service":"david-academy-api","timestamp":"2025-07-17 14:55:35"}
{"level":"info","message":"Server listening on port 6040","service":"david-academy-api","timestamp":"2025-07-17 14:55:35"}
{"level":"info","message":"✅ Connected to MySQL database","service":"david-academy-api","timestamp":"2025-07-17 14:55:35"}
{"level":"info","message":"HTTP server enabled","service":"david-academy-api","timestamp":"2025-07-17 14:55:43"}
{"level":"info","message":"Server listening on port 6040","service":"david-academy-api","timestamp":"2025-07-17 14:55:43"}
{"level":"info","message":"✅ Connected to MySQL database","service":"david-academy-api","timestamp":"2025-07-17 14:55:43"}
{"level":"info","message":"HTTP server enabled","service":"david-academy-api","timestamp":"2025-07-17 14:55:46"}
{"level":"info","message":"Server listening on port 6040","service":"david-academy-api","timestamp":"2025-07-17 14:55:46"}
{"level":"info","message":"✅ Connected to MySQL database","service":"david-academy-api","timestamp":"2025-07-17 14:55:46"}
{"level":"info","message":"HTTP server enabled","service":"david-academy-api","timestamp":"2025-07-17 14:55:49"}
{"level":"info","message":"Server listening on port 6040","service":"david-academy-api","timestamp":"2025-07-17 14:55:50"}
{"level":"info","message":"✅ Connected to MySQL database","service":"david-academy-api","timestamp":"2025-07-17 14:55:50"}
{"level":"info","message":"HTTP server enabled","service":"david-academy-api","timestamp":"2025-07-17 14:56:06"}
{"level":"info","message":"Server listening on port 6040","service":"david-academy-api","timestamp":"2025-07-17 14:56:06"}
{"level":"info","message":"✅ Connected to MySQL database","service":"david-academy-api","timestamp":"2025-07-17 14:56:06"}
{"level":"info","message":"HTTP server enabled","service":"david-academy-api","timestamp":"2025-07-17 14:56:16"}
{"level":"info","message":"Server listening on port 6040","service":"david-academy-api","timestamp":"2025-07-17 14:56:16"}
{"level":"info","message":"✅ Connected to MySQL database","service":"david-academy-api","timestamp":"2025-07-17 14:56:16"}
{"level":"info","message":"HTTP server enabled","service":"david-academy-api","timestamp":"2025-07-17 14:56:21"}
{"level":"info","message":"Server listening on port 6040","service":"david-academy-api","timestamp":"2025-07-17 14:56:21"}
{"level":"info","message":"✅ Connected to MySQL database","service":"david-academy-api","timestamp":"2025-07-17 14:56:21"}
{"level":"info","message":"HTTP server enabled","service":"david-academy-api","timestamp":"2025-07-17 14:56:23"}
{"level":"info","message":"Server listening on port 6040","service":"david-academy-api","timestamp":"2025-07-17 14:56:23"}
{"level":"info","message":"✅ Connected to MySQL database","service":"david-academy-api","timestamp":"2025-07-17 14:56:23"}
{"level":"info","message":"HTTP server enabled","service":"david-academy-api","timestamp":"2025-07-17 14:56:26"}
{"level":"info","message":"Server listening on port 6040","service":"david-academy-api","timestamp":"2025-07-17 14:56:27"}
{"level":"info","message":"✅ Connected to MySQL database","service":"david-academy-api","timestamp":"2025-07-17 14:56:27"}
{"level":"info","message":"HTTP server enabled","service":"david-academy-api","timestamp":"2025-07-17 14:57:43"}
{"level":"info","message":"Server listening on port 6040","service":"david-academy-api","timestamp":"2025-07-17 14:57:44"}
{"level":"info","message":"✅ Connected to MySQL database","service":"david-academy-api","timestamp":"2025-07-17 14:57:44"}
{"level":"info","message":"HTTP server enabled","service":"david-academy-api","timestamp":"2025-07-17 14:57:57"}
{"level":"info","message":"Server listening on port 6040","service":"david-academy-api","timestamp":"2025-07-17 14:57:58"}
{"level":"info","message":"✅ Connected to MySQL database","service":"david-academy-api","timestamp":"2025-07-17 14:57:58"}
{"level":"info","message":"HTTP server enabled","service":"david-academy-api","timestamp":"2025-07-17 14:58:09"}
{"level":"info","message":"Server listening on port 6040","service":"david-academy-api","timestamp":"2025-07-17 14:58:09"}
{"level":"info","message":"✅ Connected to MySQL database","service":"david-academy-api","timestamp":"2025-07-17 14:58:09"}
{"level":"info","message":"HTTP server enabled","service":"david-academy-api","timestamp":"2025-07-17 14:58:13"}
{"level":"info","message":"Server listening on port 6040","service":"david-academy-api","timestamp":"2025-07-17 14:58:13"}
{"level":"info","message":"✅ Connected to MySQL database","service":"david-academy-api","timestamp":"2025-07-17 14:58:14"}
{"level":"info","message":"HTTP server enabled","service":"david-academy-api","timestamp":"2025-07-17 14:58:24"}
{"level":"info","message":"Server listening on port 6040","service":"david-academy-api","timestamp":"2025-07-17 14:58:25"}
{"level":"info","message":"✅ Connected to MySQL database","service":"david-academy-api","timestamp":"2025-07-17 14:58:25"}
{"level":"info","message":"HTTP server enabled","service":"david-academy-api","timestamp":"2025-07-17 14:58:28"}
{"level":"info","message":"Server listening on port 6040","service":"david-academy-api","timestamp":"2025-07-17 14:58:28"}
{"level":"info","message":"✅ Connected to MySQL database","service":"david-academy-api","timestamp":"2025-07-17 14:58:28"}
{"level":"info","message":"HTTP server enabled","service":"david-academy-api","timestamp":"2025-07-17 14:58:30"}
{"level":"info","message":"Server listening on port 6040","service":"david-academy-api","timestamp":"2025-07-17 14:58:30"}
{"level":"info","message":"✅ Connected to MySQL database","service":"david-academy-api","timestamp":"2025-07-17 14:58:31"}
{"level":"info","message":"HTTP server enabled","service":"david-academy-api","timestamp":"2025-07-17 14:58:51"}
{"level":"info","message":"Server listening on port 6040","service":"david-academy-api","timestamp":"2025-07-17 14:58:52"}
{"level":"info","message":"✅ Connected to MySQL database","service":"david-academy-api","timestamp":"2025-07-17 14:58:52"}
{"level":"info","message":"HTTP server enabled","service":"david-academy-api","timestamp":"2025-07-17 15:01:25"}
{"level":"info","message":"Server listening on port 6040","service":"david-academy-api","timestamp":"2025-07-17 15:01:25"}
{"level":"info","message":"✅ Connected to MySQL database","service":"david-academy-api","timestamp":"2025-07-17 15:01:25"}
{"level":"info","message":"HTTP server enabled","service":"david-academy-api","timestamp":"2025-07-17 15:01:26"}
{"level":"info","message":"Server listening on port 6040","service":"david-academy-api","timestamp":"2025-07-17 15:01:26"}
{"level":"info","message":"✅ Connected to MySQL database","service":"david-academy-api","timestamp":"2025-07-17 15:01:27"}
{"level":"info","message":"HTTP server enabled","service":"david-academy-api","timestamp":"2025-07-17 15:01:27"}
{"level":"info","message":"Server listening on port 6040","service":"david-academy-api","timestamp":"2025-07-17 15:01:27"}
{"level":"info","message":"✅ Connected to MySQL database","service":"david-academy-api","timestamp":"2025-07-17 15:01:27"}
{"level":"info","message":"HTTP server enabled","service":"david-academy-api","timestamp":"2025-07-17 15:01:32"}
{"level":"info","message":"Server listening on port 6040","service":"david-academy-api","timestamp":"2025-07-17 15:01:32"}
{"level":"info","message":"✅ Connected to MySQL database","service":"david-academy-api","timestamp":"2025-07-17 15:01:32"}
{"level":"info","message":"HTTP server enabled","service":"david-academy-api","timestamp":"2025-07-17 15:01:45"}
{"level":"info","message":"Server listening on port 6040","service":"david-academy-api","timestamp":"2025-07-17 15:01:45"}
{"level":"info","message":"✅ Connected to MySQL database","service":"david-academy-api","timestamp":"2025-07-17 15:01:46"}
{"level":"info","message":"HTTP server enabled","service":"david-academy-api","timestamp":"2025-07-17 15:01:54"}
{"level":"info","message":"Server listening on port 6040","service":"david-academy-api","timestamp":"2025-07-17 15:01:54"}
{"level":"info","message":"✅ Connected to MySQL database","service":"david-academy-api","timestamp":"2025-07-17 15:01:54"}
{"level":"info","message":"HTTP server enabled","service":"david-academy-api","timestamp":"2025-07-17 15:02:06"}
{"level":"info","message":"Server listening on port 6040","service":"david-academy-api","timestamp":"2025-07-17 15:02:06"}
{"level":"info","message":"✅ Connected to MySQL database","service":"david-academy-api","timestamp":"2025-07-17 15:02:06"}
{"level":"info","message":"HTTP server enabled","service":"david-academy-api","timestamp":"2025-07-17 15:02:17"}
{"level":"info","message":"Server listening on port 6040","service":"david-academy-api","timestamp":"2025-07-17 15:02:17"}
{"level":"info","message":"✅ Connected to MySQL database","service":"david-academy-api","timestamp":"2025-07-17 15:02:17"}
{"level":"info","message":"HTTP server enabled","service":"david-academy-api","timestamp":"2025-07-17 15:02:23"}
{"level":"info","message":"Server listening on port 6040","service":"david-academy-api","timestamp":"2025-07-17 15:02:23"}
{"level":"info","message":"✅ Connected to MySQL database","service":"david-academy-api","timestamp":"2025-07-17 15:02:23"}
{"level":"info","message":"HTTP server enabled","service":"david-academy-api","timestamp":"2025-07-17 15:02:29"}
{"level":"info","message":"Server listening on port 6040","service":"david-academy-api","timestamp":"2025-07-17 15:02:29"}
{"level":"info","message":"✅ Connected to MySQL database","service":"david-academy-api","timestamp":"2025-07-17 15:02:29"}
{"level":"info","message":"HTTP server enabled","service":"david-academy-api","timestamp":"2025-07-17 15:02:38"}
{"level":"info","message":"Server listening on port 6040","service":"david-academy-api","timestamp":"2025-07-17 15:02:39"}
{"level":"info","message":"✅ Connected to MySQL database","service":"david-academy-api","timestamp":"2025-07-17 15:02:39"}
{"level":"info","message":"HTTP server enabled","service":"david-academy-api","timestamp":"2025-07-17 15:02:42"}
{"level":"info","message":"Server listening on port 6040","service":"david-academy-api","timestamp":"2025-07-17 15:02:42"}
{"level":"info","message":"✅ Connected to MySQL database","service":"david-academy-api","timestamp":"2025-07-17 15:02:42"}
{"level":"info","message":"HTTP server enabled","service":"david-academy-api","timestamp":"2025-07-17 15:03:53"}
{"level":"info","message":"Server listening on port 6040","service":"david-academy-api","timestamp":"2025-07-17 15:03:53"}
{"level":"info","message":"✅ Connected to MySQL database","service":"david-academy-api","timestamp":"2025-07-17 15:03:54"}
{"level":"info","message":"HTTP server enabled","service":"david-academy-api","timestamp":"2025-07-17 15:03:57"}
{"level":"info","message":"Server listening on port 6040","service":"david-academy-api","timestamp":"2025-07-17 15:03:58"}
{"level":"info","message":"✅ Connected to MySQL database","service":"david-academy-api","timestamp":"2025-07-17 15:03:58"}
{"level":"info","message":"HTTP server enabled","service":"david-academy-api","timestamp":"2025-07-17 15:04:04"}
{"level":"info","message":"Server listening on port 6040","service":"david-academy-api","timestamp":"2025-07-17 15:04:05"}
{"level":"info","message":"✅ Connected to MySQL database","service":"david-academy-api","timestamp":"2025-07-17 15:04:05"}
{"level":"info","message":"HTTP server enabled","service":"david-academy-api","timestamp":"2025-07-17 15:04:08"}
{"level":"info","message":"Server listening on port 6040","service":"david-academy-api","timestamp":"2025-07-17 15:04:08"}
{"level":"info","message":"✅ Connected to MySQL database","service":"david-academy-api","timestamp":"2025-07-17 15:04:08"}
{"level":"info","message":"HTTP server enabled","service":"david-academy-api","timestamp":"2025-07-17 15:04:22"}
{"level":"info","message":"Server listening on port 6040","service":"david-academy-api","timestamp":"2025-07-17 15:04:22"}
{"level":"info","message":"✅ Connected to MySQL database","service":"david-academy-api","timestamp":"2025-07-17 15:04:22"}
{"level":"info","message":"HTTP server enabled","service":"david-academy-api","timestamp":"2025-07-17 15:04:34"}
{"level":"info","message":"Server listening on port 6040","service":"david-academy-api","timestamp":"2025-07-17 15:04:34"}
{"level":"info","message":"✅ Connected to MySQL database","service":"david-academy-api","timestamp":"2025-07-17 15:04:34"}
{"level":"info","message":"HTTP server enabled","service":"david-academy-api","timestamp":"2025-07-17 15:04:50"}
{"level":"info","message":"Server listening on port 6040","service":"david-academy-api","timestamp":"2025-07-17 15:04:50"}
{"level":"info","message":"✅ Connected to MySQL database","service":"david-academy-api","timestamp":"2025-07-17 15:04:50"}
{"level":"info","message":"HTTP server enabled","service":"david-academy-api","timestamp":"2025-07-17 15:04:54"}
{"level":"info","message":"Server listening on port 6040","service":"david-academy-api","timestamp":"2025-07-17 15:04:55"}
{"level":"info","message":"✅ Connected to MySQL database","service":"david-academy-api","timestamp":"2025-07-17 15:04:55"}
{"level":"info","message":"HTTP server enabled","service":"david-academy-api","timestamp":"2025-07-17 15:05:10"}
{"level":"info","message":"Server listening on port 6040","service":"david-academy-api","timestamp":"2025-07-17 15:05:10"}
{"level":"info","message":"✅ Connected to MySQL database","service":"david-academy-api","timestamp":"2025-07-17 15:05:11"}
{"level":"info","message":"HTTP server enabled","service":"david-academy-api","timestamp":"2025-07-17 15:05:14"}
{"level":"info","message":"Server listening on port 6040","service":"david-academy-api","timestamp":"2025-07-17 15:05:14"}
{"level":"info","message":"✅ Connected to MySQL database","service":"david-academy-api","timestamp":"2025-07-17 15:05:14"}
{"level":"info","message":"HTTP server enabled","service":"david-academy-api","timestamp":"2025-07-17 15:05:18"}
{"level":"info","message":"Server listening on port 6040","service":"david-academy-api","timestamp":"2025-07-17 15:05:18"}
{"level":"info","message":"✅ Connected to MySQL database","service":"david-academy-api","timestamp":"2025-07-17 15:05:18"}
{"level":"info","message":"HTTP server enabled","service":"david-academy-api","timestamp":"2025-07-17 15:05:33"}
{"level":"info","message":"Server listening on port 6040","service":"david-academy-api","timestamp":"2025-07-17 15:05:33"}
{"level":"info","message":"✅ Connected to MySQL database","service":"david-academy-api","timestamp":"2025-07-17 15:05:33"}
{"level":"info","message":"HTTP server enabled","service":"david-academy-api","timestamp":"2025-07-17 15:05:36"}
{"level":"info","message":"Server listening on port 6040","service":"david-academy-api","timestamp":"2025-07-17 15:05:37"}
{"level":"info","message":"✅ Connected to MySQL database","service":"david-academy-api","timestamp":"2025-07-17 15:05:37"}
{"level":"info","message":"HTTP server enabled","service":"david-academy-api","timestamp":"2025-07-17 15:05:43"}
{"level":"info","message":"Server listening on port 6040","service":"david-academy-api","timestamp":"2025-07-17 15:05:43"}
{"level":"info","message":"✅ Connected to MySQL database","service":"david-academy-api","timestamp":"2025-07-17 15:05:44"}
{"level":"info","message":"HTTP server enabled","service":"david-academy-api","timestamp":"2025-07-17 15:05:45"}
{"level":"info","message":"Server listening on port 6040","service":"david-academy-api","timestamp":"2025-07-17 15:05:45"}
{"level":"info","message":"✅ Connected to MySQL database","service":"david-academy-api","timestamp":"2025-07-17 15:05:45"}
{"level":"info","message":"HTTP server enabled","service":"david-academy-api","timestamp":"2025-07-17 15:05:52"}
{"level":"info","message":"Server listening on port 6040","service":"david-academy-api","timestamp":"2025-07-17 15:05:52"}
{"level":"info","message":"✅ Connected to MySQL database","service":"david-academy-api","timestamp":"2025-07-17 15:05:53"}
{"level":"info","message":"HTTP server enabled","service":"david-academy-api","timestamp":"2025-07-17 15:05:54"}
{"level":"info","message":"Server listening on port 6040","service":"david-academy-api","timestamp":"2025-07-17 15:05:54"}
{"level":"info","message":"✅ Connected to MySQL database","service":"david-academy-api","timestamp":"2025-07-17 15:05:54"}
{"level":"info","message":"HTTP server enabled","service":"david-academy-api","timestamp":"2025-07-17 15:06:04"}
{"level":"info","message":"Server listening on port 6040","service":"david-academy-api","timestamp":"2025-07-17 15:06:05"}
{"level":"info","message":"✅ Connected to MySQL database","service":"david-academy-api","timestamp":"2025-07-17 15:06:05"}
{"level":"info","message":"HTTP server enabled","service":"david-academy-api","timestamp":"2025-07-17 15:06:07"}
{"level":"info","message":"Server listening on port 6040","service":"david-academy-api","timestamp":"2025-07-17 15:06:08"}
{"level":"info","message":"✅ Connected to MySQL database","service":"david-academy-api","timestamp":"2025-07-17 15:06:08"}
{"level":"info","message":"HTTP server enabled","service":"david-academy-api","timestamp":"2025-07-17 15:06:24"}
{"level":"info","message":"Server listening on port 6040","service":"david-academy-api","timestamp":"2025-07-17 15:06:25"}
{"level":"info","message":"✅ Connected to MySQL database","service":"david-academy-api","timestamp":"2025-07-17 15:06:25"}
{"level":"info","message":"HTTP server enabled","service":"david-academy-api","timestamp":"2025-07-17 15:06:37"}
{"level":"info","message":"Server listening on port 6040","service":"david-academy-api","timestamp":"2025-07-17 15:06:37"}
{"level":"info","message":"✅ Connected to MySQL database","service":"david-academy-api","timestamp":"2025-07-17 15:06:38"}
{"level":"info","message":"HTTP server enabled","service":"david-academy-api","timestamp":"2025-07-17 15:06:46"}
{"level":"info","message":"Server listening on port 6040","service":"david-academy-api","timestamp":"2025-07-17 15:06:46"}
{"level":"info","message":"✅ Connected to MySQL database","service":"david-academy-api","timestamp":"2025-07-17 15:06:47"}
{"level":"info","message":"HTTP server enabled","service":"david-academy-api","timestamp":"2025-07-17 15:06:58"}
{"level":"info","message":"Server listening on port 6040","service":"david-academy-api","timestamp":"2025-07-17 15:06:59"}
{"level":"info","message":"✅ Connected to MySQL database","service":"david-academy-api","timestamp":"2025-07-17 15:06:59"}
{"level":"info","message":"HTTP server enabled","service":"david-academy-api","timestamp":"2025-07-17 15:07:02"}
{"level":"info","message":"Server listening on port 6040","service":"david-academy-api","timestamp":"2025-07-17 15:07:02"}
{"level":"info","message":"✅ Connected to MySQL database","service":"david-academy-api","timestamp":"2025-07-17 15:07:02"}
{"level":"info","message":"HTTP server enabled","service":"david-academy-api","timestamp":"2025-07-17 15:07:04"}
{"level":"info","message":"Server listening on port 6040","service":"david-academy-api","timestamp":"2025-07-17 15:07:04"}
{"level":"info","message":"✅ Connected to MySQL database","service":"david-academy-api","timestamp":"2025-07-17 15:07:05"}
{"level":"info","message":"HTTP server enabled","service":"david-academy-api","timestamp":"2025-07-17 15:07:07"}
{"level":"info","message":"Server listening on port 6040","service":"david-academy-api","timestamp":"2025-07-17 15:07:07"}
{"level":"info","message":"✅ Connected to MySQL database","service":"david-academy-api","timestamp":"2025-07-17 15:07:07"}
{"level":"info","message":"HTTP server enabled","service":"david-academy-api","timestamp":"2025-07-17 15:07:23"}
{"level":"info","message":"Server listening on port 6040","service":"david-academy-api","timestamp":"2025-07-17 15:07:23"}
{"level":"info","message":"✅ Connected to MySQL database","service":"david-academy-api","timestamp":"2025-07-17 15:07:23"}
{"level":"info","message":"HTTP server enabled","service":"david-academy-api","timestamp":"2025-07-17 15:07:32"}
{"level":"info","message":"Server listening on port 6040","service":"david-academy-api","timestamp":"2025-07-17 15:07:33"}
{"level":"info","message":"✅ Connected to MySQL database","service":"david-academy-api","timestamp":"2025-07-17 15:07:33"}
{"level":"info","message":"HTTP server enabled","service":"david-academy-api","timestamp":"2025-07-17 15:07:39"}
{"level":"info","message":"Server listening on port 6040","service":"david-academy-api","timestamp":"2025-07-17 15:07:39"}
{"level":"info","message":"✅ Connected to MySQL database","service":"david-academy-api","timestamp":"2025-07-17 15:07:39"}
{"level":"info","message":"HTTP server enabled","service":"david-academy-api","timestamp":"2025-07-17 15:08:04"}
{"level":"info","message":"Server listening on port 6040","service":"david-academy-api","timestamp":"2025-07-17 15:08:04"}
{"level":"info","message":"✅ Connected to MySQL database","service":"david-academy-api","timestamp":"2025-07-17 15:08:04"}
{"level":"info","message":"HTTP server enabled","service":"david-academy-api","timestamp":"2025-07-17 15:08:05"}
{"level":"info","message":"Server listening on port 6040","service":"david-academy-api","timestamp":"2025-07-17 15:08:06"}
{"level":"info","message":"✅ Connected to MySQL database","service":"david-academy-api","timestamp":"2025-07-17 15:08:06"}
{"level":"info","message":"HTTP server enabled","service":"david-academy-api","timestamp":"2025-07-17 15:08:09"}
{"level":"info","message":"Server listening on port 6040","service":"david-academy-api","timestamp":"2025-07-17 15:08:09"}
{"level":"info","message":"✅ Connected to MySQL database","service":"david-academy-api","timestamp":"2025-07-17 15:08:09"}
{"level":"info","message":"HTTP server enabled","service":"david-academy-api","timestamp":"2025-07-17 15:08:11"}
{"level":"info","message":"Server listening on port 6040","service":"david-academy-api","timestamp":"2025-07-17 15:08:12"}
{"level":"info","message":"✅ Connected to MySQL database","service":"david-academy-api","timestamp":"2025-07-17 15:08:12"}
{"level":"info","message":"HTTP server enabled","service":"david-academy-api","timestamp":"2025-07-17 15:08:24"}
{"level":"info","message":"Server listening on port 6040","service":"david-academy-api","timestamp":"2025-07-17 15:08:24"}
{"level":"info","message":"✅ Connected to MySQL database","service":"david-academy-api","timestamp":"2025-07-17 15:08:24"}
{"level":"info","message":"HTTP server enabled","service":"david-academy-api","timestamp":"2025-07-17 15:08:42"}
{"level":"info","message":"Server listening on port 6040","service":"david-academy-api","timestamp":"2025-07-17 15:08:42"}
{"level":"info","message":"✅ Connected to MySQL database","service":"david-academy-api","timestamp":"2025-07-17 15:08:42"}
{"level":"info","message":"HTTP server enabled","service":"david-academy-api","timestamp":"2025-07-17 15:08:49"}
{"level":"info","message":"Server listening on port 6040","service":"david-academy-api","timestamp":"2025-07-17 15:08:50"}
{"level":"info","message":"✅ Connected to MySQL database","service":"david-academy-api","timestamp":"2025-07-17 15:08:50"}
{"level":"info","message":"HTTP server enabled","service":"david-academy-api","timestamp":"2025-07-17 15:10:13"}
{"level":"info","message":"Server listening on port 6040","service":"david-academy-api","timestamp":"2025-07-17 15:10:13"}
{"level":"info","message":"✅ Connected to MySQL database","service":"david-academy-api","timestamp":"2025-07-17 15:10:13"}
{"level":"info","message":"HTTP server enabled","service":"david-academy-api","timestamp":"2025-07-17 15:10:16"}
{"level":"info","message":"Server listening on port 6040","service":"david-academy-api","timestamp":"2025-07-17 15:10:16"}
{"level":"info","message":"✅ Connected to MySQL database","service":"david-academy-api","timestamp":"2025-07-17 15:10:16"}
{"level":"info","message":"HTTP server enabled","service":"david-academy-api","timestamp":"2025-07-17 15:10:18"}
{"level":"info","message":"Server listening on port 6040","service":"david-academy-api","timestamp":"2025-07-17 15:10:19"}
{"level":"info","message":"✅ Connected to MySQL database","service":"david-academy-api","timestamp":"2025-07-17 15:10:19"}
{"level":"info","message":"HTTP server enabled","service":"david-academy-api","timestamp":"2025-07-17 15:10:21"}
{"level":"info","message":"Server listening on port 6040","service":"david-academy-api","timestamp":"2025-07-17 15:10:21"}
{"level":"info","message":"✅ Connected to MySQL database","service":"david-academy-api","timestamp":"2025-07-17 15:10:21"}
{"level":"info","message":"HTTP server enabled","service":"david-academy-api","timestamp":"2025-07-17 15:10:25"}
{"level":"info","message":"Server listening on port 6040","service":"david-academy-api","timestamp":"2025-07-17 15:10:26"}
{"level":"info","message":"✅ Connected to MySQL database","service":"david-academy-api","timestamp":"2025-07-17 15:10:26"}
{"level":"info","message":"HTTP server enabled","service":"david-academy-api","timestamp":"2025-07-17 15:10:36"}
{"level":"info","message":"Server listening on port 6040","service":"david-academy-api","timestamp":"2025-07-17 15:10:37"}
{"level":"info","message":"✅ Connected to MySQL database","service":"david-academy-api","timestamp":"2025-07-17 15:10:37"}
{"level":"info","message":"HTTP server enabled","service":"david-academy-api","timestamp":"2025-07-17 15:11:07"}
{"level":"info","message":"Server listening on port 6040","service":"david-academy-api","timestamp":"2025-07-17 15:11:07"}
{"level":"info","message":"✅ Connected to MySQL database","service":"david-academy-api","timestamp":"2025-07-17 15:11:07"}
{"level":"info","message":"HTTP server enabled","service":"david-academy-api","timestamp":"2025-07-17 15:11:27"}
{"level":"info","message":"Server listening on port 6040","service":"david-academy-api","timestamp":"2025-07-17 15:11:27"}
{"level":"info","message":"✅ Connected to MySQL database","service":"david-academy-api","timestamp":"2025-07-17 15:11:27"}
{"level":"info","message":"HTTP server enabled","service":"david-academy-api","timestamp":"2025-07-17 15:11:30"}
{"level":"info","message":"Server listening on port 6040","service":"david-academy-api","timestamp":"2025-07-17 15:11:30"}
{"level":"info","message":"✅ Connected to MySQL database","service":"david-academy-api","timestamp":"2025-07-17 15:11:30"}
{"level":"info","message":"HTTP server enabled","service":"david-academy-api","timestamp":"2025-07-17 15:11:52"}
{"level":"info","message":"Server listening on port 6040","service":"david-academy-api","timestamp":"2025-07-17 15:11:52"}
{"level":"info","message":"✅ Connected to MySQL database","service":"david-academy-api","timestamp":"2025-07-17 15:11:52"}
{"level":"info","message":"🔄 MySQL keep-alive ping successful","service":"david-academy-api","timestamp":"2025-07-17 15:16:52"}
{"level":"info","message":"📥 Received request to add new question","service":"david-academy-api","timestamp":"2025-07-17 15:17:09"}
{"level":"info","message":"✅ insertMultipleRadioQuestion: Inserted question ID=49","service":"david-academy-api","timestamp":"2025-07-17 15:17:09"}
{"level":"info","message":"✅ Added Multiple Radio question with ID: 49","service":"david-academy-api","timestamp":"2025-07-17 15:17:09"}
{"level":"info","message":"📄 insertTab: Tab \"Triage Note\" added for question ID=49","service":"david-academy-api","timestamp":"2025-07-17 15:17:09"}
{"level":"info","message":"📄 Multiple Radio Inserted tab \"Triage Note\" for question 49","service":"david-academy-api","timestamp":"2025-07-17 15:17:09"}
{"level":"info","message":"insert MultipleRadio Question content: Inserted question text for questionId=49","service":"david-academy-api","timestamp":"2025-07-17 15:17:10"}
{"level":"info","message":"🔽 Multiple Radio \"tachypnea\" -> \"[object Object]\"","service":"david-academy-api","timestamp":"2025-07-17 15:17:10"}
{"level":"info","message":"insert MultipleRadio Question content: Inserted question text for questionId=49","service":"david-academy-api","timestamp":"2025-07-17 15:17:10"}
{"level":"info","message":"🔽 Multiple Radio \"reduced (or absent) breath sounds of the affected side\" -> \"[object Object]\"","service":"david-academy-api","timestamp":"2025-07-17 15:17:10"}
{"level":"info","message":"insert MultipleRadio Question content: Inserted question text for questionId=49","service":"david-academy-api","timestamp":"2025-07-17 15:17:10"}
{"level":"info","message":"🔽 Multiple Radio \"percussion on the involved side produces a dull sound\" -> \"[object Object]\"","service":"david-academy-api","timestamp":"2025-07-17 15:17:10"}
{"level":"info","message":"insert MultipleRadio Question content: Inserted question text for questionId=49","service":"david-academy-api","timestamp":"2025-07-17 15:17:10"}
{"level":"info","message":"🔽 Multiple Radio \"chest wall tenderness\" -> \"[object Object]\"","service":"david-academy-api","timestamp":"2025-07-17 15:17:10"}
{"level":"info","message":"insert MultipleRadio radio Options: Inserted question option for questionId=49","service":"david-academy-api","timestamp":"2025-07-17 15:17:10"}
{"level":"info","message":"✅  Multiple Radio option \"hemothorax\" added","service":"david-academy-api","timestamp":"2025-07-17 15:17:10"}
{"level":"info","message":"insert MultipleRadio radio Options: Inserted question option for questionId=49","service":"david-academy-api","timestamp":"2025-07-17 15:17:10"}
{"level":"info","message":"✅  Multiple Radio option \"asthma exacerbation\" added","service":"david-academy-api","timestamp":"2025-07-17 15:17:10"}
{"level":"info","message":"insertMCQExplanation: Inserted explanation for questionId=49","service":"david-academy-api","timestamp":"2025-07-17 15:17:10"}
{"level":"info","message":"📝 Multiple Radio Explanation added for question 49","service":"david-academy-api","timestamp":"2025-07-17 15:17:10"}
{"level":"info","message":"insertAdditionalInfo: Inserted info for questionId=49","service":"david-academy-api","timestamp":"2025-07-17 15:17:10"}
{"level":"info","message":"📝 Multiple Radio Additional information added for question 49","service":"david-academy-api","timestamp":"2025-07-17 15:17:10"}
{"level":"info","message":"POST /api/exam/question 201 1003ms","meta":{"req":{"headers":{"accept":"*/*","accept-encoding":"gzip, deflate, br","cache-control":"no-cache","connection":"keep-alive","content-length":"2504","content-type":"application/json","host":"localhost:6040","postman-token":"342b5cec-e2d4-49a5-8876-bbbf5689da14","user-agent":"PostmanRuntime/7.44.1"},"httpVersion":"1.1","method":"POST","originalUrl":"/api/exam/question","query":{},"url":"/api/exam/question"},"res":{"statusCode":201},"responseTime":1003},"service":"david-academy-api","timestamp":"2025-07-17 15:17:10"}
{"level":"info","message":"HTTP server enabled","service":"david-academy-api","timestamp":"2025-07-17 15:21:31"}
{"level":"info","message":"Server listening on port 6040","service":"david-academy-api","timestamp":"2025-07-17 15:21:31"}
{"level":"info","message":"✅ Connected to MySQL database","service":"david-academy-api","timestamp":"2025-07-17 15:21:31"}
{"level":"info","message":"HTTP server enabled","service":"david-academy-api","timestamp":"2025-07-17 15:21:57"}
{"level":"info","message":"Server listening on port 6040","service":"david-academy-api","timestamp":"2025-07-17 15:21:58"}
{"level":"info","message":"✅ Connected to MySQL database","service":"david-academy-api","timestamp":"2025-07-17 15:21:58"}
{"level":"info","message":"HTTP server enabled","service":"david-academy-api","timestamp":"2025-07-17 15:22:03"}
{"level":"info","message":"Server listening on port 6040","service":"david-academy-api","timestamp":"2025-07-17 15:22:03"}
{"level":"info","message":"✅ Connected to MySQL database","service":"david-academy-api","timestamp":"2025-07-17 15:22:03"}
{"level":"info","message":"HTTP server enabled","service":"david-academy-api","timestamp":"2025-07-17 15:22:13"}
{"level":"info","message":"Server listening on port 6040","service":"david-academy-api","timestamp":"2025-07-17 15:22:13"}
{"level":"info","message":"✅ Connected to MySQL database","service":"david-academy-api","timestamp":"2025-07-17 15:22:13"}
{"level":"info","message":"HTTP server enabled","service":"david-academy-api","timestamp":"2025-07-17 15:22:21"}
{"level":"info","message":"Server listening on port 6040","service":"david-academy-api","timestamp":"2025-07-17 15:22:21"}
{"level":"info","message":"✅ Connected to MySQL database","service":"david-academy-api","timestamp":"2025-07-17 15:22:21"}
{"level":"info","message":"HTTP server enabled","service":"david-academy-api","timestamp":"2025-07-17 15:22:26"}
{"level":"info","message":"Server listening on port 6040","service":"david-academy-api","timestamp":"2025-07-17 15:22:26"}
{"level":"info","message":"✅ Connected to MySQL database","service":"david-academy-api","timestamp":"2025-07-17 15:22:26"}
{"level":"info","message":"HTTP server enabled","service":"david-academy-api","timestamp":"2025-07-17 15:22:31"}
{"level":"info","message":"Server listening on port 6040","service":"david-academy-api","timestamp":"2025-07-17 15:22:32"}
{"level":"info","message":"✅ Connected to MySQL database","service":"david-academy-api","timestamp":"2025-07-17 15:22:32"}
{"level":"info","message":"HTTP server enabled","service":"david-academy-api","timestamp":"2025-07-17 15:22:38"}
{"level":"info","message":"Server listening on port 6040","service":"david-academy-api","timestamp":"2025-07-17 15:22:38"}
{"level":"info","message":"✅ Connected to MySQL database","service":"david-academy-api","timestamp":"2025-07-17 15:22:38"}
{"level":"info","message":"HTTP server enabled","service":"david-academy-api","timestamp":"2025-07-17 15:22:39"}
{"level":"info","message":"Server listening on port 6040","service":"david-academy-api","timestamp":"2025-07-17 15:22:39"}
{"level":"info","message":"✅ Connected to MySQL database","service":"david-academy-api","timestamp":"2025-07-17 15:22:39"}
{"level":"info","message":"HTTP server enabled","service":"david-academy-api","timestamp":"2025-07-17 15:22:40"}
{"level":"info","message":"Server listening on port 6040","service":"david-academy-api","timestamp":"2025-07-17 15:22:40"}
{"level":"info","message":"✅ Connected to MySQL database","service":"david-academy-api","timestamp":"2025-07-17 15:22:40"}
{"level":"info","message":"HTTP server enabled","service":"david-academy-api","timestamp":"2025-07-17 15:22:51"}
{"level":"info","message":"Server listening on port 6040","service":"david-academy-api","timestamp":"2025-07-17 15:22:51"}
{"level":"info","message":"✅ Connected to MySQL database","service":"david-academy-api","timestamp":"2025-07-17 15:22:51"}
{"level":"info","message":"HTTP server enabled","service":"david-academy-api","timestamp":"2025-07-17 15:22:59"}
{"level":"info","message":"Server listening on port 6040","service":"david-academy-api","timestamp":"2025-07-17 15:22:59"}
{"level":"info","message":"✅ Connected to MySQL database","service":"david-academy-api","timestamp":"2025-07-17 15:22:59"}
{"level":"info","message":"HTTP server enabled","service":"david-academy-api","timestamp":"2025-07-17 15:23:04"}
{"level":"info","message":"Server listening on port 6040","service":"david-academy-api","timestamp":"2025-07-17 15:23:05"}
{"level":"info","message":"✅ Connected to MySQL database","service":"david-academy-api","timestamp":"2025-07-17 15:23:05"}
{"level":"info","message":"HTTP server enabled","service":"david-academy-api","timestamp":"2025-07-17 15:23:08"}
{"level":"info","message":"Server listening on port 6040","service":"david-academy-api","timestamp":"2025-07-17 15:23:09"}
{"level":"info","message":"✅ Connected to MySQL database","service":"david-academy-api","timestamp":"2025-07-17 15:23:09"}
{"level":"info","message":"HTTP server enabled","service":"david-academy-api","timestamp":"2025-07-17 15:23:12"}
{"level":"info","message":"Server listening on port 6040","service":"david-academy-api","timestamp":"2025-07-17 15:23:13"}
{"level":"info","message":"✅ Connected to MySQL database","service":"david-academy-api","timestamp":"2025-07-17 15:23:13"}
{"level":"info","message":"HTTP server enabled","service":"david-academy-api","timestamp":"2025-07-17 15:24:52"}
{"level":"info","message":"Server listening on port 6040","service":"david-academy-api","timestamp":"2025-07-17 15:24:53"}
{"level":"info","message":"✅ Connected to MySQL database","service":"david-academy-api","timestamp":"2025-07-17 15:24:53"}
{"level":"info","message":"HTTP server enabled","service":"david-academy-api","timestamp":"2025-07-17 15:24:56"}
{"level":"info","message":"Server listening on port 6040","service":"david-academy-api","timestamp":"2025-07-17 15:24:57"}
{"level":"info","message":"✅ Connected to MySQL database","service":"david-academy-api","timestamp":"2025-07-17 15:24:57"}
{"level":"info","message":"HTTP server enabled","service":"david-academy-api","timestamp":"2025-07-17 15:25:00"}
{"level":"info","message":"Server listening on port 6040","service":"david-academy-api","timestamp":"2025-07-17 15:25:01"}
{"level":"info","message":"✅ Connected to MySQL database","service":"david-academy-api","timestamp":"2025-07-17 15:25:01"}
{"level":"info","message":"HTTP server enabled","service":"david-academy-api","timestamp":"2025-07-17 15:25:22"}
{"level":"info","message":"Server listening on port 6040","service":"david-academy-api","timestamp":"2025-07-17 15:25:22"}
{"level":"info","message":"✅ Connected to MySQL database","service":"david-academy-api","timestamp":"2025-07-17 15:25:22"}
{"level":"error","message":"middlewareError","meta":{"date":"Thu Jul 17 2025 15:25:26 GMT+0530 (India Standard Time)","error":{"body":"\n\n\n\n\n\n\n\n\n\n\n\n\n\n\n\n\n\n\n\n\n\n\n\n\n\n\n\n\n\n\n\n\n\n\n\n\n\n\n\n\n\n\n\n\n\n\n\n\n\n\n\n\n\n\n\n\n\n\n\n\n\n\n\n\n\n\n\n\n\n\n\n\n\n\n\n\n\n\n\n\n\n\n\n\n\n{\r\n    \"questionType\": \"Multiple Radio\",\r\n    \"question_type_id\":,\r\n    \"question\": \"Arrange the steps in the correct order for performing tracheostomy suctioning.\",\r\n    \"difficulty\": \"Medium\",\r\n    \"subject\": 1,\r\n    \"lesson\": 3,\r\n    \"clientNeedArea\": 2,\r\n    \"clientNeedTopic\": 5,\r\n    \"tabs\": [\r\n        {\r\n            \"tabKey\": \"Triage Note\",\r\n            \"tabValue\": \"1840: Client presents with dyspnea and right-sided chest pain that is worse when he takes a deep breath and coughs. Pain rated 7 on a scale of 0 (no pain) to 10 (severe pain). The client arrived with his friends after playing baseball outdoors and was struck by a baseball bat on the right side of his chest. Immediately after he sustained the injury, he reported sharp chest pain. Vital signs: T 99° F (37.2° C) P 94, RR 25, BP 127/76, pulse oximetry reading 89% on room air. He has a medical history of hemophilia A and asthma. On assessment, the client is alert and oriented and anxious. The client has labored breathing using his accessory muscles, and lung sounds are absent in the right-sided bases.\"\r\n        }\r\n    ],\r\n    \"question_content\": [\r\n        {\r\n            \"question_text\": \"tachypnea\",\r\n            \"question_answer\": \"hemothorax\"\r\n        },\r\n        {\r\n            \"question_text\": \"reduced (or absent) breath sounds of the affected side\",\r\n            \"question_answer\": \"asthma exacerbation\"\r\n        },\r\n        {\r\n            \"question_text\": \"percussion on the involved side produces a dull sound\",\r\n            \"question_answer\": \"hemothorax\"\r\n        },\r\n        {\r\n            \"question_text\": \"chest wall tenderness\",\r\n            \"question_answer\": \"asthma exacerbation\"\r\n        }\r\n    ],\r\n    \"radio_options\": [\r\n        {\r\n            \"option_value\": \"hemothorax\"\r\n        },\r\n        {\r\n            \"option_value\": \"asthma exacerbation\"\r\n        }\r\n    ],\r\n    \"explanationHeading\": \"Multiple Radio Explanation Heading\",\r\n    \"explanationText\": \"Multiple Radio Proper tracheostomy suctioning follows a systematic approach to ensure patient safety and effectiveness. The correct sequence maintains sterility, prevents hypoxia, and ensures adequate airway clearance.\",\r\n    \"info\": \"Multiple Radio Tracheostomy suctioning should be performed using sterile technique with appropriate pressure settings (80-120 mmHg for adults) to prevent tissue trauma.\",\r\n    \"infoImage\": \"https://example.com/images/tracheostomy-suctioning.png\"\r\n}","expose":true,"status":400,"statusCode":400,"type":"entity.parse.failed"},"exception":true,"level":"error","message":"uncaughtException: Unexpected token ',', ...\"_type_id\":,\r\n    \"qu\"... is not valid JSON\nSyntaxError: Unexpected token ',', ...\"_type_id\":,\r\n    \"qu\"... is not valid JSON\n    at JSON.parse (<anonymous>)\n    at parse (C:\\Users\\anant\\OneDrive\\Desktop\\LUNAR_BACKEND\\Davids_academy_backend\\node_modules\\body-parser\\lib\\types\\json.js:77:19)\n    at C:\\Users\\anant\\OneDrive\\Desktop\\LUNAR_BACKEND\\Davids_academy_backend\\node_modules\\body-parser\\lib\\read.js:123:18\n    at AsyncResource.runInAsyncScope (node:async_hooks:206:9)\n    at invokeCallback (C:\\Users\\anant\\OneDrive\\Desktop\\LUNAR_BACKEND\\Davids_academy_backend\\node_modules\\raw-body\\index.js:238:16)\n    at done (C:\\Users\\anant\\OneDrive\\Desktop\\LUNAR_BACKEND\\Davids_academy_backend\\node_modules\\raw-body\\index.js:227:7)\n    at IncomingMessage.onEnd (C:\\Users\\anant\\OneDrive\\Desktop\\LUNAR_BACKEND\\Davids_academy_backend\\node_modules\\raw-body\\index.js:287:7)\n    at IncomingMessage.emit (node:events:518:28)\n    at endReadableNT (node:internal/streams/readable:1698:12)\n    at process.processTicksAndRejections (node:internal/process/task_queues:82:21)","os":{"loadavg":[0,0,0],"uptime":447388.062},"process":{"argv":["C:\\Program Files\\nodejs\\node.exe","C:\\Users\\anant\\OneDrive\\Desktop\\LUNAR_BACKEND\\Davids_academy_backend\\app.js"],"cwd":"C:\\Users\\anant\\OneDrive\\Desktop\\LUNAR_BACKEND\\Davids_academy_backend","execPath":"C:\\Program Files\\nodejs\\node.exe","gid":null,"memoryUsage":{"arrayBuffers":19697,"external":2264730,"heapTotal":35016704,"heapUsed":15306792,"rss":67506176},"pid":5768,"uid":null,"version":"v20.18.2"},"req":{"headers":{"accept":"*/*","accept-encoding":"gzip, deflate, br","cache-control":"no-cache","connection":"keep-alive","content-length":"2530","content-type":"application/json","host":"localhost:6040","postman-token":"0a98fe42-b7dc-40e2-abb3-274d5795df77","user-agent":"PostmanRuntime/7.44.1"},"httpVersion":"1.1","method":"POST","originalUrl":"/api/exam/question","query":{},"url":"/api/exam/question"},"stack":"SyntaxError: Unexpected token ',', ...\"_type_id\":,\r\n    \"qu\"... is not valid JSON\n    at JSON.parse (<anonymous>)\n    at parse (C:\\Users\\anant\\OneDrive\\Desktop\\LUNAR_BACKEND\\Davids_academy_backend\\node_modules\\body-parser\\lib\\types\\json.js:77:19)\n    at C:\\Users\\anant\\OneDrive\\Desktop\\LUNAR_BACKEND\\Davids_academy_backend\\node_modules\\body-parser\\lib\\read.js:123:18\n    at AsyncResource.runInAsyncScope (node:async_hooks:206:9)\n    at invokeCallback (C:\\Users\\anant\\OneDrive\\Desktop\\LUNAR_BACKEND\\Davids_academy_backend\\node_modules\\raw-body\\index.js:238:16)\n    at done (C:\\Users\\anant\\OneDrive\\Desktop\\LUNAR_BACKEND\\Davids_academy_backend\\node_modules\\raw-body\\index.js:227:7)\n    at IncomingMessage.onEnd (C:\\Users\\anant\\OneDrive\\Desktop\\LUNAR_BACKEND\\Davids_academy_backend\\node_modules\\raw-body\\index.js:287:7)\n    at IncomingMessage.emit (node:events:518:28)\n    at endReadableNT (node:internal/streams/readable:1698:12)\n    at process.processTicksAndRejections (node:internal/process/task_queues:82:21)","trace":[{"column":null,"file":null,"function":"JSON.parse","line":null,"method":"parse","native":false},{"column":19,"file":"C:\\Users\\anant\\OneDrive\\Desktop\\LUNAR_BACKEND\\Davids_academy_backend\\node_modules\\body-parser\\lib\\types\\json.js","function":"parse","line":77,"method":null,"native":false},{"column":18,"file":"C:\\Users\\anant\\OneDrive\\Desktop\\LUNAR_BACKEND\\Davids_academy_backend\\node_modules\\body-parser\\lib\\read.js","function":null,"line":123,"method":null,"native":false},{"column":9,"file":"node:async_hooks","function":"AsyncResource.runInAsyncScope","line":206,"method":"runInAsyncScope","native":false},{"column":16,"file":"C:\\Users\\anant\\OneDrive\\Desktop\\LUNAR_BACKEND\\Davids_academy_backend\\node_modules\\raw-body\\index.js","function":"invokeCallback","line":238,"method":null,"native":false},{"column":7,"file":"C:\\Users\\anant\\OneDrive\\Desktop\\LUNAR_BACKEND\\Davids_academy_backend\\node_modules\\raw-body\\index.js","function":"done","line":227,"method":null,"native":false},{"column":7,"file":"C:\\Users\\anant\\OneDrive\\Desktop\\LUNAR_BACKEND\\Davids_academy_backend\\node_modules\\raw-body\\index.js","function":"IncomingMessage.onEnd","line":287,"method":"onEnd","native":false},{"column":28,"file":"node:events","function":"IncomingMessage.emit","line":518,"method":"emit","native":false},{"column":12,"file":"node:internal/streams/readable","function":"endReadableNT","line":1698,"method":null,"native":false},{"column":21,"file":"node:internal/process/task_queues","function":"process.processTicksAndRejections","line":82,"method":"processTicksAndRejections","native":false}]},"service":"david-academy-api","timestamp":"2025-07-17 15:25:26"}
{"level":"info","message":"📥 Received request to add new question","service":"david-academy-api","timestamp":"2025-07-17 15:25:50"}
{"level":"info","message":"✅ insertMultipleRadioQuestion: Inserted question ID=50","service":"david-academy-api","timestamp":"2025-07-17 15:25:50"}
{"level":"info","message":"✅ Added Multiple Radio question with ID: 50","service":"david-academy-api","timestamp":"2025-07-17 15:25:50"}
{"level":"info","message":"📄 insertTab: Tab \"Triage Note\" added for question ID=50","service":"david-academy-api","timestamp":"2025-07-17 15:25:51"}
{"level":"info","message":"📄 Multiple Radio Inserted tab \"Triage Note\" for question 50","service":"david-academy-api","timestamp":"2025-07-17 15:25:51"}
{"level":"info","message":"insert MultipleRadio Question content: Inserted question text for questionId=50","service":"david-academy-api","timestamp":"2025-07-17 15:25:51"}
{"level":"info","message":"🔽 Multiple Radio \"tachypnea\" -> \"[object Object]\"","service":"david-academy-api","timestamp":"2025-07-17 15:25:51"}
{"level":"info","message":"insert MultipleRadio Question content: Inserted question text for questionId=50","service":"david-academy-api","timestamp":"2025-07-17 15:25:51"}
{"level":"info","message":"🔽 Multiple Radio \"reduced (or absent) breath sounds of the affected side\" -> \"[object Object]\"","service":"david-academy-api","timestamp":"2025-07-17 15:25:51"}
{"level":"info","message":"insert MultipleRadio Question content: Inserted question text for questionId=50","service":"david-academy-api","timestamp":"2025-07-17 15:25:51"}
{"level":"info","message":"🔽 Multiple Radio \"percussion on the involved side produces a dull sound\" -> \"[object Object]\"","service":"david-academy-api","timestamp":"2025-07-17 15:25:51"}
{"level":"info","message":"insert MultipleRadio Question content: Inserted question text for questionId=50","service":"david-academy-api","timestamp":"2025-07-17 15:25:51"}
{"level":"info","message":"🔽 Multiple Radio \"chest wall tenderness\" -> \"[object Object]\"","service":"david-academy-api","timestamp":"2025-07-17 15:25:51"}
{"level":"info","message":"insert MultipleRadio radio Options: Inserted question option for questionId=50","service":"david-academy-api","timestamp":"2025-07-17 15:25:51"}
{"level":"info","message":"✅  Multiple Radio option \"hemothorax\" added","service":"david-academy-api","timestamp":"2025-07-17 15:25:51"}
{"level":"info","message":"insert MultipleRadio radio Options: Inserted question option for questionId=50","service":"david-academy-api","timestamp":"2025-07-17 15:25:51"}
{"level":"info","message":"✅  Multiple Radio option \"asthma exacerbation\" added","service":"david-academy-api","timestamp":"2025-07-17 15:25:51"}
{"level":"info","message":"insertMCQExplanation: Inserted explanation for questionId=50","service":"david-academy-api","timestamp":"2025-07-17 15:25:51"}
{"level":"info","message":"📝 Multiple Radio Explanation added for question 50","service":"david-academy-api","timestamp":"2025-07-17 15:25:51"}
{"level":"info","message":"insertAdditionalInfo: Inserted info for questionId=50","service":"david-academy-api","timestamp":"2025-07-17 15:25:51"}
{"level":"info","message":"📝 Multiple Radio Additional information added for question 50","service":"david-academy-api","timestamp":"2025-07-17 15:25:51"}
{"level":"info","message":"POST /api/exam/question 201 1079ms","meta":{"req":{"headers":{"accept":"*/*","accept-encoding":"gzip, deflate, br","cache-control":"no-cache","connection":"keep-alive","content-length":"2532","content-type":"application/json","host":"localhost:6040","postman-token":"a78b1193-1f82-4611-a2bc-4b594f32b311","user-agent":"PostmanRuntime/7.44.1"},"httpVersion":"1.1","method":"POST","originalUrl":"/api/exam/question","query":{},"url":"/api/exam/question"},"res":{"statusCode":201},"responseTime":1079},"service":"david-academy-api","timestamp":"2025-07-17 15:25:51"}
{"level":"info","message":"🔄 MySQL keep-alive ping successful","service":"david-academy-api","timestamp":"2025-07-17 15:30:22"}
{"level":"info","message":"🔄 MySQL keep-alive ping successful","service":"david-academy-api","timestamp":"2025-07-17 15:35:22"}
{"level":"info","message":"HTTP server enabled","service":"david-academy-api","timestamp":"2025-07-17 15:38:40"}
{"level":"info","message":"Server listening on port 6040","service":"david-academy-api","timestamp":"2025-07-17 15:38:41"}
{"level":"info","message":"✅ Connected to MySQL database","service":"david-academy-api","timestamp":"2025-07-17 15:38:41"}
{"level":"info","message":"📥 Received request to add new question","service":"david-academy-api","timestamp":"2025-07-17 15:40:53"}
{"level":"info","message":"✅ insertFillTheBlanksQuestion: Inserted question ID=51","service":"david-academy-api","timestamp":"2025-07-17 15:40:53"}
{"level":"info","message":"✅ Added dropdown question with ID: 51","service":"david-academy-api","timestamp":"2025-07-17 15:40:53"}
{"level":"info","message":"insert FillTheBlanks Question content: Inserted question text for questionId=51","service":"david-academy-api","timestamp":"2025-07-17 15:40:53"}
{"level":"info","message":"📄 Inserted fill in the blanks text \"Turn on the suction device and set appropriate pressure.\" with answer some disease  for question 51","service":"david-academy-api","timestamp":"2025-07-17 15:40:53"}
{"level":"info","message":"insert FillTheBlanks Question content: Inserted question text for questionId=51","service":"david-academy-api","timestamp":"2025-07-17 15:40:53"}
{"level":"info","message":"📄 Inserted fill in the blanks text \"and\" with answer symptoms  for question 51","service":"david-academy-api","timestamp":"2025-07-17 15:40:53"}
{"level":"info","message":"insert FillTheBlanks Question content: Inserted question text for questionId=51","service":"david-academy-api","timestamp":"2025-07-17 15:40:53"}
{"level":"info","message":"📄 Inserted fill in the blanks text \"if the condition is not managed\" with answer   for question 51","service":"david-academy-api","timestamp":"2025-07-17 15:40:53"}
{"level":"info","message":"insert FillTheBlanks Options: Inserted question option for questionId=51","service":"david-academy-api","timestamp":"2025-07-17 15:40:54"}
{"level":"info","message":"📄 Inserted fill in the blanks options heading \"Option Heading\" and option some disease for question 51","service":"david-academy-api","timestamp":"2025-07-17 15:40:54"}
{"level":"info","message":"insert FillTheBlanks Options: Inserted question option for questionId=51","service":"david-academy-api","timestamp":"2025-07-17 15:40:54"}
{"level":"info","message":"📄 Inserted fill in the blanks options heading \"Option Heading\" and option fever for question 51","service":"david-academy-api","timestamp":"2025-07-17 15:40:54"}
{"level":"info","message":"insert FillTheBlanks Options: Inserted question option for questionId=51","service":"david-academy-api","timestamp":"2025-07-17 15:40:54"}
{"level":"info","message":"📄 Inserted fill in the blanks options heading \"Option Heading\" and option he is alright for question 51","service":"david-academy-api","timestamp":"2025-07-17 15:40:54"}
{"level":"info","message":"insert FillTheBlanks Options: Inserted question option for questionId=51","service":"david-academy-api","timestamp":"2025-07-17 15:40:54"}
{"level":"info","message":"📄 Inserted fill in the blanks options heading \"Option Heading\" and option symptoms for question 51","service":"david-academy-api","timestamp":"2025-07-17 15:40:54"}
{"level":"info","message":"insertMCQExplanation: Inserted explanation for questionId=51","service":"david-academy-api","timestamp":"2025-07-17 15:40:54"}
{"level":"info","message":"📝 Explanation added for question 51","service":"david-academy-api","timestamp":"2025-07-17 15:40:54"}
{"level":"info","message":"insertAdditionalInfo: Inserted info for questionId=51","service":"david-academy-api","timestamp":"2025-07-17 15:40:54"}
{"level":"info","message":"📝 Additional information added for question 51","service":"david-academy-api","timestamp":"2025-07-17 15:40:54"}
{"level":"info","message":"POST /api/exam/question 201 1077ms","meta":{"req":{"headers":{"accept":"*/*","accept-encoding":"gzip, deflate, br","cache-control":"no-cache","connection":"keep-alive","content-length":"2085","content-type":"application/json","host":"localhost:6040","postman-token":"321ed577-d94f-4baa-85d1-99608ff683a3","user-agent":"PostmanRuntime/7.44.1"},"httpVersion":"1.1","method":"POST","originalUrl":"/api/exam/question","query":{},"url":"/api/exam/question"},"res":{"statusCode":201},"responseTime":1077},"service":"david-academy-api","timestamp":"2025-07-17 15:40:54"}
{"level":"info","message":"🔄 MySQL keep-alive ping successful","service":"david-academy-api","timestamp":"2025-07-17 15:43:41"}
{"level":"info","message":"🔄 MySQL keep-alive ping successful","service":"david-academy-api","timestamp":"2025-07-17 15:50:07"}
{"level":"info","message":"🔄 MySQL keep-alive ping successful","service":"david-academy-api","timestamp":"2025-07-17 15:55:06"}
{"level":"info","message":"🔄 MySQL keep-alive ping successful","service":"david-academy-api","timestamp":"2025-07-17 16:00:06"}
{"level":"info","message":"🔄 MySQL keep-alive ping successful","service":"david-academy-api","timestamp":"2025-07-17 16:36:27"}
{"level":"info","message":"🔄 MySQL keep-alive ping successful","service":"david-academy-api","timestamp":"2025-07-17 16:41:27"}
{"level":"info","message":"HTTP server enabled","service":"david-academy-api","timestamp":"2025-07-17 16:43:26"}
{"level":"info","message":"Server listening on port 6040","service":"david-academy-api","timestamp":"2025-07-17 16:43:26"}
{"level":"info","message":"✅ Connected to MySQL database","service":"david-academy-api","timestamp":"2025-07-17 16:43:27"}
{"level":"info","message":"HTTP server enabled","service":"david-academy-api","timestamp":"2025-07-17 16:43:28"}
{"level":"info","message":"Server listening on port 6040","service":"david-academy-api","timestamp":"2025-07-17 16:43:28"}
{"level":"info","message":"✅ Connected to MySQL database","service":"david-academy-api","timestamp":"2025-07-17 16:43:28"}
{"level":"info","message":"HTTP server enabled","service":"david-academy-api","timestamp":"2025-07-17 16:43:37"}
{"level":"info","message":"Server listening on port 6040","service":"david-academy-api","timestamp":"2025-07-17 16:43:37"}
{"level":"info","message":"✅ Connected to MySQL database","service":"david-academy-api","timestamp":"2025-07-17 16:43:37"}
{"level":"info","message":"HTTP server enabled","service":"david-academy-api","timestamp":"2025-07-17 16:43:42"}
{"level":"info","message":"Server listening on port 6040","service":"david-academy-api","timestamp":"2025-07-17 16:43:42"}
{"level":"info","message":"✅ Connected to MySQL database","service":"david-academy-api","timestamp":"2025-07-17 16:43:42"}
{"level":"info","message":"HTTP server enabled","service":"david-academy-api","timestamp":"2025-07-17 16:48:06"}
{"level":"info","message":"Server listening on port 6040","service":"david-academy-api","timestamp":"2025-07-17 16:48:06"}
{"level":"info","message":"✅ Connected to MySQL database","service":"david-academy-api","timestamp":"2025-07-17 16:48:06"}
{"level":"info","message":"HTTP server enabled","service":"david-academy-api","timestamp":"2025-07-17 16:48:36"}
{"level":"info","message":"Server listening on port 6040","service":"david-academy-api","timestamp":"2025-07-17 16:48:36"}
{"level":"info","message":"✅ Connected to MySQL database","service":"david-academy-api","timestamp":"2025-07-17 16:48:36"}
{"level":"info","message":"HTTP server enabled","service":"david-academy-api","timestamp":"2025-07-17 16:48:51"}
{"level":"info","message":"Server listening on port 6040","service":"david-academy-api","timestamp":"2025-07-17 16:48:52"}
{"level":"info","message":"✅ Connected to MySQL database","service":"david-academy-api","timestamp":"2025-07-17 16:48:52"}
{"level":"info","message":"HTTP server enabled","service":"david-academy-api","timestamp":"2025-07-17 16:48:53"}
{"level":"info","message":"Server listening on port 6040","service":"david-academy-api","timestamp":"2025-07-17 16:48:53"}
{"level":"info","message":"✅ Connected to MySQL database","service":"david-academy-api","timestamp":"2025-07-17 16:48:53"}
{"level":"info","message":"HTTP server enabled","service":"david-academy-api","timestamp":"2025-07-17 16:48:55"}
{"level":"info","message":"Server listening on port 6040","service":"david-academy-api","timestamp":"2025-07-17 16:48:55"}
{"level":"info","message":"✅ Connected to MySQL database","service":"david-academy-api","timestamp":"2025-07-17 16:48:56"}
{"level":"info","message":"HTTP server enabled","service":"david-academy-api","timestamp":"2025-07-17 16:48:58"}
{"level":"info","message":"Server listening on port 6040","service":"david-academy-api","timestamp":"2025-07-17 16:48:58"}
{"level":"info","message":"✅ Connected to MySQL database","service":"david-academy-api","timestamp":"2025-07-17 16:48:58"}
{"level":"info","message":"HTTP server enabled","service":"david-academy-api","timestamp":"2025-07-17 16:49:02"}
{"level":"info","message":"Server listening on port 6040","service":"david-academy-api","timestamp":"2025-07-17 16:49:02"}
{"level":"info","message":"✅ Connected to MySQL database","service":"david-academy-api","timestamp":"2025-07-17 16:49:02"}
{"level":"info","message":"HTTP server enabled","service":"david-academy-api","timestamp":"2025-07-17 16:49:06"}
{"level":"info","message":"Server listening on port 6040","service":"david-academy-api","timestamp":"2025-07-17 16:49:07"}
{"level":"info","message":"✅ Connected to MySQL database","service":"david-academy-api","timestamp":"2025-07-17 16:49:07"}
{"level":"info","message":"HTTP server enabled","service":"david-academy-api","timestamp":"2025-07-17 16:49:11"}
{"level":"info","message":"Server listening on port 6040","service":"david-academy-api","timestamp":"2025-07-17 16:49:11"}
{"level":"info","message":"✅ Connected to MySQL database","service":"david-academy-api","timestamp":"2025-07-17 16:49:11"}
{"level":"info","message":"HTTP server enabled","service":"david-academy-api","timestamp":"2025-07-17 16:49:18"}
{"level":"info","message":"Server listening on port 6040","service":"david-academy-api","timestamp":"2025-07-17 16:49:18"}
{"level":"info","message":"✅ Connected to MySQL database","service":"david-academy-api","timestamp":"2025-07-17 16:49:18"}
{"level":"info","message":"HTTP server enabled","service":"david-academy-api","timestamp":"2025-07-17 16:49:29"}
{"level":"info","message":"Server listening on port 6040","service":"david-academy-api","timestamp":"2025-07-17 16:49:29"}
{"level":"info","message":"✅ Connected to MySQL database","service":"david-academy-api","timestamp":"2025-07-17 16:49:30"}
{"level":"info","message":"HTTP server enabled","service":"david-academy-api","timestamp":"2025-07-17 16:50:07"}
{"level":"info","message":"Server listening on port 6040","service":"david-academy-api","timestamp":"2025-07-17 16:50:07"}
{"level":"info","message":"✅ Connected to MySQL database","service":"david-academy-api","timestamp":"2025-07-17 16:50:07"}
{"level":"info","message":"HTTP server enabled","service":"david-academy-api","timestamp":"2025-07-17 16:50:11"}
{"level":"info","message":"Server listening on port 6040","service":"david-academy-api","timestamp":"2025-07-17 16:50:11"}
{"level":"info","message":"✅ Connected to MySQL database","service":"david-academy-api","timestamp":"2025-07-17 16:50:11"}
{"level":"info","message":"HTTP server enabled","service":"david-academy-api","timestamp":"2025-07-17 16:50:15"}
{"level":"info","message":"Server listening on port 6040","service":"david-academy-api","timestamp":"2025-07-17 16:50:16"}
{"level":"info","message":"✅ Connected to MySQL database","service":"david-academy-api","timestamp":"2025-07-17 16:50:16"}
{"level":"info","message":"HTTP server enabled","service":"david-academy-api","timestamp":"2025-07-17 16:50:18"}
{"level":"info","message":"Server listening on port 6040","service":"david-academy-api","timestamp":"2025-07-17 16:50:18"}
{"level":"info","message":"✅ Connected to MySQL database","service":"david-academy-api","timestamp":"2025-07-17 16:50:18"}
{"level":"info","message":"HTTP server enabled","service":"david-academy-api","timestamp":"2025-07-17 16:50:25"}
{"level":"info","message":"Server listening on port 6040","service":"david-academy-api","timestamp":"2025-07-17 16:50:25"}
{"level":"info","message":"✅ Connected to MySQL database","service":"david-academy-api","timestamp":"2025-07-17 16:50:25"}
{"level":"info","message":"HTTP server enabled","service":"david-academy-api","timestamp":"2025-07-17 16:50:29"}
{"level":"info","message":"Server listening on port 6040","service":"david-academy-api","timestamp":"2025-07-17 16:50:29"}
{"level":"info","message":"✅ Connected to MySQL database","service":"david-academy-api","timestamp":"2025-07-17 16:50:29"}
{"level":"info","message":"HTTP server enabled","service":"david-academy-api","timestamp":"2025-07-17 16:50:30"}
{"level":"info","message":"Server listening on port 6040","service":"david-academy-api","timestamp":"2025-07-17 16:50:30"}
{"level":"info","message":"✅ Connected to MySQL database","service":"david-academy-api","timestamp":"2025-07-17 16:50:30"}
{"level":"info","message":"HTTP server enabled","service":"david-academy-api","timestamp":"2025-07-17 16:50:31"}
{"level":"info","message":"Server listening on port 6040","service":"david-academy-api","timestamp":"2025-07-17 16:50:32"}
{"level":"info","message":"✅ Connected to MySQL database","service":"david-academy-api","timestamp":"2025-07-17 16:50:32"}
{"level":"info","message":"HTTP server enabled","service":"david-academy-api","timestamp":"2025-07-17 16:50:33"}
{"level":"info","message":"Server listening on port 6040","service":"david-academy-api","timestamp":"2025-07-17 16:50:33"}
{"level":"info","message":"✅ Connected to MySQL database","service":"david-academy-api","timestamp":"2025-07-17 16:50:33"}
{"level":"info","message":"HTTP server enabled","service":"david-academy-api","timestamp":"2025-07-17 16:52:09"}
{"level":"info","message":"Server listening on port 6040","service":"david-academy-api","timestamp":"2025-07-17 16:52:09"}
{"level":"info","message":"✅ Connected to MySQL database","service":"david-academy-api","timestamp":"2025-07-17 16:52:10"}
{"level":"info","message":"HTTP server enabled","service":"david-academy-api","timestamp":"2025-07-17 16:52:14"}
{"level":"info","message":"Server listening on port 6040","service":"david-academy-api","timestamp":"2025-07-17 16:52:14"}
{"level":"info","message":"✅ Connected to MySQL database","service":"david-academy-api","timestamp":"2025-07-17 16:52:14"}
{"level":"info","message":"HTTP server enabled","service":"david-academy-api","timestamp":"2025-07-17 16:52:20"}
{"level":"info","message":"Server listening on port 6040","service":"david-academy-api","timestamp":"2025-07-17 16:52:20"}
{"level":"info","message":"✅ Connected to MySQL database","service":"david-academy-api","timestamp":"2025-07-17 16:52:20"}
{"level":"info","message":"HTTP server enabled","service":"david-academy-api","timestamp":"2025-07-17 16:52:45"}
{"level":"info","message":"Server listening on port 6040","service":"david-academy-api","timestamp":"2025-07-17 16:52:45"}
{"level":"info","message":"✅ Connected to MySQL database","service":"david-academy-api","timestamp":"2025-07-17 16:52:45"}
{"level":"info","message":"HTTP server enabled","service":"david-academy-api","timestamp":"2025-07-17 16:52:50"}
{"level":"info","message":"Server listening on port 6040","service":"david-academy-api","timestamp":"2025-07-17 16:52:50"}
{"level":"info","message":"✅ Connected to MySQL database","service":"david-academy-api","timestamp":"2025-07-17 16:52:50"}
{"level":"info","message":"HTTP server enabled","service":"david-academy-api","timestamp":"2025-07-17 16:52:57"}
{"level":"info","message":"Server listening on port 6040","service":"david-academy-api","timestamp":"2025-07-17 16:52:57"}
{"level":"info","message":"✅ Connected to MySQL database","service":"david-academy-api","timestamp":"2025-07-17 16:52:58"}
{"level":"info","message":"HTTP server enabled","service":"david-academy-api","timestamp":"2025-07-17 16:53:09"}
{"level":"info","message":"Server listening on port 6040","service":"david-academy-api","timestamp":"2025-07-17 16:53:09"}
{"level":"info","message":"✅ Connected to MySQL database","service":"david-academy-api","timestamp":"2025-07-17 16:53:09"}
{"level":"info","message":"HTTP server enabled","service":"david-academy-api","timestamp":"2025-07-17 16:53:14"}
{"level":"info","message":"Server listening on port 6040","service":"david-academy-api","timestamp":"2025-07-17 16:53:14"}
{"level":"info","message":"✅ Connected to MySQL database","service":"david-academy-api","timestamp":"2025-07-17 16:53:14"}
{"level":"info","message":"HTTP server enabled","service":"david-academy-api","timestamp":"2025-07-17 16:53:26"}
{"level":"info","message":"Server listening on port 6040","service":"david-academy-api","timestamp":"2025-07-17 16:53:26"}
{"level":"info","message":"✅ Connected to MySQL database","service":"david-academy-api","timestamp":"2025-07-17 16:53:26"}
{"level":"info","message":"HTTP server enabled","service":"david-academy-api","timestamp":"2025-07-17 16:53:29"}
{"level":"info","message":"Server listening on port 6040","service":"david-academy-api","timestamp":"2025-07-17 16:53:30"}
{"level":"info","message":"✅ Connected to MySQL database","service":"david-academy-api","timestamp":"2025-07-17 16:53:30"}
{"level":"info","message":"HTTP server enabled","service":"david-academy-api","timestamp":"2025-07-17 16:53:37"}
{"level":"info","message":"Server listening on port 6040","service":"david-academy-api","timestamp":"2025-07-17 16:53:37"}
{"level":"info","message":"✅ Connected to MySQL database","service":"david-academy-api","timestamp":"2025-07-17 16:53:38"}
{"level":"info","message":"HTTP server enabled","service":"david-academy-api","timestamp":"2025-07-17 16:54:35"}
{"level":"info","message":"Server listening on port 6040","service":"david-academy-api","timestamp":"2025-07-17 16:54:36"}
{"level":"info","message":"✅ Connected to MySQL database","service":"david-academy-api","timestamp":"2025-07-17 16:54:36"}
{"level":"info","message":"HTTP server enabled","service":"david-academy-api","timestamp":"2025-07-17 16:54:41"}
{"level":"info","message":"Server listening on port 6040","service":"david-academy-api","timestamp":"2025-07-17 16:54:41"}
{"level":"info","message":"✅ Connected to MySQL database","service":"david-academy-api","timestamp":"2025-07-17 16:54:41"}
{"level":"info","message":"HTTP server enabled","service":"david-academy-api","timestamp":"2025-07-17 16:58:07"}
{"level":"info","message":"Server listening on port 6040","service":"david-academy-api","timestamp":"2025-07-17 16:58:08"}
{"level":"info","message":"✅ Connected to MySQL database","service":"david-academy-api","timestamp":"2025-07-17 16:58:08"}
{"level":"info","message":"HTTP server enabled","service":"david-academy-api","timestamp":"2025-07-17 16:58:11"}
{"level":"info","message":"Server listening on port 6040","service":"david-academy-api","timestamp":"2025-07-17 16:58:11"}
{"level":"info","message":"✅ Connected to MySQL database","service":"david-academy-api","timestamp":"2025-07-17 16:58:11"}
{"level":"info","message":"HTTP server enabled","service":"david-academy-api","timestamp":"2025-07-17 16:58:19"}
{"level":"info","message":"Server listening on port 6040","service":"david-academy-api","timestamp":"2025-07-17 16:58:19"}
{"level":"info","message":"✅ Connected to MySQL database","service":"david-academy-api","timestamp":"2025-07-17 16:58:19"}
{"level":"warn","message":"🔄 MySQL keep-alive failed: getaddrinfo ENOTFOUND srv1132.hstgr.io","service":"david-academy-api","timestamp":"2025-07-17 19:45:00"}
{"level":"warn","message":"🔄 MySQL keep-alive failed: getaddrinfo ENOTFOUND srv1132.hstgr.io","service":"david-academy-api","timestamp":"2025-07-18 00:30:51"}
{"level":"warn","message":"🔄 MySQL keep-alive failed: getaddrinfo ENOTFOUND srv1132.hstgr.io","service":"david-academy-api","timestamp":"2025-07-18 09:07:05"}
{"level":"info","message":"🔄 MySQL keep-alive ping successful","service":"david-academy-api","timestamp":"2025-07-18 09:12:07"}
{"level":"info","message":"HTTP server enabled","service":"david-academy-api","timestamp":"2025-07-18 09:15:09"}
{"level":"info","message":"Server listening on port 6040","service":"david-academy-api","timestamp":"2025-07-18 09:15:16"}
{"level":"info","message":"✅ Connected to MySQL database","service":"david-academy-api","timestamp":"2025-07-18 09:15:17"}
{"level":"info","message":"🔄 MySQL keep-alive ping successful","service":"david-academy-api","timestamp":"2025-07-18 09:20:28"}
{"level":"warn","message":"🔄 MySQL keep-alive failed: getaddrinfo ENOTFOUND srv1132.hstgr.io","service":"david-academy-api","timestamp":"2025-07-18 09:50:36"}
{"level":"info","message":"HTTP server enabled","service":"david-academy-api","timestamp":"2025-07-18 09:52:46"}
{"level":"info","message":"Server listening on port 6040","service":"david-academy-api","timestamp":"2025-07-18 09:52:47"}
{"level":"info","message":"HTTP server enabled","service":"david-academy-api","timestamp":"2025-07-18 09:52:48"}
{"level":"info","message":"Server listening on port 6040","service":"david-academy-api","timestamp":"2025-07-18 09:52:48"}
{"level":"info","message":"✅ Connected to MySQL database","service":"david-academy-api","timestamp":"2025-07-18 09:52:50"}
{"level":"info","message":"HTTP server enabled","service":"david-academy-api","timestamp":"2025-07-18 09:53:25"}
{"level":"info","message":"Server listening on port 6040","service":"david-academy-api","timestamp":"2025-07-18 09:53:25"}
{"level":"info","message":"✅ Connected to MySQL database","service":"david-academy-api","timestamp":"2025-07-18 09:53:26"}
{"level":"info","message":"HTTP server enabled","service":"david-academy-api","timestamp":"2025-07-18 09:53:52"}
{"level":"info","message":"Server listening on port 6040","service":"david-academy-api","timestamp":"2025-07-18 09:53:52"}
{"level":"info","message":"✅ Connected to MySQL database","service":"david-academy-api","timestamp":"2025-07-18 09:53:53"}
{"level":"info","message":"🔄 MySQL keep-alive ping successful","service":"david-academy-api","timestamp":"2025-07-18 09:58:53"}
{"level":"info","message":"🔄 MySQL keep-alive ping successful","service":"david-academy-api","timestamp":"2025-07-18 10:03:58"}
{"level":"info","message":"🔄 MySQL keep-alive ping successful","service":"david-academy-api","timestamp":"2025-07-18 10:08:59"}
{"level":"info","message":"🔄 MySQL keep-alive ping successful","service":"david-academy-api","timestamp":"2025-07-18 10:14:00"}
{"level":"info","message":"🔄 MySQL keep-alive ping successful","service":"david-academy-api","timestamp":"2025-07-18 10:18:59"}
{"level":"info","message":"🔄 MySQL keep-alive ping successful","service":"david-academy-api","timestamp":"2025-07-18 10:23:59"}
{"level":"info","message":"🔄 MySQL keep-alive ping successful","service":"david-academy-api","timestamp":"2025-07-18 10:28:58"}
{"level":"warn","message":"🔄 MySQL keep-alive failed: getaddrinfo ENOTFOUND srv1132.hstgr.io","service":"david-academy-api","timestamp":"2025-07-18 10:51:48"}
{"level":"warn","message":"🔄 MySQL keep-alive failed: getaddrinfo ENOTFOUND srv1132.hstgr.io","service":"david-academy-api","timestamp":"2025-07-18 11:17:57"}
{"level":"info","message":"HTTP server enabled","service":"david-academy-api","timestamp":"2025-07-18 11:22:12"}
{"level":"info","message":"Server listening on port 6040","service":"david-academy-api","timestamp":"2025-07-18 11:22:13"}
{"level":"info","message":"✅ Connected to MySQL database","service":"david-academy-api","timestamp":"2025-07-18 11:22:14"}
{"level":"info","message":"HTTP server enabled","service":"david-academy-api","timestamp":"2025-07-18 11:22:26"}
{"level":"info","message":"Server listening on port 6040","service":"david-academy-api","timestamp":"2025-07-18 11:22:27"}
{"level":"info","message":"✅ Connected to MySQL database","service":"david-academy-api","timestamp":"2025-07-18 11:22:28"}
{"level":"info","message":"HTTP server enabled","service":"david-academy-api","timestamp":"2025-07-18 11:23:16"}
{"level":"info","message":"Server listening on port 6040","service":"david-academy-api","timestamp":"2025-07-18 11:23:17"}
{"level":"info","message":"✅ Connected to MySQL database","service":"david-academy-api","timestamp":"2025-07-18 11:23:18"}
{"level":"info","message":"HTTP server enabled","service":"david-academy-api","timestamp":"2025-07-18 11:23:30"}
{"level":"info","message":"Server listening on port 6040","service":"david-academy-api","timestamp":"2025-07-18 11:23:30"}
{"level":"info","message":"✅ Connected to MySQL database","service":"david-academy-api","timestamp":"2025-07-18 11:23:32"}
{"level":"info","message":"HTTP server enabled","service":"david-academy-api","timestamp":"2025-07-18 11:23:32"}
{"level":"info","message":"Server listening on port 6040","service":"david-academy-api","timestamp":"2025-07-18 11:23:33"}
{"level":"info","message":"✅ Connected to MySQL database","service":"david-academy-api","timestamp":"2025-07-18 11:23:34"}
{"level":"info","message":"HTTP server enabled","service":"david-academy-api","timestamp":"2025-07-18 11:23:36"}
{"level":"info","message":"Server listening on port 6040","service":"david-academy-api","timestamp":"2025-07-18 11:23:37"}
{"level":"info","message":"✅ Connected to MySQL database","service":"david-academy-api","timestamp":"2025-07-18 11:23:38"}
{"level":"info","message":"HTTP server enabled","service":"david-academy-api","timestamp":"2025-07-18 11:25:18"}
{"level":"info","message":"Server listening on port 6040","service":"david-academy-api","timestamp":"2025-07-18 11:25:19"}
{"level":"info","message":"✅ Connected to MySQL database","service":"david-academy-api","timestamp":"2025-07-18 11:25:20"}
{"level":"info","message":"HTTP server enabled","service":"david-academy-api","timestamp":"2025-07-18 11:25:32"}
{"level":"info","message":"Server listening on port 6040","service":"david-academy-api","timestamp":"2025-07-18 11:25:32"}
{"level":"info","message":"✅ Connected to MySQL database","service":"david-academy-api","timestamp":"2025-07-18 11:25:33"}
{"level":"info","message":"HTTP server enabled","service":"david-academy-api","timestamp":"2025-07-18 11:26:06"}
{"level":"info","message":"Server listening on port 6040","service":"david-academy-api","timestamp":"2025-07-18 11:26:06"}
{"level":"info","message":"✅ Connected to MySQL database","service":"david-academy-api","timestamp":"2025-07-18 11:26:07"}
{"level":"info","message":"HTTP server enabled","service":"david-academy-api","timestamp":"2025-07-18 11:26:14"}
{"level":"info","message":"Server listening on port 6040","service":"david-academy-api","timestamp":"2025-07-18 11:26:15"}
{"level":"info","message":"✅ Connected to MySQL database","service":"david-academy-api","timestamp":"2025-07-18 11:26:16"}
{"level":"info","message":"HTTP server enabled","service":"david-academy-api","timestamp":"2025-07-18 11:26:26"}
{"level":"info","message":"Server listening on port 6040","service":"david-academy-api","timestamp":"2025-07-18 11:26:26"}
{"level":"info","message":"✅ Connected to MySQL database","service":"david-academy-api","timestamp":"2025-07-18 11:26:27"}
{"level":"info","message":"HTTP server enabled","service":"david-academy-api","timestamp":"2025-07-18 11:26:33"}
{"level":"info","message":"Server listening on port 6040","service":"david-academy-api","timestamp":"2025-07-18 11:26:33"}
{"level":"info","message":"✅ Connected to MySQL database","service":"david-academy-api","timestamp":"2025-07-18 11:26:34"}
{"level":"info","message":"🔄 MySQL keep-alive ping successful","service":"david-academy-api","timestamp":"2025-07-18 11:31:33"}
{"level":"info","message":"HTTP server enabled","service":"david-academy-api","timestamp":"2025-07-18 11:33:26"}
{"level":"info","message":"Server listening on port 6040","service":"david-academy-api","timestamp":"2025-07-18 11:33:27"}
{"level":"info","message":"✅ Connected to MySQL database","service":"david-academy-api","timestamp":"2025-07-18 11:33:28"}
{"level":"info","message":"HTTP server enabled","service":"david-academy-api","timestamp":"2025-07-18 11:33:48"}
{"level":"info","message":"Server listening on port 6040","service":"david-academy-api","timestamp":"2025-07-18 11:33:48"}
{"level":"info","message":"✅ Connected to MySQL database","service":"david-academy-api","timestamp":"2025-07-18 11:33:49"}
{"level":"info","message":"HTTP server enabled","service":"david-academy-api","timestamp":"2025-07-18 11:33:54"}
{"level":"info","message":"Server listening on port 6040","service":"david-academy-api","timestamp":"2025-07-18 11:33:54"}
{"level":"info","message":"✅ Connected to MySQL database","service":"david-academy-api","timestamp":"2025-07-18 11:33:56"}
{"level":"info","message":"🔄 MySQL keep-alive ping successful","service":"david-academy-api","timestamp":"2025-07-18 11:38:54"}
{"level":"info","message":"🔄 MySQL keep-alive ping successful","service":"david-academy-api","timestamp":"2025-07-18 11:43:54"}
{"level":"info","message":"HTTP server enabled","service":"david-academy-api","timestamp":"2025-07-18 11:48:45"}
{"level":"info","message":"Server listening on port 6040","service":"david-academy-api","timestamp":"2025-07-18 11:48:46"}
{"level":"info","message":"✅ Connected to MySQL database","service":"david-academy-api","timestamp":"2025-07-18 11:48:46"}
{"level":"info","message":"HTTP server enabled","service":"david-academy-api","timestamp":"2025-07-18 11:48:57"}
{"level":"info","message":"Server listening on port 6040","service":"david-academy-api","timestamp":"2025-07-18 11:48:57"}
{"level":"info","message":"HTTP server enabled","service":"david-academy-api","timestamp":"2025-07-18 11:48:58"}
{"level":"info","message":"Server listening on port 6040","service":"david-academy-api","timestamp":"2025-07-18 11:48:58"}
{"level":"info","message":"✅ Connected to MySQL database","service":"david-academy-api","timestamp":"2025-07-18 11:48:58"}
{"level":"info","message":"HTTP server enabled","service":"david-academy-api","timestamp":"2025-07-18 11:49:05"}
{"level":"info","message":"Server listening on port 6040","service":"david-academy-api","timestamp":"2025-07-18 11:49:05"}
{"level":"info","message":"✅ Connected to MySQL database","service":"david-academy-api","timestamp":"2025-07-18 11:49:05"}
{"level":"info","message":"HTTP server enabled","service":"david-academy-api","timestamp":"2025-07-18 11:50:29"}
{"level":"info","message":"Server listening on port 6040","service":"david-academy-api","timestamp":"2025-07-18 11:50:30"}
{"level":"info","message":"✅ Connected to MySQL database","service":"david-academy-api","timestamp":"2025-07-18 11:50:30"}
{"level":"info","message":"HTTP server enabled","service":"david-academy-api","timestamp":"2025-07-18 11:50:33"}
{"level":"info","message":"Server listening on port 6040","service":"david-academy-api","timestamp":"2025-07-18 11:50:33"}
{"level":"info","message":"✅ Connected to MySQL database","service":"david-academy-api","timestamp":"2025-07-18 11:50:33"}
{"level":"info","message":"HTTP server enabled","service":"david-academy-api","timestamp":"2025-07-18 11:51:02"}
{"level":"info","message":"Server listening on port 6040","service":"david-academy-api","timestamp":"2025-07-18 11:51:02"}
{"level":"info","message":"✅ Connected to MySQL database","service":"david-academy-api","timestamp":"2025-07-18 11:51:02"}
{"level":"info","message":"HTTP server enabled","service":"david-academy-api","timestamp":"2025-07-18 11:51:05"}
{"level":"info","message":"Server listening on port 6040","service":"david-academy-api","timestamp":"2025-07-18 11:51:05"}
{"level":"info","message":"✅ Connected to MySQL database","service":"david-academy-api","timestamp":"2025-07-18 11:51:05"}
{"level":"info","message":"HTTP server enabled","service":"david-academy-api","timestamp":"2025-07-18 11:51:12"}
{"level":"info","message":"Server listening on port 6040","service":"david-academy-api","timestamp":"2025-07-18 11:51:12"}
{"level":"info","message":"✅ Connected to MySQL database","service":"david-academy-api","timestamp":"2025-07-18 11:51:12"}
{"level":"info","message":"HTTP server enabled","service":"david-academy-api","timestamp":"2025-07-18 11:51:22"}
{"level":"info","message":"Server listening on port 6040","service":"david-academy-api","timestamp":"2025-07-18 11:51:22"}
{"level":"info","message":"✅ Connected to MySQL database","service":"david-academy-api","timestamp":"2025-07-18 11:51:23"}
{"level":"info","message":"HTTP server enabled","service":"david-academy-api","timestamp":"2025-07-18 11:51:25"}
{"level":"info","message":"Server listening on port 6040","service":"david-academy-api","timestamp":"2025-07-18 11:51:25"}
{"level":"info","message":"✅ Connected to MySQL database","service":"david-academy-api","timestamp":"2025-07-18 11:51:25"}
{"level":"info","message":"HTTP server enabled","service":"david-academy-api","timestamp":"2025-07-18 11:52:21"}
{"level":"info","message":"Server listening on port 6040","service":"david-academy-api","timestamp":"2025-07-18 11:52:21"}
{"level":"info","message":"✅ Connected to MySQL database","service":"david-academy-api","timestamp":"2025-07-18 11:52:22"}
{"level":"info","message":"HTTP server enabled","service":"david-academy-api","timestamp":"2025-07-18 11:52:30"}
{"level":"info","message":"Server listening on port 6040","service":"david-academy-api","timestamp":"2025-07-18 11:52:31"}
{"level":"info","message":"✅ Connected to MySQL database","service":"david-academy-api","timestamp":"2025-07-18 11:52:31"}
{"level":"info","message":"HTTP server enabled","service":"david-academy-api","timestamp":"2025-07-18 11:52:36"}
{"level":"info","message":"Server listening on port 6040","service":"david-academy-api","timestamp":"2025-07-18 11:52:36"}
{"level":"info","message":"✅ Connected to MySQL database","service":"david-academy-api","timestamp":"2025-07-18 11:52:36"}
{"level":"info","message":"HTTP server enabled","service":"david-academy-api","timestamp":"2025-07-18 11:52:44"}
{"level":"info","message":"Server listening on port 6040","service":"david-academy-api","timestamp":"2025-07-18 11:52:44"}
{"level":"info","message":"✅ Connected to MySQL database","service":"david-academy-api","timestamp":"2025-07-18 11:52:44"}
{"level":"info","message":"HTTP server enabled","service":"david-academy-api","timestamp":"2025-07-18 11:52:59"}
{"level":"info","message":"Server listening on port 6040","service":"david-academy-api","timestamp":"2025-07-18 11:52:59"}
{"level":"info","message":"✅ Connected to MySQL database","service":"david-academy-api","timestamp":"2025-07-18 11:52:59"}
{"level":"info","message":"HTTP server enabled","service":"david-academy-api","timestamp":"2025-07-18 11:53:02"}
{"level":"info","message":"Server listening on port 6040","service":"david-academy-api","timestamp":"2025-07-18 11:53:02"}
{"level":"info","message":"✅ Connected to MySQL database","service":"david-academy-api","timestamp":"2025-07-18 11:53:02"}
{"level":"info","message":"HTTP server enabled","service":"david-academy-api","timestamp":"2025-07-18 11:53:04"}
{"level":"info","message":"Server listening on port 6040","service":"david-academy-api","timestamp":"2025-07-18 11:53:05"}
{"level":"info","message":"✅ Connected to MySQL database","service":"david-academy-api","timestamp":"2025-07-18 11:53:05"}
{"level":"info","message":"HTTP server enabled","service":"david-academy-api","timestamp":"2025-07-18 11:53:09"}
{"level":"info","message":"Server listening on port 6040","service":"david-academy-api","timestamp":"2025-07-18 11:53:09"}
{"level":"info","message":"✅ Connected to MySQL database","service":"david-academy-api","timestamp":"2025-07-18 11:53:09"}
{"level":"info","message":"HTTP server enabled","service":"david-academy-api","timestamp":"2025-07-18 11:53:19"}
{"level":"info","message":"Server listening on port 6040","service":"david-academy-api","timestamp":"2025-07-18 11:53:19"}
{"level":"info","message":"✅ Connected to MySQL database","service":"david-academy-api","timestamp":"2025-07-18 11:53:19"}
{"level":"info","message":"📥 Received request to add new question","service":"david-academy-api","timestamp":"2025-07-18 11:53:31"}
{"level":"info","message":"✅ insertFillTheBlanksQuestion: Inserted question ID=52","service":"david-academy-api","timestamp":"2025-07-18 11:53:31"}
{"level":"info","message":"✅ Added dropdown question with ID: 52","service":"david-academy-api","timestamp":"2025-07-18 11:53:31"}
{"level":"info","message":"insert FillTheBlanks Question content: Inserted question text for questionId=52","service":"david-academy-api","timestamp":"2025-07-18 11:53:32"}
{"level":"info","message":"📄 Inserted fill in the blanks text \"Turn on the suction device and set appropriate pressure.\" with answer some disease  for question 52","service":"david-academy-api","timestamp":"2025-07-18 11:53:32"}
{"level":"info","message":"insert FillTheBlanks Question content: Inserted question text for questionId=52","service":"david-academy-api","timestamp":"2025-07-18 11:53:32"}
{"level":"info","message":"📄 Inserted fill in the blanks text \"and\" with answer symptoms  for question 52","service":"david-academy-api","timestamp":"2025-07-18 11:53:32"}
{"level":"info","message":"insert FillTheBlanks Question content: Inserted question text for questionId=52","service":"david-academy-api","timestamp":"2025-07-18 11:53:32"}
{"level":"info","message":"📄 Inserted fill in the blanks text \"if the condition is not managed\" with answer   for question 52","service":"david-academy-api","timestamp":"2025-07-18 11:53:32"}
{"level":"info","message":"insert FillTheBlanks Options DragAndDrop_Headings: Inserted question drag and option heading for questionId=52","service":"david-academy-api","timestamp":"2025-07-18 11:53:32"}
{"level":"info","message":"📄 Inserted fill in the blanks options heading \"Fill in the Blanks Option Heading\" for question 52","service":"david-academy-api","timestamp":"2025-07-18 11:53:32"}
{"level":"error","message":"FillTheBlanks Question DragAndDrop_Headings_Options: Failed to insert question DragAndDrop_Headings_Options for questionId=1: Error: ER_BAD_NULL_ERROR: Column 'options_vlaue' cannot be null\n    at Sequence._packetToError (C:\\Users\\anant\\OneDrive\\Desktop\\LUNAR_BACKEND\\Davids_academy_backend\\node_modules\\mysql\\lib\\protocol\\sequences\\Sequence.js:47:14)\n    at Query.ErrorPacket (C:\\Users\\anant\\OneDrive\\Desktop\\LUNAR_BACKEND\\Davids_academy_backend\\node_modules\\mysql\\lib\\protocol\\sequences\\Query.js:79:18)\n    at Protocol._parsePacket (C:\\Users\\anant\\OneDrive\\Desktop\\LUNAR_BACKEND\\Davids_academy_backend\\node_modules\\mysql\\lib\\protocol\\Protocol.js:291:23)\n    at Parser._parsePacket (C:\\Users\\anant\\OneDrive\\Desktop\\LUNAR_BACKEND\\Davids_academy_backend\\node_modules\\mysql\\lib\\protocol\\Parser.js:433:10)\n    at Parser.write (C:\\Users\\anant\\OneDrive\\Desktop\\LUNAR_BACKEND\\Davids_academy_backend\\node_modules\\mysql\\lib\\protocol\\Parser.js:43:10)\n    at Protocol.write (C:\\Users\\anant\\OneDrive\\Desktop\\LUNAR_BACKEND\\Davids_academy_backend\\node_modules\\mysql\\lib\\protocol\\Protocol.js:38:16)\n    at Socket.<anonymous> (C:\\Users\\anant\\OneDrive\\Desktop\\LUNAR_BACKEND\\Davids_academy_backend\\node_modules\\mysql\\lib\\Connection.js:88:28)\n    at Socket.<anonymous> (C:\\Users\\anant\\OneDrive\\Desktop\\LUNAR_BACKEND\\Davids_academy_backend\\node_modules\\mysql\\lib\\Connection.js:526:10)\n    at Socket.emit (node:events:518:28)\n    at addChunk (node:internal/streams/readable:561:12)\n    --------------------\n    at Pool.query (C:\\Users\\anant\\OneDrive\\Desktop\\LUNAR_BACKEND\\Davids_academy_backend\\node_modules\\mysql\\lib\\Pool.js:199:23)\n    at node:internal/util:432:7\n    at new Promise (<anonymous>)\n    at Pool.<anonymous> (node:internal/util:418:12)\n    at Object.insertFillBlankQuestionOptionsHeadingValues (C:\\Users\\anant\\OneDrive\\Desktop\\LUNAR_BACKEND\\Davids_academy_backend\\model\\admin\\examModels.js:371:30)\n    at module.exports.createQuestion (C:\\Users\\anant\\OneDrive\\Desktop\\LUNAR_BACKEND\\Davids_academy_backend\\controller\\admin\\examControllers.js:390:33)\n    at process.processTicksAndRejections (node:internal/process/task_queues:95:5) {\n  [stack]: \"Error: ER_BAD_NULL_ERROR: Column 'options_vlaue' cannot be null\\n\" +\n    '    at Sequence._packetToError (C:\\\\Users\\\\anant\\\\OneDrive\\\\Desktop\\\\LUNAR_BACKEND\\\\Davids_academy_backend\\\\node_modules\\\\mysql\\\\lib\\\\protocol\\\\sequences\\\\Sequence.js:47:14)\\n' +\n    '    at Query.ErrorPacket (C:\\\\Users\\\\anant\\\\OneDrive\\\\Desktop\\\\LUNAR_BACKEND\\\\Davids_academy_backend\\\\node_modules\\\\mysql\\\\lib\\\\protocol\\\\sequences\\\\Query.js:79:18)\\n' +\n    '    at Protocol._parsePacket (C:\\\\Users\\\\anant\\\\OneDrive\\\\Desktop\\\\LUNAR_BACKEND\\\\Davids_academy_backend\\\\node_modules\\\\mysql\\\\lib\\\\protocol\\\\Protocol.js:291:23)\\n' +\n    '    at Parser._parsePacket (C:\\\\Users\\\\anant\\\\OneDrive\\\\Desktop\\\\LUNAR_BACKEND\\\\Davids_academy_backend\\\\node_modules\\\\mysql\\\\lib\\\\protocol\\\\Parser.js:433:10)\\n' +\n    '    at Parser.write (C:\\\\Users\\\\anant\\\\OneDrive\\\\Desktop\\\\LUNAR_BACKEND\\\\Davids_academy_backend\\\\node_modules\\\\mysql\\\\lib\\\\protocol\\\\Parser.js:43:10)\\n' +\n    '    at Protocol.write (C:\\\\Users\\\\anant\\\\OneDrive\\\\Desktop\\\\LUNAR_BACKEND\\\\Davids_academy_backend\\\\node_modules\\\\mysql\\\\lib\\\\protocol\\\\Protocol.js:38:16)\\n' +\n    '    at Socket.<anonymous> (C:\\\\Users\\\\anant\\\\OneDrive\\\\Desktop\\\\LUNAR_BACKEND\\\\Davids_academy_backend\\\\node_modules\\\\mysql\\\\lib\\\\Connection.js:88:28)\\n' +\n    '    at Socket.<anonymous> (C:\\\\Users\\\\anant\\\\OneDrive\\\\Desktop\\\\LUNAR_BACKEND\\\\Davids_academy_backend\\\\node_modules\\\\mysql\\\\lib\\\\Connection.js:526:10)\\n' +\n    '    at Socket.emit (node:events:518:28)\\n' +\n    '    at addChunk (node:internal/streams/readable:561:12)\\n' +\n    '    --------------------\\n' +\n    '    at Pool.query (C:\\\\Users\\\\anant\\\\OneDrive\\\\Desktop\\\\LUNAR_BACKEND\\\\Davids_academy_backend\\\\node_modules\\\\mysql\\\\lib\\\\Pool.js:199:23)\\n' +\n    '    at node:internal/util:432:7\\n' +\n    '    at new Promise (<anonymous>)\\n' +\n    '    at Pool.<anonymous> (node:internal/util:418:12)\\n' +\n    '    at Object.insertFillBlankQuestionOptionsHeadingValues (C:\\\\Users\\\\anant\\\\OneDrive\\\\Desktop\\\\LUNAR_BACKEND\\\\Davids_academy_backend\\\\model\\\\admin\\\\examModels.js:371:30)\\n' +\n    '    at module.exports.createQuestion (C:\\\\Users\\\\anant\\\\OneDrive\\\\Desktop\\\\LUNAR_BACKEND\\\\Davids_academy_backend\\\\controller\\\\admin\\\\examControllers.js:390:33)\\n' +\n    '    at process.processTicksAndRejections (node:internal/process/task_queues:95:5)',\n  [message]: \"ER_BAD_NULL_ERROR: Column 'options_vlaue' cannot be null\",\n  code: 'ER_BAD_NULL_ERROR',\n  errno: 1048,\n  sqlMessage: \"Column 'options_vlaue' cannot be null\",\n  sqlState: '23000',\n  index: 0,\n  sql: 'INSERT INTO DragAndDrop_Headings_Options (question_id,headings_id,options_vlaue) VALUES (1,1,NULL)'\n}","service":"david-academy-api","timestamp":"2025-07-18 11:53:32"}
{"level":"error","message":"❌ Failed to add question: ER_BAD_NULL_ERROR: Column 'options_vlaue' cannot be null","service":"david-academy-api","timestamp":"2025-07-18 11:53:32"}
{"level":"info","message":"POST /api/exam/question 500 1221ms","meta":{"req":{"headers":{"accept":"*/*","accept-encoding":"gzip, deflate, br","cache-control":"no-cache","connection":"keep-alive","content-length":"1804","content-type":"application/json","host":"localhost:6040","postman-token":"41ee8304-19ed-40c2-8e56-4b396f80e552","user-agent":"PostmanRuntime/7.44.1"},"httpVersion":"1.1","method":"POST","originalUrl":"/api/exam/question","query":{},"url":"/api/exam/question"},"res":{"statusCode":500},"responseTime":1221},"service":"david-academy-api","timestamp":"2025-07-18 11:53:32"}
{"level":"info","message":"HTTP server enabled","service":"david-academy-api","timestamp":"2025-07-18 11:54:24"}
{"level":"info","message":"Server listening on port 6040","service":"david-academy-api","timestamp":"2025-07-18 11:54:24"}
{"level":"info","message":"✅ Connected to MySQL database","service":"david-academy-api","timestamp":"2025-07-18 11:54:25"}
{"level":"info","message":"HTTP server enabled","service":"david-academy-api","timestamp":"2025-07-18 11:54:25"}
{"level":"info","message":"Server listening on port 6040","service":"david-academy-api","timestamp":"2025-07-18 11:54:25"}
{"level":"info","message":"✅ Connected to MySQL database","service":"david-academy-api","timestamp":"2025-07-18 11:54:25"}
{"level":"info","message":"HTTP server enabled","service":"david-academy-api","timestamp":"2025-07-18 11:54:48"}
{"level":"info","message":"Server listening on port 6040","service":"david-academy-api","timestamp":"2025-07-18 11:54:52"}
{"level":"info","message":"✅ Connected to MySQL database","service":"david-academy-api","timestamp":"2025-07-18 11:54:52"}
{"level":"info","message":"HTTP server enabled","service":"david-academy-api","timestamp":"2025-07-18 11:55:09"}
{"level":"info","message":"Server listening on port 6040","service":"david-academy-api","timestamp":"2025-07-18 11:55:10"}
{"level":"info","message":"✅ Connected to MySQL database","service":"david-academy-api","timestamp":"2025-07-18 11:55:10"}
{"level":"info","message":"HTTP server enabled","service":"david-academy-api","timestamp":"2025-07-18 11:55:11"}
{"level":"info","message":"Server listening on port 6040","service":"david-academy-api","timestamp":"2025-07-18 11:55:11"}
{"level":"info","message":"✅ Connected to MySQL database","service":"david-academy-api","timestamp":"2025-07-18 11:55:11"}
{"level":"info","message":"HTTP server enabled","service":"david-academy-api","timestamp":"2025-07-18 11:55:15"}
{"level":"info","message":"Server listening on port 6040","service":"david-academy-api","timestamp":"2025-07-18 11:55:15"}
{"level":"info","message":"✅ Connected to MySQL database","service":"david-academy-api","timestamp":"2025-07-18 11:55:15"}
{"level":"info","message":"HTTP server enabled","service":"david-academy-api","timestamp":"2025-07-18 11:55:17"}
{"level":"info","message":"Server listening on port 6040","service":"david-academy-api","timestamp":"2025-07-18 11:55:17"}
{"level":"info","message":"✅ Connected to MySQL database","service":"david-academy-api","timestamp":"2025-07-18 11:55:17"}
{"level":"info","message":"📥 Received request to add new question","service":"david-academy-api","timestamp":"2025-07-18 11:55:29"}
{"level":"info","message":"✅ insertFillTheBlanksQuestion: Inserted question ID=53","service":"david-academy-api","timestamp":"2025-07-18 11:55:29"}
{"level":"info","message":"✅ Added dropdown question with ID: 53","service":"david-academy-api","timestamp":"2025-07-18 11:55:29"}
{"level":"info","message":"insert FillTheBlanks Question content: Inserted question text for questionId=53","service":"david-academy-api","timestamp":"2025-07-18 11:55:29"}
{"level":"info","message":"📄 Inserted fill in the blanks text \"Turn on the suction device and set appropriate pressure.\" with answer some disease  for question 53","service":"david-academy-api","timestamp":"2025-07-18 11:55:29"}
{"level":"info","message":"insert FillTheBlanks Question content: Inserted question text for questionId=53","service":"david-academy-api","timestamp":"2025-07-18 11:55:30"}
{"level":"info","message":"📄 Inserted fill in the blanks text \"and\" with answer symptoms  for question 53","service":"david-academy-api","timestamp":"2025-07-18 11:55:30"}
{"level":"info","message":"insert FillTheBlanks Question content: Inserted question text for questionId=53","service":"david-academy-api","timestamp":"2025-07-18 11:55:30"}
{"level":"info","message":"📄 Inserted fill in the blanks text \"if the condition is not managed\" with answer   for question 53","service":"david-academy-api","timestamp":"2025-07-18 11:55:30"}
{"level":"info","message":"insert FillTheBlanks Options DragAndDrop_Headings: Inserted question drag and option heading for questionId=53","service":"david-academy-api","timestamp":"2025-07-18 11:55:30"}
{"level":"info","message":"📄 Inserted fill in the blanks options heading \"Fill in the Blanks Option Heading\" for question 53","service":"david-academy-api","timestamp":"2025-07-18 11:55:30"}
{"level":"error","message":"FillTheBlanks Question DragAndDrop_Headings_Options: Failed to insert question DragAndDrop_Headings_Options for questionId=2: Error: ER_BAD_NULL_ERROR: Column 'options_vlaue' cannot be null\n    at Sequence._packetToError (C:\\Users\\anant\\OneDrive\\Desktop\\LUNAR_BACKEND\\Davids_academy_backend\\node_modules\\mysql\\lib\\protocol\\sequences\\Sequence.js:47:14)\n    at Query.ErrorPacket (C:\\Users\\anant\\OneDrive\\Desktop\\LUNAR_BACKEND\\Davids_academy_backend\\node_modules\\mysql\\lib\\protocol\\sequences\\Query.js:79:18)\n    at Protocol._parsePacket (C:\\Users\\anant\\OneDrive\\Desktop\\LUNAR_BACKEND\\Davids_academy_backend\\node_modules\\mysql\\lib\\protocol\\Protocol.js:291:23)\n    at Parser._parsePacket (C:\\Users\\anant\\OneDrive\\Desktop\\LUNAR_BACKEND\\Davids_academy_backend\\node_modules\\mysql\\lib\\protocol\\Parser.js:433:10)\n    at Parser.write (C:\\Users\\anant\\OneDrive\\Desktop\\LUNAR_BACKEND\\Davids_academy_backend\\node_modules\\mysql\\lib\\protocol\\Parser.js:43:10)\n    at Protocol.write (C:\\Users\\anant\\OneDrive\\Desktop\\LUNAR_BACKEND\\Davids_academy_backend\\node_modules\\mysql\\lib\\protocol\\Protocol.js:38:16)\n    at Socket.<anonymous> (C:\\Users\\anant\\OneDrive\\Desktop\\LUNAR_BACKEND\\Davids_academy_backend\\node_modules\\mysql\\lib\\Connection.js:88:28)\n    at Socket.<anonymous> (C:\\Users\\anant\\OneDrive\\Desktop\\LUNAR_BACKEND\\Davids_academy_backend\\node_modules\\mysql\\lib\\Connection.js:526:10)\n    at Socket.emit (node:events:518:28)\n    at addChunk (node:internal/streams/readable:561:12)\n    --------------------\n    at Pool.query (C:\\Users\\anant\\OneDrive\\Desktop\\LUNAR_BACKEND\\Davids_academy_backend\\node_modules\\mysql\\lib\\Pool.js:199:23)\n    at node:internal/util:432:7\n    at new Promise (<anonymous>)\n    at Pool.<anonymous> (node:internal/util:418:12)\n    at Object.insertFillBlankQuestionOptionsHeadingValues (C:\\Users\\anant\\OneDrive\\Desktop\\LUNAR_BACKEND\\Davids_academy_backend\\model\\admin\\examModels.js:371:30)\n    at module.exports.createQuestion (C:\\Users\\anant\\OneDrive\\Desktop\\LUNAR_BACKEND\\Davids_academy_backend\\controller\\admin\\examControllers.js:391:33)\n    at process.processTicksAndRejections (node:internal/process/task_queues:95:5) {\n  [stack]: \"Error: ER_BAD_NULL_ERROR: Column 'options_vlaue' cannot be null\\n\" +\n    '    at Sequence._packetToError (C:\\\\Users\\\\anant\\\\OneDrive\\\\Desktop\\\\LUNAR_BACKEND\\\\Davids_academy_backend\\\\node_modules\\\\mysql\\\\lib\\\\protocol\\\\sequences\\\\Sequence.js:47:14)\\n' +\n    '    at Query.ErrorPacket (C:\\\\Users\\\\anant\\\\OneDrive\\\\Desktop\\\\LUNAR_BACKEND\\\\Davids_academy_backend\\\\node_modules\\\\mysql\\\\lib\\\\protocol\\\\sequences\\\\Query.js:79:18)\\n' +\n    '    at Protocol._parsePacket (C:\\\\Users\\\\anant\\\\OneDrive\\\\Desktop\\\\LUNAR_BACKEND\\\\Davids_academy_backend\\\\node_modules\\\\mysql\\\\lib\\\\protocol\\\\Protocol.js:291:23)\\n' +\n    '    at Parser._parsePacket (C:\\\\Users\\\\anant\\\\OneDrive\\\\Desktop\\\\LUNAR_BACKEND\\\\Davids_academy_backend\\\\node_modules\\\\mysql\\\\lib\\\\protocol\\\\Parser.js:433:10)\\n' +\n    '    at Parser.write (C:\\\\Users\\\\anant\\\\OneDrive\\\\Desktop\\\\LUNAR_BACKEND\\\\Davids_academy_backend\\\\node_modules\\\\mysql\\\\lib\\\\protocol\\\\Parser.js:43:10)\\n' +\n    '    at Protocol.write (C:\\\\Users\\\\anant\\\\OneDrive\\\\Desktop\\\\LUNAR_BACKEND\\\\Davids_academy_backend\\\\node_modules\\\\mysql\\\\lib\\\\protocol\\\\Protocol.js:38:16)\\n' +\n    '    at Socket.<anonymous> (C:\\\\Users\\\\anant\\\\OneDrive\\\\Desktop\\\\LUNAR_BACKEND\\\\Davids_academy_backend\\\\node_modules\\\\mysql\\\\lib\\\\Connection.js:88:28)\\n' +\n    '    at Socket.<anonymous> (C:\\\\Users\\\\anant\\\\OneDrive\\\\Desktop\\\\LUNAR_BACKEND\\\\Davids_academy_backend\\\\node_modules\\\\mysql\\\\lib\\\\Connection.js:526:10)\\n' +\n    '    at Socket.emit (node:events:518:28)\\n' +\n    '    at addChunk (node:internal/streams/readable:561:12)\\n' +\n    '    --------------------\\n' +\n    '    at Pool.query (C:\\\\Users\\\\anant\\\\OneDrive\\\\Desktop\\\\LUNAR_BACKEND\\\\Davids_academy_backend\\\\node_modules\\\\mysql\\\\lib\\\\Pool.js:199:23)\\n' +\n    '    at node:internal/util:432:7\\n' +\n    '    at new Promise (<anonymous>)\\n' +\n    '    at Pool.<anonymous> (node:internal/util:418:12)\\n' +\n    '    at Object.insertFillBlankQuestionOptionsHeadingValues (C:\\\\Users\\\\anant\\\\OneDrive\\\\Desktop\\\\LUNAR_BACKEND\\\\Davids_academy_backend\\\\model\\\\admin\\\\examModels.js:371:30)\\n' +\n    '    at module.exports.createQuestion (C:\\\\Users\\\\anant\\\\OneDrive\\\\Desktop\\\\LUNAR_BACKEND\\\\Davids_academy_backend\\\\controller\\\\admin\\\\examControllers.js:391:33)\\n' +\n    '    at process.processTicksAndRejections (node:internal/process/task_queues:95:5)',\n  [message]: \"ER_BAD_NULL_ERROR: Column 'options_vlaue' cannot be null\",\n  code: 'ER_BAD_NULL_ERROR',\n  errno: 1048,\n  sqlMessage: \"Column 'options_vlaue' cannot be null\",\n  sqlState: '23000',\n  index: 0,\n  sql: 'INSERT INTO DragAndDrop_Headings_Options (question_id,headings_id,options_vlaue) VALUES (2,2,NULL)'\n}","service":"david-academy-api","timestamp":"2025-07-18 11:55:30"}
{"level":"error","message":"❌ Failed to add question: ER_BAD_NULL_ERROR: Column 'options_vlaue' cannot be null","service":"david-academy-api","timestamp":"2025-07-18 11:55:30"}
{"level":"info","message":"POST /api/exam/question 500 649ms","meta":{"req":{"headers":{"accept":"*/*","accept-encoding":"gzip, deflate, br","cache-control":"no-cache","connection":"keep-alive","content-length":"1804","content-type":"application/json","host":"localhost:6040","postman-token":"4b6a57c5-37c4-4138-9172-56a2a7ec09a2","user-agent":"PostmanRuntime/7.44.1"},"httpVersion":"1.1","method":"POST","originalUrl":"/api/exam/question","query":{},"url":"/api/exam/question"},"res":{"statusCode":500},"responseTime":649},"service":"david-academy-api","timestamp":"2025-07-18 11:55:30"}
{"level":"info","message":"🔄 MySQL keep-alive ping successful","service":"david-academy-api","timestamp":"2025-07-18 12:00:17"}
{"level":"info","message":"🔄 MySQL keep-alive ping successful","service":"david-academy-api","timestamp":"2025-07-18 12:05:17"}
{"level":"info","message":"🔄 MySQL keep-alive ping successful","service":"david-academy-api","timestamp":"2025-07-18 12:10:17"}
{"level":"info","message":"HTTP server enabled","service":"david-academy-api","timestamp":"2025-07-18 12:11:55"}
{"level":"info","message":"Server listening on port 6040","service":"david-academy-api","timestamp":"2025-07-18 12:11:55"}
{"level":"info","message":"✅ Connected to MySQL database","service":"david-academy-api","timestamp":"2025-07-18 12:11:55"}
{"level":"info","message":"HTTP server enabled","service":"david-academy-api","timestamp":"2025-07-18 12:11:56"}
{"level":"info","message":"Server listening on port 6040","service":"david-academy-api","timestamp":"2025-07-18 12:11:56"}
{"level":"info","message":"✅ Connected to MySQL database","service":"david-academy-api","timestamp":"2025-07-18 12:11:56"}
{"level":"info","message":"HTTP server enabled","service":"david-academy-api","timestamp":"2025-07-18 12:11:59"}
{"level":"info","message":"Server listening on port 6040","service":"david-academy-api","timestamp":"2025-07-18 12:11:59"}
{"level":"info","message":"✅ Connected to MySQL database","service":"david-academy-api","timestamp":"2025-07-18 12:11:59"}
{"level":"info","message":"HTTP server enabled","service":"david-academy-api","timestamp":"2025-07-18 12:12:00"}
{"level":"info","message":"Server listening on port 6040","service":"david-academy-api","timestamp":"2025-07-18 12:12:01"}
{"level":"info","message":"✅ Connected to MySQL database","service":"david-academy-api","timestamp":"2025-07-18 12:12:01"}
{"level":"info","message":"HTTP server enabled","service":"david-academy-api","timestamp":"2025-07-18 12:12:04"}
{"level":"info","message":"Server listening on port 6040","service":"david-academy-api","timestamp":"2025-07-18 12:12:04"}
{"level":"info","message":"✅ Connected to MySQL database","service":"david-academy-api","timestamp":"2025-07-18 12:12:04"}
{"level":"info","message":"HTTP server enabled","service":"david-academy-api","timestamp":"2025-07-18 12:12:40"}
{"level":"info","message":"Server listening on port 6040","service":"david-academy-api","timestamp":"2025-07-18 12:12:41"}
{"level":"info","message":"✅ Connected to MySQL database","service":"david-academy-api","timestamp":"2025-07-18 12:12:41"}
{"level":"info","message":"HTTP server enabled","service":"david-academy-api","timestamp":"2025-07-18 12:12:46"}
{"level":"info","message":"Server listening on port 6040","service":"david-academy-api","timestamp":"2025-07-18 12:12:47"}
{"level":"info","message":"✅ Connected to MySQL database","service":"david-academy-api","timestamp":"2025-07-18 12:12:47"}
{"level":"info","message":"HTTP server enabled","service":"david-academy-api","timestamp":"2025-07-18 12:12:52"}
{"level":"info","message":"Server listening on port 6040","service":"david-academy-api","timestamp":"2025-07-18 12:12:52"}
{"level":"info","message":"✅ Connected to MySQL database","service":"david-academy-api","timestamp":"2025-07-18 12:12:52"}
{"level":"info","message":"🔄 MySQL keep-alive ping successful","service":"david-academy-api","timestamp":"2025-07-18 12:17:52"}
{"level":"info","message":"🔄 MySQL keep-alive ping successful","service":"david-academy-api","timestamp":"2025-07-18 12:22:52"}
{"level":"info","message":"🔄 MySQL keep-alive ping successful","service":"david-academy-api","timestamp":"2025-07-18 12:27:52"}
{"level":"info","message":"HTTP server enabled","service":"david-academy-api","timestamp":"2025-07-18 12:30:32"}
{"level":"info","message":"Server listening on port 6040","service":"david-academy-api","timestamp":"2025-07-18 12:30:38"}
{"level":"info","message":"✅ Connected to MySQL database","service":"david-academy-api","timestamp":"2025-07-18 12:30:38"}
{"level":"info","message":"📥 Received request to add new question","service":"david-academy-api","timestamp":"2025-07-18 12:30:46"}
{"level":"info","message":"✅ insertFillTheBlanksQuestion: Inserted question ID=54","service":"david-academy-api","timestamp":"2025-07-18 12:30:47"}
{"level":"info","message":"✅ Added dropdown question with ID: 54","service":"david-academy-api","timestamp":"2025-07-18 12:30:47"}
{"level":"info","message":"insert FillTheBlanks Question content: Inserted question text for questionId=54","service":"david-academy-api","timestamp":"2025-07-18 12:30:47"}
{"level":"info","message":"📄 Inserted fill in the blanks text \"Turn on the suction device and set appropriate pressure.\" with answer some disease  for question 54","service":"david-academy-api","timestamp":"2025-07-18 12:30:47"}
{"level":"info","message":"insert FillTheBlanks Question content: Inserted question text for questionId=54","service":"david-academy-api","timestamp":"2025-07-18 12:30:47"}
{"level":"info","message":"📄 Inserted fill in the blanks text \"and\" with answer symptoms  for question 54","service":"david-academy-api","timestamp":"2025-07-18 12:30:47"}
{"level":"info","message":"insert FillTheBlanks Question content: Inserted question text for questionId=54","service":"david-academy-api","timestamp":"2025-07-18 12:30:47"}
{"level":"info","message":"📄 Inserted fill in the blanks text \"if the condition is not managed\" with answer   for question 54","service":"david-academy-api","timestamp":"2025-07-18 12:30:47"}
{"level":"info","message":"insert FillTheBlanks Options DragAndDrop_Headings: Inserted question drag and option heading for questionId=54","service":"david-academy-api","timestamp":"2025-07-18 12:30:48"}
{"level":"info","message":"📄 Inserted fill in the blanks options heading \"Fill in the Blanks Option Heading\" for question 54","service":"david-academy-api","timestamp":"2025-07-18 12:30:48"}
{"level":"info","message":"insert FillTheBlanks DragAndDrop_Headings_Options: Inserted question DragAndDrop_Headings_Options for questionId=3","service":"david-academy-api","timestamp":"2025-07-18 12:30:48"}
{"level":"info","message":"🔽 fill in the blanks options heading values \"some disease\" -> \"some disease\"","service":"david-academy-api","timestamp":"2025-07-18 12:30:48"}
{"level":"info","message":"insert FillTheBlanks DragAndDrop_Headings_Options: Inserted question DragAndDrop_Headings_Options for questionId=3","service":"david-academy-api","timestamp":"2025-07-18 12:30:49"}
{"level":"info","message":"🔽 fill in the blanks options heading values \"fever\" -> \"fever\"","service":"david-academy-api","timestamp":"2025-07-18 12:30:49"}
{"level":"info","message":"insert FillTheBlanks DragAndDrop_Headings_Options: Inserted question DragAndDrop_Headings_Options for questionId=3","service":"david-academy-api","timestamp":"2025-07-18 12:30:49"}
{"level":"info","message":"🔽 fill in the blanks options heading values \"Option Heading\" -> \"Option Heading\"","service":"david-academy-api","timestamp":"2025-07-18 12:30:49"}
{"level":"info","message":"insert FillTheBlanks DragAndDrop_Headings_Options: Inserted question DragAndDrop_Headings_Options for questionId=3","service":"david-academy-api","timestamp":"2025-07-18 12:30:49"}
{"level":"info","message":"🔽 fill in the blanks options heading values \"symptoms\" -> \"symptoms\"","service":"david-academy-api","timestamp":"2025-07-18 12:30:49"}
{"level":"info","message":"insertMCQExplanation: Inserted explanation for questionId=54","service":"david-academy-api","timestamp":"2025-07-18 12:30:49"}
{"level":"info","message":"📝 Explanation added for question 54","service":"david-academy-api","timestamp":"2025-07-18 12:30:49"}
{"level":"info","message":"insertAdditionalInfo: Inserted info for questionId=54","service":"david-academy-api","timestamp":"2025-07-18 12:30:50"}
{"level":"info","message":"📝 Additional information added for question 54","service":"david-academy-api","timestamp":"2025-07-18 12:30:50"}
{"level":"info","message":"POST /api/exam/question 201 3184ms","meta":{"req":{"headers":{"accept":"*/*","accept-encoding":"gzip, deflate, br","cache-control":"no-cache","connection":"keep-alive","content-length":"1804","content-type":"application/json","host":"localhost:6040","postman-token":"3fc9355e-3bca-4d68-99bf-7d6513fc0675","user-agent":"PostmanRuntime/7.44.1"},"httpVersion":"1.1","method":"POST","originalUrl":"/api/exam/question","query":{},"url":"/api/exam/question"},"res":{"statusCode":201},"responseTime":3184},"service":"david-academy-api","timestamp":"2025-07-18 12:30:50"}
{"level":"info","message":"HTTP server enabled","service":"david-academy-api","timestamp":"2025-07-18 12:32:48"}
{"level":"info","message":"Server listening on port 6040","service":"david-academy-api","timestamp":"2025-07-18 12:32:49"}
{"level":"info","message":"✅ Connected to MySQL database","service":"david-academy-api","timestamp":"2025-07-18 12:32:49"}
{"level":"info","message":"HTTP server enabled","service":"david-academy-api","timestamp":"2025-07-18 12:32:54"}
{"level":"info","message":"Server listening on port 6040","service":"david-academy-api","timestamp":"2025-07-18 12:32:54"}
{"level":"info","message":"✅ Connected to MySQL database","service":"david-academy-api","timestamp":"2025-07-18 12:32:54"}
{"level":"info","message":"📥 Received request to add new question","service":"david-academy-api","timestamp":"2025-07-18 12:32:57"}
{"level":"info","message":"✅ insertFillTheBlanksQuestion: Inserted question ID=55","service":"david-academy-api","timestamp":"2025-07-18 12:32:58"}
{"level":"info","message":"✅ Added dropdown question with ID: 55","service":"david-academy-api","timestamp":"2025-07-18 12:32:58"}
{"level":"info","message":"insert FillTheBlanks Question content: Inserted question text for questionId=55","service":"david-academy-api","timestamp":"2025-07-18 12:32:58"}
{"level":"info","message":"📄 Inserted fill in the blanks text \"Turn on the suction device and set appropriate pressure.\" with answer some disease  for question 55","service":"david-academy-api","timestamp":"2025-07-18 12:32:58"}
{"level":"info","message":"insert FillTheBlanks Question content: Inserted question text for questionId=55","service":"david-academy-api","timestamp":"2025-07-18 12:32:58"}
{"level":"info","message":"📄 Inserted fill in the blanks text \"and\" with answer symptoms  for question 55","service":"david-academy-api","timestamp":"2025-07-18 12:32:58"}
{"level":"info","message":"insert FillTheBlanks Question content: Inserted question text for questionId=55","service":"david-academy-api","timestamp":"2025-07-18 12:32:58"}
{"level":"info","message":"📄 Inserted fill in the blanks text \"if the condition is not managed\" with answer   for question 55","service":"david-academy-api","timestamp":"2025-07-18 12:32:58"}
{"level":"info","message":"insert FillTheBlanks Options DragAndDrop_Headings: Inserted question drag and option heading for questionId=55","service":"david-academy-api","timestamp":"2025-07-18 12:32:58"}
{"level":"info","message":"📄 Inserted fill in the blanks options heading \"Fill in the Blanks Option Heading\" for question 55","service":"david-academy-api","timestamp":"2025-07-18 12:32:58"}
{"level":"info","message":"insert FillTheBlanks DragAndDrop_Headings_Options: Inserted question DragAndDrop_Headings_Options for questionId=55","service":"david-academy-api","timestamp":"2025-07-18 12:32:58"}
{"level":"info","message":"🔽 fill in the blanks options heading values \"some disease\" -> \"some disease\"","service":"david-academy-api","timestamp":"2025-07-18 12:32:58"}
{"level":"info","message":"insert FillTheBlanks DragAndDrop_Headings_Options: Inserted question DragAndDrop_Headings_Options for questionId=55","service":"david-academy-api","timestamp":"2025-07-18 12:32:58"}
{"level":"info","message":"🔽 fill in the blanks options heading values \"fever\" -> \"fever\"","service":"david-academy-api","timestamp":"2025-07-18 12:32:58"}
{"level":"info","message":"insert FillTheBlanks DragAndDrop_Headings_Options: Inserted question DragAndDrop_Headings_Options for questionId=55","service":"david-academy-api","timestamp":"2025-07-18 12:32:58"}
{"level":"info","message":"🔽 fill in the blanks options heading values \"Option Heading\" -> \"Option Heading\"","service":"david-academy-api","timestamp":"2025-07-18 12:32:58"}
{"level":"info","message":"insert FillTheBlanks DragAndDrop_Headings_Options: Inserted question DragAndDrop_Headings_Options for questionId=55","service":"david-academy-api","timestamp":"2025-07-18 12:32:58"}
{"level":"info","message":"🔽 fill in the blanks options heading values \"symptoms\" -> \"symptoms\"","service":"david-academy-api","timestamp":"2025-07-18 12:32:58"}
{"level":"info","message":"insertMCQExplanation: Inserted explanation for questionId=55","service":"david-academy-api","timestamp":"2025-07-18 12:32:59"}
{"level":"info","message":"📝 Explanation added for question 55","service":"david-academy-api","timestamp":"2025-07-18 12:32:59"}
{"level":"info","message":"insertAdditionalInfo: Inserted info for questionId=55","service":"david-academy-api","timestamp":"2025-07-18 12:32:59"}
{"level":"info","message":"📝 Additional information added for question 55","service":"david-academy-api","timestamp":"2025-07-18 12:32:59"}
{"level":"info","message":"POST /api/exam/question 201 1199ms","meta":{"req":{"headers":{"accept":"*/*","accept-encoding":"gzip, deflate, br","cache-control":"no-cache","connection":"keep-alive","content-length":"1804","content-type":"application/json","host":"localhost:6040","postman-token":"05bb8588-1dad-4e18-a02e-7b7a01fb05c6","user-agent":"PostmanRuntime/7.44.1"},"httpVersion":"1.1","method":"POST","originalUrl":"/api/exam/question","query":{},"url":"/api/exam/question"},"res":{"statusCode":201},"responseTime":1199},"service":"david-academy-api","timestamp":"2025-07-18 12:32:59"}
{"level":"info","message":"🔄 MySQL keep-alive ping successful","service":"david-academy-api","timestamp":"2025-07-18 12:37:54"}
{"level":"info","message":"🔄 MySQL keep-alive ping successful","service":"david-academy-api","timestamp":"2025-07-18 12:42:54"}
{"level":"info","message":"HTTP server enabled","service":"david-academy-api","timestamp":"2025-07-18 12:45:51"}
{"level":"info","message":"Server listening on port 6040","service":"david-academy-api","timestamp":"2025-07-18 12:45:52"}
{"level":"info","message":"✅ Connected to MySQL database","service":"david-academy-api","timestamp":"2025-07-18 12:45:52"}
{"level":"info","message":"HTTP server enabled","service":"david-academy-api","timestamp":"2025-07-18 12:45:53"}
{"level":"info","message":"Server listening on port 6040","service":"david-academy-api","timestamp":"2025-07-18 12:45:53"}
{"level":"info","message":"✅ Connected to MySQL database","service":"david-academy-api","timestamp":"2025-07-18 12:45:53"}
{"level":"info","message":"HTTP server enabled","service":"david-academy-api","timestamp":"2025-07-18 12:45:53"}
{"level":"info","message":"Server listening on port 6040","service":"david-academy-api","timestamp":"2025-07-18 12:45:54"}
{"level":"info","message":"✅ Connected to MySQL database","service":"david-academy-api","timestamp":"2025-07-18 12:45:54"}
{"level":"info","message":"HTTP server enabled","service":"david-academy-api","timestamp":"2025-07-18 12:45:56"}
{"level":"info","message":"Server listening on port 6040","service":"david-academy-api","timestamp":"2025-07-18 12:45:56"}
{"level":"info","message":"✅ Connected to MySQL database","service":"david-academy-api","timestamp":"2025-07-18 12:45:56"}
{"level":"info","message":"🔄 MySQL keep-alive ping successful","service":"david-academy-api","timestamp":"2025-07-18 12:50:56"}
{"level":"info","message":"🔄 MySQL keep-alive ping successful","service":"david-academy-api","timestamp":"2025-07-18 12:55:56"}
{"level":"info","message":"🔄 MySQL keep-alive ping successful","service":"david-academy-api","timestamp":"2025-07-18 13:00:56"}
{"level":"info","message":"🔄 MySQL keep-alive ping successful","service":"david-academy-api","timestamp":"2025-07-18 13:05:56"}
{"level":"info","message":"🔄 MySQL keep-alive ping successful","service":"david-academy-api","timestamp":"2025-07-18 13:10:56"}
{"level":"info","message":"HTTP server enabled","service":"david-academy-api","timestamp":"2025-07-18 13:14:18"}
{"level":"info","message":"Server listening on port 6040","service":"david-academy-api","timestamp":"2025-07-18 13:14:21"}
{"level":"info","message":"✅ Connected to MySQL database","service":"david-academy-api","timestamp":"2025-07-18 13:14:22"}
{"level":"info","message":"HTTP server enabled","service":"david-academy-api","timestamp":"2025-07-18 13:17:21"}
{"level":"info","message":"Server listening on port 6040","service":"david-academy-api","timestamp":"2025-07-18 13:17:22"}
{"level":"info","message":"✅ Connected to MySQL database","service":"david-academy-api","timestamp":"2025-07-18 13:17:22"}
{"level":"info","message":"HTTP server enabled","service":"david-academy-api","timestamp":"2025-07-18 13:17:22"}
{"level":"info","message":"Server listening on port 6040","service":"david-academy-api","timestamp":"2025-07-18 13:17:23"}
{"level":"info","message":"✅ Connected to MySQL database","service":"david-academy-api","timestamp":"2025-07-18 13:17:23"}
{"level":"info","message":"HTTP server enabled","service":"david-academy-api","timestamp":"2025-07-18 13:17:27"}
{"level":"info","message":"Server listening on port 6040","service":"david-academy-api","timestamp":"2025-07-18 13:17:27"}
{"level":"info","message":"✅ Connected to MySQL database","service":"david-academy-api","timestamp":"2025-07-18 13:17:27"}
{"level":"info","message":"HTTP server enabled","service":"david-academy-api","timestamp":"2025-07-18 13:17:54"}
{"level":"info","message":"Server listening on port 6040","service":"david-academy-api","timestamp":"2025-07-18 13:17:54"}
{"level":"info","message":"✅ Connected to MySQL database","service":"david-academy-api","timestamp":"2025-07-18 13:17:54"}
{"level":"info","message":"HTTP server enabled","service":"david-academy-api","timestamp":"2025-07-18 13:18:03"}
{"level":"info","message":"Server listening on port 6040","service":"david-academy-api","timestamp":"2025-07-18 13:18:04"}
{"level":"info","message":"✅ Connected to MySQL database","service":"david-academy-api","timestamp":"2025-07-18 13:18:05"}
{"level":"info","message":"HTTP server enabled","service":"david-academy-api","timestamp":"2025-07-18 13:20:45"}
{"level":"info","message":"Server listening on port 6040","service":"david-academy-api","timestamp":"2025-07-18 13:20:45"}
{"level":"info","message":"✅ Connected to MySQL database","service":"david-academy-api","timestamp":"2025-07-18 13:20:45"}
{"level":"info","message":"HTTP server enabled","service":"david-academy-api","timestamp":"2025-07-18 13:20:47"}
{"level":"info","message":"Server listening on port 6040","service":"david-academy-api","timestamp":"2025-07-18 13:20:47"}
{"level":"info","message":"✅ Connected to MySQL database","service":"david-academy-api","timestamp":"2025-07-18 13:20:48"}
{"level":"info","message":"HTTP server enabled","service":"david-academy-api","timestamp":"2025-07-18 13:20:51"}
{"level":"info","message":"Server listening on port 6040","service":"david-academy-api","timestamp":"2025-07-18 13:20:51"}
{"level":"info","message":"✅ Connected to MySQL database","service":"david-academy-api","timestamp":"2025-07-18 13:20:52"}
{"level":"info","message":"HTTP server enabled","service":"david-academy-api","timestamp":"2025-07-18 13:21:02"}
{"level":"info","message":"Server listening on port 6040","service":"david-academy-api","timestamp":"2025-07-18 13:21:03"}
{"level":"info","message":"✅ Connected to MySQL database","service":"david-academy-api","timestamp":"2025-07-18 13:21:03"}
{"level":"info","message":"HTTP server enabled","service":"david-academy-api","timestamp":"2025-07-18 13:21:13"}
{"level":"info","message":"Server listening on port 6040","service":"david-academy-api","timestamp":"2025-07-18 13:21:13"}
{"level":"info","message":"✅ Connected to MySQL database","service":"david-academy-api","timestamp":"2025-07-18 13:21:14"}
{"level":"info","message":"HTTP server enabled","service":"david-academy-api","timestamp":"2025-07-18 13:21:18"}
{"level":"info","message":"Server listening on port 6040","service":"david-academy-api","timestamp":"2025-07-18 13:21:18"}
{"level":"info","message":"✅ Connected to MySQL database","service":"david-academy-api","timestamp":"2025-07-18 13:21:18"}
{"level":"info","message":"HTTP server enabled","service":"david-academy-api","timestamp":"2025-07-18 13:21:19"}
{"level":"info","message":"Server listening on port 6040","service":"david-academy-api","timestamp":"2025-07-18 13:21:19"}
{"level":"info","message":"✅ Connected to MySQL database","service":"david-academy-api","timestamp":"2025-07-18 13:21:20"}
{"level":"info","message":"HTTP server enabled","service":"david-academy-api","timestamp":"2025-07-18 13:21:32"}
{"level":"info","message":"Server listening on port 6040","service":"david-academy-api","timestamp":"2025-07-18 13:21:32"}
{"level":"info","message":"✅ Connected to MySQL database","service":"david-academy-api","timestamp":"2025-07-18 13:21:32"}
{"level":"info","message":"HTTP server enabled","service":"david-academy-api","timestamp":"2025-07-18 13:21:40"}
{"level":"info","message":"Server listening on port 6040","service":"david-academy-api","timestamp":"2025-07-18 13:21:40"}
{"level":"info","message":"✅ Connected to MySQL database","service":"david-academy-api","timestamp":"2025-07-18 13:21:40"}
{"level":"info","message":"HTTP server enabled","service":"david-academy-api","timestamp":"2025-07-18 13:23:13"}
{"level":"info","message":"Server listening on port 6040","service":"david-academy-api","timestamp":"2025-07-18 13:23:13"}
{"level":"info","message":"✅ Connected to MySQL database","service":"david-academy-api","timestamp":"2025-07-18 13:23:13"}
{"level":"info","message":"HTTP server enabled","service":"david-academy-api","timestamp":"2025-07-18 13:25:56"}
{"level":"info","message":"Server listening on port 6040","service":"david-academy-api","timestamp":"2025-07-18 13:25:57"}
{"level":"info","message":"✅ Connected to MySQL database","service":"david-academy-api","timestamp":"2025-07-18 13:25:57"}
{"level":"info","message":"HTTP server enabled","service":"david-academy-api","timestamp":"2025-07-18 13:29:40"}
{"level":"info","message":"Server listening on port 6040","service":"david-academy-api","timestamp":"2025-07-18 13:29:40"}
{"level":"info","message":"✅ Connected to MySQL database","service":"david-academy-api","timestamp":"2025-07-18 13:29:40"}
{"level":"info","message":"HTTP server enabled","service":"david-academy-api","timestamp":"2025-07-18 13:30:32"}
{"level":"info","message":"Server listening on port 6040","service":"david-academy-api","timestamp":"2025-07-18 13:30:32"}
{"level":"info","message":"✅ Connected to MySQL database","service":"david-academy-api","timestamp":"2025-07-18 13:30:32"}
{"level":"info","message":"HTTP server enabled","service":"david-academy-api","timestamp":"2025-07-18 13:30:34"}
{"level":"info","message":"Server listening on port 6040","service":"david-academy-api","timestamp":"2025-07-18 13:30:34"}
{"level":"info","message":"✅ Connected to MySQL database","service":"david-academy-api","timestamp":"2025-07-18 13:30:34"}
{"level":"info","message":"HTTP server enabled","service":"david-academy-api","timestamp":"2025-07-18 13:30:59"}
{"level":"info","message":"Server listening on port 6040","service":"david-academy-api","timestamp":"2025-07-18 13:31:00"}
{"level":"info","message":"✅ Connected to MySQL database","service":"david-academy-api","timestamp":"2025-07-18 13:31:00"}
{"level":"info","message":"HTTP server enabled","service":"david-academy-api","timestamp":"2025-07-18 13:31:10"}
{"level":"info","message":"Server listening on port 6040","service":"david-academy-api","timestamp":"2025-07-18 13:31:10"}
{"level":"info","message":"✅ Connected to MySQL database","service":"david-academy-api","timestamp":"2025-07-18 13:31:10"}
{"level":"info","message":"HTTP server enabled","service":"david-academy-api","timestamp":"2025-07-18 13:31:28"}
{"level":"info","message":"Server listening on port 6040","service":"david-academy-api","timestamp":"2025-07-18 13:31:28"}
{"level":"info","message":"✅ Connected to MySQL database","service":"david-academy-api","timestamp":"2025-07-18 13:31:28"}
{"level":"info","message":"HTTP server enabled","service":"david-academy-api","timestamp":"2025-07-18 13:33:43"}
{"level":"info","message":"Server listening on port 6040","service":"david-academy-api","timestamp":"2025-07-18 13:33:43"}
{"level":"info","message":"✅ Connected to MySQL database","service":"david-academy-api","timestamp":"2025-07-18 13:33:43"}
{"level":"info","message":"HTTP server enabled","service":"david-academy-api","timestamp":"2025-07-18 13:33:52"}
{"level":"info","message":"Server listening on port 6040","service":"david-academy-api","timestamp":"2025-07-18 13:33:52"}
{"level":"info","message":"✅ Connected to MySQL database","service":"david-academy-api","timestamp":"2025-07-18 13:33:52"}
{"level":"info","message":"HTTP server enabled","service":"david-academy-api","timestamp":"2025-07-18 13:33:58"}
{"level":"info","message":"Server listening on port 6040","service":"david-academy-api","timestamp":"2025-07-18 13:33:58"}
{"level":"info","message":"✅ Connected to MySQL database","service":"david-academy-api","timestamp":"2025-07-18 13:33:58"}
{"level":"info","message":"HTTP server enabled","service":"david-academy-api","timestamp":"2025-07-18 13:34:05"}
{"level":"info","message":"Server listening on port 6040","service":"david-academy-api","timestamp":"2025-07-18 13:34:05"}
{"level":"info","message":"✅ Connected to MySQL database","service":"david-academy-api","timestamp":"2025-07-18 13:34:05"}
{"level":"info","message":"HTTP server enabled","service":"david-academy-api","timestamp":"2025-07-18 13:34:12"}
{"level":"info","message":"Server listening on port 6040","service":"david-academy-api","timestamp":"2025-07-18 13:34:13"}
{"level":"info","message":"✅ Connected to MySQL database","service":"david-academy-api","timestamp":"2025-07-18 13:34:13"}
{"level":"info","message":"HTTP server enabled","service":"david-academy-api","timestamp":"2025-07-18 13:34:15"}
{"level":"info","message":"Server listening on port 6040","service":"david-academy-api","timestamp":"2025-07-18 13:34:15"}
{"level":"info","message":"✅ Connected to MySQL database","service":"david-academy-api","timestamp":"2025-07-18 13:34:16"}
{"level":"info","message":"HTTP server enabled","service":"david-academy-api","timestamp":"2025-07-18 13:34:25"}
{"level":"info","message":"Server listening on port 6040","service":"david-academy-api","timestamp":"2025-07-18 13:34:25"}
{"level":"info","message":"✅ Connected to MySQL database","service":"david-academy-api","timestamp":"2025-07-18 13:34:26"}
{"level":"info","message":"HTTP server enabled","service":"david-academy-api","timestamp":"2025-07-18 13:34:28"}
{"level":"info","message":"Server listening on port 6040","service":"david-academy-api","timestamp":"2025-07-18 13:34:28"}
{"level":"info","message":"✅ Connected to MySQL database","service":"david-academy-api","timestamp":"2025-07-18 13:34:28"}
{"level":"info","message":"HTTP server enabled","service":"david-academy-api","timestamp":"2025-07-18 13:34:34"}
{"level":"info","message":"Server listening on port 6040","service":"david-academy-api","timestamp":"2025-07-18 13:34:34"}
{"level":"info","message":"✅ Connected to MySQL database","service":"david-academy-api","timestamp":"2025-07-18 13:34:34"}
{"level":"info","message":"HTTP server enabled","service":"david-academy-api","timestamp":"2025-07-18 13:36:34"}
{"level":"info","message":"Server listening on port 6040","service":"david-academy-api","timestamp":"2025-07-18 13:36:34"}
{"level":"info","message":"✅ Connected to MySQL database","service":"david-academy-api","timestamp":"2025-07-18 13:36:34"}
{"level":"info","message":"HTTP server enabled","service":"david-academy-api","timestamp":"2025-07-18 13:36:43"}
{"level":"info","message":"Server listening on port 6040","service":"david-academy-api","timestamp":"2025-07-18 13:36:43"}
{"level":"info","message":"✅ Connected to MySQL database","service":"david-academy-api","timestamp":"2025-07-18 13:36:44"}
{"level":"info","message":"HTTP server enabled","service":"david-academy-api","timestamp":"2025-07-18 13:36:52"}
{"level":"info","message":"Server listening on port 6040","service":"david-academy-api","timestamp":"2025-07-18 13:36:52"}
{"level":"info","message":"✅ Connected to MySQL database","service":"david-academy-api","timestamp":"2025-07-18 13:36:52"}
{"level":"info","message":"HTTP server enabled","service":"david-academy-api","timestamp":"2025-07-18 13:36:58"}
{"level":"info","message":"Server listening on port 6040","service":"david-academy-api","timestamp":"2025-07-18 13:36:58"}
{"level":"info","message":"✅ Connected to MySQL database","service":"david-academy-api","timestamp":"2025-07-18 13:36:58"}
{"level":"info","message":"HTTP server enabled","service":"david-academy-api","timestamp":"2025-07-18 13:37:00"}
{"level":"info","message":"Server listening on port 6040","service":"david-academy-api","timestamp":"2025-07-18 13:37:00"}
{"level":"info","message":"✅ Connected to MySQL database","service":"david-academy-api","timestamp":"2025-07-18 13:37:00"}
{"level":"info","message":"HTTP server enabled","service":"david-academy-api","timestamp":"2025-07-18 13:37:01"}
{"level":"info","message":"Server listening on port 6040","service":"david-academy-api","timestamp":"2025-07-18 13:37:01"}
{"level":"info","message":"✅ Connected to MySQL database","service":"david-academy-api","timestamp":"2025-07-18 13:37:01"}
{"level":"info","message":"HTTP server enabled","service":"david-academy-api","timestamp":"2025-07-18 13:37:20"}
{"level":"info","message":"Server listening on port 6040","service":"david-academy-api","timestamp":"2025-07-18 13:37:20"}
{"level":"info","message":"✅ Connected to MySQL database","service":"david-academy-api","timestamp":"2025-07-18 13:37:21"}
{"level":"info","message":"HTTP server enabled","service":"david-academy-api","timestamp":"2025-07-18 13:37:27"}
{"level":"info","message":"Server listening on port 6040","service":"david-academy-api","timestamp":"2025-07-18 13:37:27"}
{"level":"info","message":"✅ Connected to MySQL database","service":"david-academy-api","timestamp":"2025-07-18 13:37:27"}
{"level":"info","message":"HTTP server enabled","service":"david-academy-api","timestamp":"2025-07-18 13:37:30"}
{"level":"info","message":"Server listening on port 6040","service":"david-academy-api","timestamp":"2025-07-18 13:37:31"}
{"level":"info","message":"✅ Connected to MySQL database","service":"david-academy-api","timestamp":"2025-07-18 13:37:32"}
{"level":"info","message":"🔄 MySQL keep-alive ping successful","service":"david-academy-api","timestamp":"2025-07-18 13:42:31"}
{"level":"info","message":"HTTP server enabled","service":"david-academy-api","timestamp":"2025-07-18 13:43:48"}
{"level":"info","message":"Server listening on port 6040","service":"david-academy-api","timestamp":"2025-07-18 13:43:49"}
{"level":"info","message":"✅ Connected to MySQL database","service":"david-academy-api","timestamp":"2025-07-18 13:43:49"}
{"level":"info","message":"HTTP server enabled","service":"david-academy-api","timestamp":"2025-07-18 13:45:36"}
{"level":"info","message":"Server listening on port 6040","service":"david-academy-api","timestamp":"2025-07-18 13:45:37"}
{"level":"info","message":"✅ Connected to MySQL database","service":"david-academy-api","timestamp":"2025-07-18 13:45:37"}
{"level":"info","message":"HTTP server enabled","service":"david-academy-api","timestamp":"2025-07-18 13:45:42"}
{"level":"info","message":"Server listening on port 6040","service":"david-academy-api","timestamp":"2025-07-18 13:45:42"}
{"level":"info","message":"✅ Connected to MySQL database","service":"david-academy-api","timestamp":"2025-07-18 13:45:42"}
{"level":"info","message":"HTTP server enabled","service":"david-academy-api","timestamp":"2025-07-18 13:45:44"}
{"level":"info","message":"Server listening on port 6040","service":"david-academy-api","timestamp":"2025-07-18 13:45:45"}
{"level":"info","message":"✅ Connected to MySQL database","service":"david-academy-api","timestamp":"2025-07-18 13:45:45"}
{"level":"info","message":"HTTP server enabled","service":"david-academy-api","timestamp":"2025-07-18 13:46:27"}
{"level":"info","message":"Server listening on port 6040","service":"david-academy-api","timestamp":"2025-07-18 13:46:27"}
{"level":"info","message":"✅ Connected to MySQL database","service":"david-academy-api","timestamp":"2025-07-18 13:46:27"}
{"level":"info","message":"HTTP server enabled","service":"david-academy-api","timestamp":"2025-07-18 13:46:59"}
{"level":"info","message":"Server listening on port 6040","service":"david-academy-api","timestamp":"2025-07-18 13:46:59"}
{"level":"info","message":"✅ Connected to MySQL database","service":"david-academy-api","timestamp":"2025-07-18 13:46:59"}
{"level":"info","message":"HTTP server enabled","service":"david-academy-api","timestamp":"2025-07-18 13:47:02"}
{"level":"info","message":"Server listening on port 6040","service":"david-academy-api","timestamp":"2025-07-18 13:47:02"}
{"level":"info","message":"✅ Connected to MySQL database","service":"david-academy-api","timestamp":"2025-07-18 13:47:02"}
{"level":"info","message":"🔄 MySQL keep-alive ping successful","service":"david-academy-api","timestamp":"2025-07-18 14:59:28"}
{"level":"info","message":"HTTP server enabled","service":"david-academy-api","timestamp":"2025-07-18 15:00:10"}
{"level":"info","message":"Server listening on port 6040","service":"david-academy-api","timestamp":"2025-07-18 15:00:11"}
{"level":"info","message":"✅ Connected to MySQL database","service":"david-academy-api","timestamp":"2025-07-18 15:00:12"}
{"level":"info","message":"HTTP server enabled","service":"david-academy-api","timestamp":"2025-07-18 15:00:15"}
{"level":"info","message":"Server listening on port 6040","service":"david-academy-api","timestamp":"2025-07-18 15:00:15"}
{"level":"info","message":"✅ Connected to MySQL database","service":"david-academy-api","timestamp":"2025-07-18 15:00:16"}
{"level":"info","message":"🔄 MySQL keep-alive ping successful","service":"david-academy-api","timestamp":"2025-07-18 15:05:15"}
{"level":"info","message":"🔄 MySQL keep-alive ping successful","service":"david-academy-api","timestamp":"2025-07-18 15:10:15"}
{"level":"info","message":"🔄 MySQL keep-alive ping successful","service":"david-academy-api","timestamp":"2025-07-18 15:15:15"}
{"level":"info","message":"🔄 MySQL keep-alive ping successful","service":"david-academy-api","timestamp":"2025-07-18 15:20:15"}
{"level":"info","message":"🔄 MySQL keep-alive ping successful","service":"david-academy-api","timestamp":"2025-07-18 15:25:15"}
{"level":"info","message":"🔄 MySQL keep-alive ping successful","service":"david-academy-api","timestamp":"2025-07-18 15:37:36"}
{"level":"info","message":"📥 Received request to add new question","service":"david-academy-api","timestamp":"2025-07-18 15:37:43"}
{"level":"info","message":"✅ insertMultipleRadioQuestion: Inserted question ID=56","service":"david-academy-api","timestamp":"2025-07-18 15:37:43"}
{"level":"info","message":"✅ Added Drag Drop question with ID: 56","service":"david-academy-api","timestamp":"2025-07-18 15:37:43"}
{"level":"info","message":"📄 insertTab: Tab \"Triage Note\" added for question ID=56","service":"david-academy-api","timestamp":"2025-07-18 15:37:43"}
{"level":"info","message":"📄 Inserted Drag Drop tab \"Triage Note\" for question 56","service":"david-academy-api","timestamp":"2025-07-18 15:37:43"}
{"level":"info","message":"📄 insertTab: Tab \"Vital sign\" added for question ID=56","service":"david-academy-api","timestamp":"2025-07-18 15:37:44"}
{"level":"info","message":"📄 Inserted Drag Drop tab \"Vital sign\" for question 56","service":"david-academy-api","timestamp":"2025-07-18 15:37:44"}
{"level":"error","message":"MultipleRadio Question content: Failed to insert question text for questionId=56: ReferenceError: question_text is not defined\n    at Object.insertDragDropOptionsHeading (C:\\Users\\anant\\OneDrive\\Desktop\\LUNAR_BACKEND\\Davids_academy_backend\\model\\admin\\examModels.js:459:54)\n    at module.exports.createQuestion (C:\\Users\\anant\\OneDrive\\Desktop\\LUNAR_BACKEND\\Davids_academy_backend\\controller\\admin\\examControllers.js:451:43)\n    at process.processTicksAndRejections (node:internal/process/task_queues:95:5) {\n  [stack]: 'ReferenceError: question_text is not defined\\n' +\n    '    at Object.insertDragDropOptionsHeading (C:\\\\Users\\\\anant\\\\OneDrive\\\\Desktop\\\\LUNAR_BACKEND\\\\Davids_academy_backend\\\\model\\\\admin\\\\examModels.js:459:54)\\n' +\n    '    at module.exports.createQuestion (C:\\\\Users\\\\anant\\\\OneDrive\\\\Desktop\\\\LUNAR_BACKEND\\\\Davids_academy_backend\\\\controller\\\\admin\\\\examControllers.js:451:43)\\n' +\n    '    at process.processTicksAndRejections (node:internal/process/task_queues:95:5)',\n  [message]: 'question_text is not defined'\n}","service":"david-academy-api","timestamp":"2025-07-18 15:37:44"}
{"level":"error","message":"❌ Failed to add question: question_text is not defined","service":"david-academy-api","timestamp":"2025-07-18 15:37:44"}
{"level":"info","message":"POST /api/exam/question 500 414ms","meta":{"req":{"headers":{"accept":"*/*","accept-encoding":"gzip, deflate, br","cache-control":"no-cache","connection":"keep-alive","content-length":"3106","content-type":"application/json","host":"localhost:6040","postman-token":"027f789e-0cfc-4f40-9e0b-87c23d5e90e4","user-agent":"PostmanRuntime/7.44.1"},"httpVersion":"1.1","method":"POST","originalUrl":"/api/exam/question","query":{},"url":"/api/exam/question"},"res":{"statusCode":500},"responseTime":414},"service":"david-academy-api","timestamp":"2025-07-18 15:37:44"}
{"level":"info","message":"HTTP server enabled","service":"david-academy-api","timestamp":"2025-07-18 15:38:13"}
{"level":"info","message":"Server listening on port 6040","service":"david-academy-api","timestamp":"2025-07-18 15:38:13"}
{"level":"info","message":"✅ Connected to MySQL database","service":"david-academy-api","timestamp":"2025-07-18 15:38:13"}
{"level":"info","message":"HTTP server enabled","service":"david-academy-api","timestamp":"2025-07-18 15:38:15"}
{"level":"info","message":"Server listening on port 6040","service":"david-academy-api","timestamp":"2025-07-18 15:38:16"}
{"level":"info","message":"✅ Connected to MySQL database","service":"david-academy-api","timestamp":"2025-07-18 15:38:16"}
{"level":"info","message":"HTTP server enabled","service":"david-academy-api","timestamp":"2025-07-18 15:38:24"}
{"level":"info","message":"Server listening on port 6040","service":"david-academy-api","timestamp":"2025-07-18 15:38:24"}
{"level":"info","message":"✅ Connected to MySQL database","service":"david-academy-api","timestamp":"2025-07-18 15:38:25"}
{"level":"info","message":"📥 Received request to add new question","service":"david-academy-api","timestamp":"2025-07-18 15:38:26"}
{"level":"info","message":"✅ insertMultipleRadioQuestion: Inserted question ID=57","service":"david-academy-api","timestamp":"2025-07-18 15:38:27"}
{"level":"info","message":"✅ Added Drag Drop question with ID: 57","service":"david-academy-api","timestamp":"2025-07-18 15:38:27"}
{"level":"info","message":"📄 insertTab: Tab \"Triage Note\" added for question ID=57","service":"david-academy-api","timestamp":"2025-07-18 15:38:27"}
{"level":"info","message":"📄 Inserted Drag Drop tab \"Triage Note\" for question 57","service":"david-academy-api","timestamp":"2025-07-18 15:38:27"}
{"level":"info","message":"📄 insertTab: Tab \"Vital sign\" added for question ID=57","service":"david-academy-api","timestamp":"2025-07-18 15:38:27"}
{"level":"info","message":"📄 Inserted Drag Drop tab \"Vital sign\" for question 57","service":"david-academy-api","timestamp":"2025-07-18 15:38:27"}
{"level":"info","message":"insert MultipleRadio Question content: Inserted question text for questionId=57","service":"david-academy-api","timestamp":"2025-07-18 15:38:27"}
{"level":"info","message":"📄 Inserted Drag Drop options heading \"Action to take\" and asnser \"Option 3\" for question 57","service":"david-academy-api","timestamp":"2025-07-18 15:38:27"}
{"level":"error","message":"❌ Failed to add question: model.insertDragDropOptionsHeadingValues is not a function","service":"david-academy-api","timestamp":"2025-07-18 15:38:27"}
{"level":"info","message":"POST /api/exam/question 500 745ms","meta":{"req":{"headers":{"accept":"*/*","accept-encoding":"gzip, deflate, br","cache-control":"no-cache","connection":"keep-alive","content-length":"3106","content-type":"application/json","host":"localhost:6040","postman-token":"9848daaa-0540-458a-bd76-5e2c213b3662","user-agent":"PostmanRuntime/7.44.1"},"httpVersion":"1.1","method":"POST","originalUrl":"/api/exam/question","query":{},"url":"/api/exam/question"},"res":{"statusCode":500},"responseTime":745},"service":"david-academy-api","timestamp":"2025-07-18 15:38:27"}
{"level":"info","message":"HTTP server enabled","service":"david-academy-api","timestamp":"2025-07-18 15:38:41"}
{"level":"info","message":"Server listening on port 6040","service":"david-academy-api","timestamp":"2025-07-18 15:38:42"}
{"level":"info","message":"✅ Connected to MySQL database","service":"david-academy-api","timestamp":"2025-07-18 15:38:42"}
{"level":"info","message":"🔄 MySQL keep-alive ping successful","service":"david-academy-api","timestamp":"2025-07-18 15:43:42"}
{"level":"info","message":"HTTP server enabled","service":"david-academy-api","timestamp":"2025-07-18 15:47:14"}
{"level":"info","message":"Server listening on port 6040","service":"david-academy-api","timestamp":"2025-07-18 15:47:14"}
{"level":"info","message":"✅ Connected to MySQL database","service":"david-academy-api","timestamp":"2025-07-18 15:47:14"}
{"level":"info","message":"HTTP server enabled","service":"david-academy-api","timestamp":"2025-07-18 15:47:41"}
{"level":"info","message":"Server listening on port 6040","service":"david-academy-api","timestamp":"2025-07-18 15:47:42"}
{"level":"info","message":"✅ Connected to MySQL database","service":"david-academy-api","timestamp":"2025-07-18 15:47:42"}
{"level":"info","message":"HTTP server enabled","service":"david-academy-api","timestamp":"2025-07-18 15:47:46"}
{"level":"info","message":"Server listening on port 6040","service":"david-academy-api","timestamp":"2025-07-18 15:47:46"}
{"level":"info","message":"✅ Connected to MySQL database","service":"david-academy-api","timestamp":"2025-07-18 15:47:46"}
{"level":"info","message":"HTTP server enabled","service":"david-academy-api","timestamp":"2025-07-18 15:47:49"}
{"level":"info","message":"Server listening on port 6040","service":"david-academy-api","timestamp":"2025-07-18 15:47:50"}
{"level":"info","message":"✅ Connected to MySQL database","service":"david-academy-api","timestamp":"2025-07-18 15:47:50"}
{"level":"info","message":"HTTP server enabled","service":"david-academy-api","timestamp":"2025-07-18 15:47:56"}
{"level":"info","message":"Server listening on port 6040","service":"david-academy-api","timestamp":"2025-07-18 15:47:56"}
{"level":"info","message":"✅ Connected to MySQL database","service":"david-academy-api","timestamp":"2025-07-18 15:47:56"}
{"level":"info","message":"HTTP server enabled","service":"david-academy-api","timestamp":"2025-07-18 15:48:04"}
{"level":"info","message":"Server listening on port 6040","service":"david-academy-api","timestamp":"2025-07-18 15:48:04"}
{"level":"info","message":"✅ Connected to MySQL database","service":"david-academy-api","timestamp":"2025-07-18 15:48:04"}
{"level":"info","message":"HTTP server enabled","service":"david-academy-api","timestamp":"2025-07-18 15:48:06"}
{"level":"info","message":"Server listening on port 6040","service":"david-academy-api","timestamp":"2025-07-18 15:48:07"}
{"level":"info","message":"✅ Connected to MySQL database","service":"david-academy-api","timestamp":"2025-07-18 15:48:07"}
{"level":"info","message":"HTTP server enabled","service":"david-academy-api","timestamp":"2025-07-18 15:48:23"}
{"level":"info","message":"Server listening on port 6040","service":"david-academy-api","timestamp":"2025-07-18 15:48:23"}
{"level":"info","message":"✅ Connected to MySQL database","service":"david-academy-api","timestamp":"2025-07-18 15:48:23"}
{"level":"info","message":"HTTP server enabled","service":"david-academy-api","timestamp":"2025-07-18 15:48:26"}
{"level":"info","message":"Server listening on port 6040","service":"david-academy-api","timestamp":"2025-07-18 15:48:26"}
{"level":"info","message":"✅ Connected to MySQL database","service":"david-academy-api","timestamp":"2025-07-18 15:48:26"}
{"level":"info","message":"HTTP server enabled","service":"david-academy-api","timestamp":"2025-07-18 15:48:31"}
{"level":"info","message":"Server listening on port 6040","service":"david-academy-api","timestamp":"2025-07-18 15:48:31"}
{"level":"info","message":"✅ Connected to MySQL database","service":"david-academy-api","timestamp":"2025-07-18 15:48:31"}
{"level":"info","message":"HTTP server enabled","service":"david-academy-api","timestamp":"2025-07-18 15:48:52"}
{"level":"info","message":"Server listening on port 6040","service":"david-academy-api","timestamp":"2025-07-18 15:48:53"}
{"level":"info","message":"✅ Connected to MySQL database","service":"david-academy-api","timestamp":"2025-07-18 15:48:53"}
{"level":"info","message":"HTTP server enabled","service":"david-academy-api","timestamp":"2025-07-18 15:49:10"}
{"level":"info","message":"Server listening on port 6040","service":"david-academy-api","timestamp":"2025-07-18 15:49:11"}
{"level":"info","message":"✅ Connected to MySQL database","service":"david-academy-api","timestamp":"2025-07-18 15:49:11"}
{"level":"info","message":"HTTP server enabled","service":"david-academy-api","timestamp":"2025-07-18 15:49:13"}
{"level":"info","message":"Server listening on port 6040","service":"david-academy-api","timestamp":"2025-07-18 15:49:14"}
{"level":"info","message":"✅ Connected to MySQL database","service":"david-academy-api","timestamp":"2025-07-18 15:49:14"}
{"level":"info","message":"HTTP server enabled","service":"david-academy-api","timestamp":"2025-07-18 15:49:21"}
{"level":"info","message":"Server listening on port 6040","service":"david-academy-api","timestamp":"2025-07-18 15:49:22"}
{"level":"info","message":"✅ Connected to MySQL database","service":"david-academy-api","timestamp":"2025-07-18 15:49:22"}
{"level":"info","message":"HTTP server enabled","service":"david-academy-api","timestamp":"2025-07-18 15:49:55"}
{"level":"info","message":"Server listening on port 6040","service":"david-academy-api","timestamp":"2025-07-18 15:49:55"}
{"level":"info","message":"✅ Connected to MySQL database","service":"david-academy-api","timestamp":"2025-07-18 15:49:55"}
{"level":"info","message":"HTTP server enabled","service":"david-academy-api","timestamp":"2025-07-18 15:50:14"}
{"level":"info","message":"Server listening on port 6040","service":"david-academy-api","timestamp":"2025-07-18 15:50:15"}
{"level":"info","message":"✅ Connected to MySQL database","service":"david-academy-api","timestamp":"2025-07-18 15:50:15"}
{"level":"info","message":"HTTP server enabled","service":"david-academy-api","timestamp":"2025-07-18 15:50:31"}
{"level":"info","message":"Server listening on port 6040","service":"david-academy-api","timestamp":"2025-07-18 15:50:32"}
{"level":"info","message":"✅ Connected to MySQL database","service":"david-academy-api","timestamp":"2025-07-18 15:50:32"}
{"level":"info","message":"HTTP server enabled","service":"david-academy-api","timestamp":"2025-07-18 15:50:37"}
{"level":"info","message":"Server listening on port 6040","service":"david-academy-api","timestamp":"2025-07-18 15:50:38"}
{"level":"info","message":"✅ Connected to MySQL database","service":"david-academy-api","timestamp":"2025-07-18 15:50:38"}
{"level":"info","message":"HTTP server enabled","service":"david-academy-api","timestamp":"2025-07-18 15:50:40"}
{"level":"info","message":"Server listening on port 6040","service":"david-academy-api","timestamp":"2025-07-18 15:50:41"}
{"level":"info","message":"✅ Connected to MySQL database","service":"david-academy-api","timestamp":"2025-07-18 15:50:41"}
{"level":"info","message":"HTTP server enabled","service":"david-academy-api","timestamp":"2025-07-18 15:51:21"}
{"level":"info","message":"Server listening on port 6040","service":"david-academy-api","timestamp":"2025-07-18 15:51:21"}
{"level":"info","message":"✅ Connected to MySQL database","service":"david-academy-api","timestamp":"2025-07-18 15:51:21"}
{"level":"info","message":"HTTP server enabled","service":"david-academy-api","timestamp":"2025-07-18 15:51:33"}
{"level":"info","message":"Server listening on port 6040","service":"david-academy-api","timestamp":"2025-07-18 15:51:33"}
{"level":"info","message":"✅ Connected to MySQL database","service":"david-academy-api","timestamp":"2025-07-18 15:51:33"}
{"level":"info","message":"HTTP server enabled","service":"david-academy-api","timestamp":"2025-07-18 15:51:54"}
{"level":"info","message":"Server listening on port 6040","service":"david-academy-api","timestamp":"2025-07-18 15:51:54"}
{"level":"info","message":"✅ Connected to MySQL database","service":"david-academy-api","timestamp":"2025-07-18 15:51:55"}
{"level":"info","message":"HTTP server enabled","service":"david-academy-api","timestamp":"2025-07-18 15:52:36"}
{"level":"info","message":"Server listening on port 6040","service":"david-academy-api","timestamp":"2025-07-18 15:52:37"}
{"level":"info","message":"✅ Connected to MySQL database","service":"david-academy-api","timestamp":"2025-07-18 15:52:37"}
{"level":"info","message":"HTTP server enabled","service":"david-academy-api","timestamp":"2025-07-18 15:52:38"}
{"level":"info","message":"Server listening on port 6040","service":"david-academy-api","timestamp":"2025-07-18 15:52:38"}
{"level":"info","message":"✅ Connected to MySQL database","service":"david-academy-api","timestamp":"2025-07-18 15:52:38"}
{"level":"info","message":"HTTP server enabled","service":"david-academy-api","timestamp":"2025-07-18 15:52:40"}
{"level":"info","message":"Server listening on port 6040","service":"david-academy-api","timestamp":"2025-07-18 15:52:41"}
{"level":"info","message":"✅ Connected to MySQL database","service":"david-academy-api","timestamp":"2025-07-18 15:52:41"}
{"level":"info","message":"HTTP server enabled","service":"david-academy-api","timestamp":"2025-07-18 15:52:43"}
{"level":"info","message":"Server listening on port 6040","service":"david-academy-api","timestamp":"2025-07-18 15:52:43"}
{"level":"info","message":"✅ Connected to MySQL database","service":"david-academy-api","timestamp":"2025-07-18 15:52:43"}
{"level":"info","message":"HTTP server enabled","service":"david-academy-api","timestamp":"2025-07-18 15:52:48"}
{"level":"info","message":"Server listening on port 6040","service":"david-academy-api","timestamp":"2025-07-18 15:52:48"}
{"level":"info","message":"✅ Connected to MySQL database","service":"david-academy-api","timestamp":"2025-07-18 15:52:49"}
{"level":"info","message":"HTTP server enabled","service":"david-academy-api","timestamp":"2025-07-18 15:52:57"}
{"level":"info","message":"Server listening on port 6040","service":"david-academy-api","timestamp":"2025-07-18 15:52:57"}
{"level":"info","message":"✅ Connected to MySQL database","service":"david-academy-api","timestamp":"2025-07-18 15:52:57"}
{"level":"info","message":"HTTP server enabled","service":"david-academy-api","timestamp":"2025-07-18 15:53:08"}
{"level":"info","message":"Server listening on port 6040","service":"david-academy-api","timestamp":"2025-07-18 15:53:08"}
{"level":"info","message":"✅ Connected to MySQL database","service":"david-academy-api","timestamp":"2025-07-18 15:53:08"}
{"level":"info","message":"📥 Received request to add new question","service":"david-academy-api","timestamp":"2025-07-18 15:56:03"}
{"level":"info","message":"✅ insertMultipleRadioQuestion: Inserted question ID=58","service":"david-academy-api","timestamp":"2025-07-18 15:56:03"}
{"level":"info","message":"✅ Added Drag Drop question with ID: 58","service":"david-academy-api","timestamp":"2025-07-18 15:56:03"}
{"level":"info","message":"📄 insertTab: Tab \"Triage Note\" added for question ID=58","service":"david-academy-api","timestamp":"2025-07-18 15:56:03"}
{"level":"info","message":"📄 Inserted Drag Drop tab \"Triage Note\" for question 58","service":"david-academy-api","timestamp":"2025-07-18 15:56:03"}
{"level":"info","message":"📄 insertTab: Tab \"Vital sign\" added for question ID=58","service":"david-academy-api","timestamp":"2025-07-18 15:56:03"}
{"level":"info","message":"📄 Inserted Drag Drop tab \"Vital sign\" for question 58","service":"david-academy-api","timestamp":"2025-07-18 15:56:03"}
{"level":"info","message":"insert DragAndDrop_Headings and answer: Inserted DragAndDrop_Headings and answer for questionId=58","service":"david-academy-api","timestamp":"2025-07-18 15:56:04"}
{"level":"info","message":"📄 Inserted Drag Drop options heading \"Action to take\" and asnser \"Option 3\" for question 58","service":"david-academy-api","timestamp":"2025-07-18 15:56:04"}
{"level":"error","message":"DragAndDrop_Headings_Options: Failed to insert DragAndDrop_Headings_Options for questionId=58: Error: ER_WRONG_VALUE_COUNT_ON_ROW: Column count doesn't match value count at row 1\n    at Sequence._packetToError (C:\\Users\\anant\\OneDrive\\Desktop\\LUNAR_BACKEND\\Davids_academy_backend\\node_modules\\mysql\\lib\\protocol\\sequences\\Sequence.js:47:14)\n    at Query.ErrorPacket (C:\\Users\\anant\\OneDrive\\Desktop\\LUNAR_BACKEND\\Davids_academy_backend\\node_modules\\mysql\\lib\\protocol\\sequences\\Query.js:79:18)\n    at Protocol._parsePacket (C:\\Users\\anant\\OneDrive\\Desktop\\LUNAR_BACKEND\\Davids_academy_backend\\node_modules\\mysql\\lib\\protocol\\Protocol.js:291:23)\n    at Parser._parsePacket (C:\\Users\\anant\\OneDrive\\Desktop\\LUNAR_BACKEND\\Davids_academy_backend\\node_modules\\mysql\\lib\\protocol\\Parser.js:433:10)\n    at Parser.write (C:\\Users\\anant\\OneDrive\\Desktop\\LUNAR_BACKEND\\Davids_academy_backend\\node_modules\\mysql\\lib\\protocol\\Parser.js:43:10)\n    at Protocol.write (C:\\Users\\anant\\OneDrive\\Desktop\\LUNAR_BACKEND\\Davids_academy_backend\\node_modules\\mysql\\lib\\protocol\\Protocol.js:38:16)\n    at Socket.<anonymous> (C:\\Users\\anant\\OneDrive\\Desktop\\LUNAR_BACKEND\\Davids_academy_backend\\node_modules\\mysql\\lib\\Connection.js:88:28)\n    at Socket.<anonymous> (C:\\Users\\anant\\OneDrive\\Desktop\\LUNAR_BACKEND\\Davids_academy_backend\\node_modules\\mysql\\lib\\Connection.js:526:10)\n    at Socket.emit (node:events:518:28)\n    at addChunk (node:internal/streams/readable:561:12)\n    --------------------\n    at Pool.query (C:\\Users\\anant\\OneDrive\\Desktop\\LUNAR_BACKEND\\Davids_academy_backend\\node_modules\\mysql\\lib\\Pool.js:199:23)\n    at node:internal/util:432:7\n    at new Promise (<anonymous>)\n    at Pool.<anonymous> (node:internal/util:418:12)\n    at Object.insertDragDropOptionsHeadingValues (C:\\Users\\anant\\OneDrive\\Desktop\\LUNAR_BACKEND\\Davids_academy_backend\\model\\admin\\examModels.js:471:30)\n    at module.exports.createQuestion (C:\\Users\\anant\\OneDrive\\Desktop\\LUNAR_BACKEND\\Davids_academy_backend\\controller\\admin\\examControllers.js:457:33)\n    at process.processTicksAndRejections (node:internal/process/task_queues:95:5) {\n  [stack]: \"Error: ER_WRONG_VALUE_COUNT_ON_ROW: Column count doesn't match value count at row 1\\n\" +\n    '    at Sequence._packetToError (C:\\\\Users\\\\anant\\\\OneDrive\\\\Desktop\\\\LUNAR_BACKEND\\\\Davids_academy_backend\\\\node_modules\\\\mysql\\\\lib\\\\protocol\\\\sequences\\\\Sequence.js:47:14)\\n' +\n    '    at Query.ErrorPacket (C:\\\\Users\\\\anant\\\\OneDrive\\\\Desktop\\\\LUNAR_BACKEND\\\\Davids_academy_backend\\\\node_modules\\\\mysql\\\\lib\\\\protocol\\\\sequences\\\\Query.js:79:18)\\n' +\n    '    at Protocol._parsePacket (C:\\\\Users\\\\anant\\\\OneDrive\\\\Desktop\\\\LUNAR_BACKEND\\\\Davids_academy_backend\\\\node_modules\\\\mysql\\\\lib\\\\protocol\\\\Protocol.js:291:23)\\n' +\n    '    at Parser._parsePacket (C:\\\\Users\\\\anant\\\\OneDrive\\\\Desktop\\\\LUNAR_BACKEND\\\\Davids_academy_backend\\\\node_modules\\\\mysql\\\\lib\\\\protocol\\\\Parser.js:433:10)\\n' +\n    '    at Parser.write (C:\\\\Users\\\\anant\\\\OneDrive\\\\Desktop\\\\LUNAR_BACKEND\\\\Davids_academy_backend\\\\node_modules\\\\mysql\\\\lib\\\\protocol\\\\Parser.js:43:10)\\n' +\n    '    at Protocol.write (C:\\\\Users\\\\anant\\\\OneDrive\\\\Desktop\\\\LUNAR_BACKEND\\\\Davids_academy_backend\\\\node_modules\\\\mysql\\\\lib\\\\protocol\\\\Protocol.js:38:16)\\n' +\n    '    at Socket.<anonymous> (C:\\\\Users\\\\anant\\\\OneDrive\\\\Desktop\\\\LUNAR_BACKEND\\\\Davids_academy_backend\\\\node_modules\\\\mysql\\\\lib\\\\Connection.js:88:28)\\n' +\n    '    at Socket.<anonymous> (C:\\\\Users\\\\anant\\\\OneDrive\\\\Desktop\\\\LUNAR_BACKEND\\\\Davids_academy_backend\\\\node_modules\\\\mysql\\\\lib\\\\Connection.js:526:10)\\n' +\n    '    at Socket.emit (node:events:518:28)\\n' +\n    '    at addChunk (node:internal/streams/readable:561:12)\\n' +\n    '    --------------------\\n' +\n    '    at Pool.query (C:\\\\Users\\\\anant\\\\OneDrive\\\\Desktop\\\\LUNAR_BACKEND\\\\Davids_academy_backend\\\\node_modules\\\\mysql\\\\lib\\\\Pool.js:199:23)\\n' +\n    '    at node:internal/util:432:7\\n' +\n    '    at new Promise (<anonymous>)\\n' +\n    '    at Pool.<anonymous> (node:internal/util:418:12)\\n' +\n    '    at Object.insertDragDropOptionsHeadingValues (C:\\\\Users\\\\anant\\\\OneDrive\\\\Desktop\\\\LUNAR_BACKEND\\\\Davids_academy_backend\\\\model\\\\admin\\\\examModels.js:471:30)\\n' +\n    '    at module.exports.createQuestion (C:\\\\Users\\\\anant\\\\OneDrive\\\\Desktop\\\\LUNAR_BACKEND\\\\Davids_academy_backend\\\\controller\\\\admin\\\\examControllers.js:457:33)\\n' +\n    '    at process.processTicksAndRejections (node:internal/process/task_queues:95:5)',\n  [message]: \"ER_WRONG_VALUE_COUNT_ON_ROW: Column count doesn't match value count at row 1\",\n  code: 'ER_WRONG_VALUE_COUNT_ON_ROW',\n  errno: 1136,\n  sqlMessage: \"Column count doesn't match value count at row 1\",\n  sqlState: '21S01',\n  index: 0,\n  sql: 'INSERT INTO DragAndDrop_Headings_Options (question_id,headings_id,options_value) VALUES (58,5)'\n}","service":"david-academy-api","timestamp":"2025-07-18 15:56:04"}
{"level":"error","message":"❌ Failed to add question: ER_WRONG_VALUE_COUNT_ON_ROW: Column count doesn't match value count at row 1","service":"david-academy-api","timestamp":"2025-07-18 15:56:04"}
{"level":"info","message":"POST /api/exam/question 500 1187ms","meta":{"req":{"headers":{"accept":"*/*","accept-encoding":"gzip, deflate, br","cache-control":"no-cache","connection":"keep-alive","content-length":"3106","content-type":"application/json","host":"localhost:6040","postman-token":"abdb3146-3304-4860-b466-13087c47d63d","user-agent":"PostmanRuntime/7.44.1"},"httpVersion":"1.1","method":"POST","originalUrl":"/api/exam/question","query":{},"url":"/api/exam/question"},"res":{"statusCode":500},"responseTime":1187},"service":"david-academy-api","timestamp":"2025-07-18 15:56:04"}
{"level":"info","message":"HTTP server enabled","service":"david-academy-api","timestamp":"2025-07-18 15:56:30"}
{"level":"info","message":"Server listening on port 6040","service":"david-academy-api","timestamp":"2025-07-18 15:56:30"}
{"level":"info","message":"✅ Connected to MySQL database","service":"david-academy-api","timestamp":"2025-07-18 15:56:30"}
{"level":"info","message":"📥 Received request to add new question","service":"david-academy-api","timestamp":"2025-07-18 15:56:34"}
{"level":"info","message":"✅ insertMultipleRadioQuestion: Inserted question ID=59","service":"david-academy-api","timestamp":"2025-07-18 15:56:35"}
{"level":"info","message":"✅ Added Drag Drop question with ID: 59","service":"david-academy-api","timestamp":"2025-07-18 15:56:35"}
{"level":"info","message":"📄 insertTab: Tab \"Triage Note\" added for question ID=59","service":"david-academy-api","timestamp":"2025-07-18 15:56:35"}
{"level":"info","message":"📄 Inserted Drag Drop tab \"Triage Note\" for question 59","service":"david-academy-api","timestamp":"2025-07-18 15:56:35"}
{"level":"info","message":"📄 insertTab: Tab \"Vital sign\" added for question ID=59","service":"david-academy-api","timestamp":"2025-07-18 15:56:35"}
{"level":"info","message":"📄 Inserted Drag Drop tab \"Vital sign\" for question 59","service":"david-academy-api","timestamp":"2025-07-18 15:56:35"}
{"level":"info","message":"insert DragAndDrop_Headings and answer: Inserted DragAndDrop_Headings and answer for questionId=59","service":"david-academy-api","timestamp":"2025-07-18 15:56:36"}
{"level":"info","message":"📄 Inserted Drag Drop options heading \"Action to take\" and asnser \"Option 3\" for question 59","service":"david-academy-api","timestamp":"2025-07-18 15:56:36"}
{"level":"info","message":"insert DragAndDrop_Headings_Options: Inserted DragAndDrop_Headings_Options for questionId=59","service":"david-academy-api","timestamp":"2025-07-18 15:56:36"}
{"level":"info","message":"🔽 Drag Drop options heading values \"option\" -> \"option\"","service":"david-academy-api","timestamp":"2025-07-18 15:56:36"}
{"level":"info","message":"insert DragAndDrop_Headings_Options: Inserted DragAndDrop_Headings_Options for questionId=59","service":"david-academy-api","timestamp":"2025-07-18 15:56:36"}
{"level":"info","message":"🔽 Drag Drop options heading values \"option 2\" -> \"option 2\"","service":"david-academy-api","timestamp":"2025-07-18 15:56:36"}
{"level":"info","message":"insert DragAndDrop_Headings_Options: Inserted DragAndDrop_Headings_Options for questionId=59","service":"david-academy-api","timestamp":"2025-07-18 15:56:36"}
{"level":"info","message":"🔽 Drag Drop options heading values \"option 3\" -> \"option 3\"","service":"david-academy-api","timestamp":"2025-07-18 15:56:36"}
{"level":"info","message":"insert DragAndDrop_Headings_Options: Inserted DragAndDrop_Headings_Options for questionId=59","service":"david-academy-api","timestamp":"2025-07-18 15:56:36"}
{"level":"info","message":"🔽 Drag Drop options heading values \"option 4\" -> \"option 4\"","service":"david-academy-api","timestamp":"2025-07-18 15:56:36"}
{"level":"info","message":"insert DragAndDrop_Headings and answer: Inserted DragAndDrop_Headings and answer for questionId=59","service":"david-academy-api","timestamp":"2025-07-18 15:56:36"}
{"level":"info","message":"📄 Inserted Drag Drop options heading \"Parameter to Monitor\" and asnser \"Option 2\" for question 59","service":"david-academy-api","timestamp":"2025-07-18 15:56:36"}
{"level":"info","message":"insert DragAndDrop_Headings_Options: Inserted DragAndDrop_Headings_Options for questionId=59","service":"david-academy-api","timestamp":"2025-07-18 15:56:37"}
{"level":"info","message":"🔽 Drag Drop options heading values \"option\" -> \"option\"","service":"david-academy-api","timestamp":"2025-07-18 15:56:37"}
{"level":"info","message":"insert DragAndDrop_Headings_Options: Inserted DragAndDrop_Headings_Options for questionId=59","service":"david-academy-api","timestamp":"2025-07-18 15:56:37"}
{"level":"info","message":"🔽 Drag Drop options heading values \"option 2\" -> \"option 2\"","service":"david-academy-api","timestamp":"2025-07-18 15:56:37"}
{"level":"info","message":"insert DragAndDrop_Headings_Options: Inserted DragAndDrop_Headings_Options for questionId=59","service":"david-academy-api","timestamp":"2025-07-18 15:56:37"}
{"level":"info","message":"🔽 Drag Drop options heading values \"option 3\" -> \"option 3\"","service":"david-academy-api","timestamp":"2025-07-18 15:56:37"}
{"level":"info","message":"insert DragAndDrop_Headings_Options: Inserted DragAndDrop_Headings_Options for questionId=59","service":"david-academy-api","timestamp":"2025-07-18 15:56:38"}
{"level":"info","message":"🔽 Drag Drop options heading values \"option 4\" -> \"option 4\"","service":"david-academy-api","timestamp":"2025-07-18 15:56:38"}
{"level":"info","message":"insert DragAndDrop_Headings and answer: Inserted DragAndDrop_Headings and answer for questionId=59","service":"david-academy-api","timestamp":"2025-07-18 15:56:38"}
{"level":"info","message":"📄 Inserted Drag Drop options heading \"Action to  another action\" and asnser \"Option 1\" for question 59","service":"david-academy-api","timestamp":"2025-07-18 15:56:38"}
{"level":"info","message":"insert DragAndDrop_Headings_Options: Inserted DragAndDrop_Headings_Options for questionId=59","service":"david-academy-api","timestamp":"2025-07-18 15:56:39"}
{"level":"info","message":"🔽 Drag Drop options heading values \"option\" -> \"option\"","service":"david-academy-api","timestamp":"2025-07-18 15:56:39"}
{"level":"info","message":"insert DragAndDrop_Headings_Options: Inserted DragAndDrop_Headings_Options for questionId=59","service":"david-academy-api","timestamp":"2025-07-18 15:56:39"}
{"level":"info","message":"🔽 Drag Drop options heading values \"option 2\" -> \"option 2\"","service":"david-academy-api","timestamp":"2025-07-18 15:56:39"}
{"level":"info","message":"insert DragAndDrop_Headings_Options: Inserted DragAndDrop_Headings_Options for questionId=59","service":"david-academy-api","timestamp":"2025-07-18 15:56:39"}
{"level":"info","message":"🔽 Drag Drop options heading values \"option 3\" -> \"option 3\"","service":"david-academy-api","timestamp":"2025-07-18 15:56:39"}
{"level":"info","message":"insert DragAndDrop_Headings_Options: Inserted DragAndDrop_Headings_Options for questionId=59","service":"david-academy-api","timestamp":"2025-07-18 15:56:39"}
{"level":"info","message":"🔽 Drag Drop options heading values \"option 4\" -> \"option 4\"","service":"david-academy-api","timestamp":"2025-07-18 15:56:39"}
{"level":"info","message":"insertMCQExplanation: Inserted explanation for questionId=59","service":"david-academy-api","timestamp":"2025-07-18 15:56:39"}
{"level":"info","message":"📝 Drag Drop Explanation added for question 59","service":"david-academy-api","timestamp":"2025-07-18 15:56:39"}
{"level":"info","message":"insertAdditionalInfo: Inserted info for questionId=59","service":"david-academy-api","timestamp":"2025-07-18 15:56:39"}
{"level":"info","message":"📝 Drag Drop Additional information added for question 59","service":"david-academy-api","timestamp":"2025-07-18 15:56:39"}
{"level":"info","message":"POST /api/exam/question 201 4910ms","meta":{"req":{"headers":{"accept":"*/*","accept-encoding":"gzip, deflate, br","cache-control":"no-cache","connection":"keep-alive","content-length":"3106","content-type":"application/json","host":"localhost:6040","postman-token":"64e96d18-e4d5-47ba-9e49-713ff8fd18ba","user-agent":"PostmanRuntime/7.44.1"},"httpVersion":"1.1","method":"POST","originalUrl":"/api/exam/question","query":{},"url":"/api/exam/question"},"res":{"statusCode":201},"responseTime":4910},"service":"david-academy-api","timestamp":"2025-07-18 15:56:39"}
{"level":"info","message":"🔄 MySQL keep-alive ping successful","service":"david-academy-api","timestamp":"2025-07-18 16:01:30"}
{"level":"info","message":"📥 Received request to add new question","service":"david-academy-api","timestamp":"2025-07-18 16:04:24"}
{"level":"info","message":"✅ insertFillTheBlanksQuestion: Inserted question ID=60","service":"david-academy-api","timestamp":"2025-07-18 16:04:24"}
{"level":"info","message":"✅ Added dropdown question with ID: 60","service":"david-academy-api","timestamp":"2025-07-18 16:04:24"}
{"level":"info","message":"insert FillTheBlanks Question content: Inserted question text for questionId=60","service":"david-academy-api","timestamp":"2025-07-18 16:04:24"}
{"level":"info","message":"📄 Inserted fill in the blanks text \"Turn on the suction device and set appropriate pressure.\" with answer some disease  for question 60","service":"david-academy-api","timestamp":"2025-07-18 16:04:24"}
{"level":"info","message":"insert FillTheBlanks Question content: Inserted question text for questionId=60","service":"david-academy-api","timestamp":"2025-07-18 16:04:24"}
{"level":"info","message":"📄 Inserted fill in the blanks text \"and\" with answer symptoms  for question 60","service":"david-academy-api","timestamp":"2025-07-18 16:04:24"}
{"level":"info","message":"insert FillTheBlanks Question content: Inserted question text for questionId=60","service":"david-academy-api","timestamp":"2025-07-18 16:04:24"}
{"level":"info","message":"📄 Inserted fill in the blanks text \"if the condition is not managed\" with answer   for question 60","service":"david-academy-api","timestamp":"2025-07-18 16:04:24"}
{"level":"info","message":"insert FillTheBlanks Options DragAndDrop_Headings: Inserted question drag and option heading for questionId=60","service":"david-academy-api","timestamp":"2025-07-18 16:04:24"}
{"level":"info","message":"📄 Inserted fill in the blanks options heading \"Fill in the Blanks Option Heading\" for question 60","service":"david-academy-api","timestamp":"2025-07-18 16:04:24"}
{"level":"info","message":"insert FillTheBlanks DragAndDrop_Headings_Options: Inserted question DragAndDrop_Headings_Options for questionId=60","service":"david-academy-api","timestamp":"2025-07-18 16:04:24"}
{"level":"info","message":"🔽 fill in the blanks options heading values \"some disease\" -> \"some disease\"","service":"david-academy-api","timestamp":"2025-07-18 16:04:24"}
{"level":"info","message":"insert FillTheBlanks DragAndDrop_Headings_Options: Inserted question DragAndDrop_Headings_Options for questionId=60","service":"david-academy-api","timestamp":"2025-07-18 16:04:24"}
{"level":"info","message":"🔽 fill in the blanks options heading values \"fever\" -> \"fever\"","service":"david-academy-api","timestamp":"2025-07-18 16:04:24"}
{"level":"info","message":"insert FillTheBlanks DragAndDrop_Headings_Options: Inserted question DragAndDrop_Headings_Options for questionId=60","service":"david-academy-api","timestamp":"2025-07-18 16:04:24"}
{"level":"info","message":"🔽 fill in the blanks options heading values \"Option Heading\" -> \"Option Heading\"","service":"david-academy-api","timestamp":"2025-07-18 16:04:24"}
{"level":"info","message":"insert FillTheBlanks DragAndDrop_Headings_Options: Inserted question DragAndDrop_Headings_Options for questionId=60","service":"david-academy-api","timestamp":"2025-07-18 16:04:24"}
{"level":"info","message":"🔽 fill in the blanks options heading values \"symptoms\" -> \"symptoms\"","service":"david-academy-api","timestamp":"2025-07-18 16:04:24"}
{"level":"info","message":"insertMCQExplanation: Inserted explanation for questionId=60","service":"david-academy-api","timestamp":"2025-07-18 16:04:25"}
{"level":"info","message":"📝 Explanation added for question 60","service":"david-academy-api","timestamp":"2025-07-18 16:04:25"}
{"level":"info","message":"insertAdditionalInfo: Inserted info for questionId=60","service":"david-academy-api","timestamp":"2025-07-18 16:04:25"}
{"level":"info","message":"📝 Additional information added for question 60","service":"david-academy-api","timestamp":"2025-07-18 16:04:25"}
{"level":"info","message":"POST /api/exam/question 201 1163ms","meta":{"req":{"headers":{"accept":"*/*","accept-encoding":"gzip, deflate, br","cache-control":"no-cache","connection":"keep-alive","content-length":"1886","content-type":"application/json","host":"localhost:6040","postman-token":"292063ca-0a41-424a-bf55-002f6b980eb1","user-agent":"PostmanRuntime/7.44.1"},"httpVersion":"1.1","method":"POST","originalUrl":"/api/exam/question","query":{},"url":"/api/exam/question"},"res":{"statusCode":201},"responseTime":1163},"service":"david-academy-api","timestamp":"2025-07-18 16:04:25"}
{"level":"info","message":"🔄 MySQL keep-alive ping successful","service":"david-academy-api","timestamp":"2025-07-18 16:06:30"}
{"level":"info","message":"HTTP server enabled","service":"david-academy-api","timestamp":"2025-07-18 16:06:33"}
{"level":"info","message":"Server listening on port 6040","service":"david-academy-api","timestamp":"2025-07-18 16:06:34"}
{"level":"info","message":"HTTP server enabled","service":"david-academy-api","timestamp":"2025-07-18 16:06:34"}
{"level":"info","message":"Server listening on port 6040","service":"david-academy-api","timestamp":"2025-07-18 16:06:34"}
{"level":"info","message":"✅ Connected to MySQL database","service":"david-academy-api","timestamp":"2025-07-18 16:06:34"}
{"level":"info","message":"HTTP server enabled","service":"david-academy-api","timestamp":"2025-07-18 16:06:41"}
{"level":"info","message":"Server listening on port 6040","service":"david-academy-api","timestamp":"2025-07-18 16:06:41"}
{"level":"info","message":"HTTP server enabled","service":"david-academy-api","timestamp":"2025-07-18 16:06:42"}
{"level":"info","message":"Server listening on port 6040","service":"david-academy-api","timestamp":"2025-07-18 16:06:43"}
{"level":"info","message":"✅ Connected to MySQL database","service":"david-academy-api","timestamp":"2025-07-18 16:06:43"}
{"level":"info","message":"📥 Received request to add new question","service":"david-academy-api","timestamp":"2025-07-18 16:06:47"}
{"level":"info","message":"✅ insertFillTheBlanksQuestion: Inserted question ID=61","service":"david-academy-api","timestamp":"2025-07-18 16:06:47"}
{"level":"info","message":"✅ Added dropdown question with ID: 61","service":"david-academy-api","timestamp":"2025-07-18 16:06:47"}
{"level":"info","message":"insert FillTheBlanks Question content: Inserted question text for questionId=61","service":"david-academy-api","timestamp":"2025-07-18 16:06:48"}
{"level":"info","message":"📄 Inserted fill in the blanks text \"Turn on the suction device and set appropriate pressure.\" with answer some disease  for question 61","service":"david-academy-api","timestamp":"2025-07-18 16:06:48"}
{"level":"info","message":"insert FillTheBlanks Question content: Inserted question text for questionId=61","service":"david-academy-api","timestamp":"2025-07-18 16:06:48"}
{"level":"info","message":"📄 Inserted fill in the blanks text \"and\" with answer symptoms  for question 61","service":"david-academy-api","timestamp":"2025-07-18 16:06:48"}
{"level":"info","message":"insert FillTheBlanks Question content: Inserted question text for questionId=61","service":"david-academy-api","timestamp":"2025-07-18 16:06:48"}
{"level":"info","message":"📄 Inserted fill in the blanks text \"if the condition is not managed\" with answer   for question 61","service":"david-academy-api","timestamp":"2025-07-18 16:06:48"}
{"level":"info","message":"insert FillTheBlanks Options DragAndDrop_Headings: Inserted question drag and option heading for questionId=61","service":"david-academy-api","timestamp":"2025-07-18 16:06:48"}
{"level":"info","message":"📄 Inserted fill in the blanks options heading \"Fill in the Blanks Option Heading\" for question 61","service":"david-academy-api","timestamp":"2025-07-18 16:06:48"}
{"level":"info","message":"insert FillTheBlanks DragAndDrop_Headings_Options: Inserted question DragAndDrop_Headings_Options for questionId=61","service":"david-academy-api","timestamp":"2025-07-18 16:06:48"}
{"level":"info","message":"🔽 fill in the blanks options heading values \"some disease\" -> \"some disease\"","service":"david-academy-api","timestamp":"2025-07-18 16:06:48"}
{"level":"info","message":"insert FillTheBlanks DragAndDrop_Headings_Options: Inserted question DragAndDrop_Headings_Options for questionId=61","service":"david-academy-api","timestamp":"2025-07-18 16:06:48"}
{"level":"info","message":"🔽 fill in the blanks options heading values \"fever\" -> \"fever\"","service":"david-academy-api","timestamp":"2025-07-18 16:06:48"}
{"level":"info","message":"insert FillTheBlanks DragAndDrop_Headings_Options: Inserted question DragAndDrop_Headings_Options for questionId=61","service":"david-academy-api","timestamp":"2025-07-18 16:06:48"}
{"level":"info","message":"🔽 fill in the blanks options heading values \"Option Heading\" -> \"Option Heading\"","service":"david-academy-api","timestamp":"2025-07-18 16:06:48"}
{"level":"info","message":"insert FillTheBlanks DragAndDrop_Headings_Options: Inserted question DragAndDrop_Headings_Options for questionId=61","service":"david-academy-api","timestamp":"2025-07-18 16:06:48"}
{"level":"info","message":"🔽 fill in the blanks options heading values \"symptoms\" -> \"symptoms\"","service":"david-academy-api","timestamp":"2025-07-18 16:06:48"}
{"level":"info","message":"insertMCQExplanation: Inserted explanation for questionId=61","service":"david-academy-api","timestamp":"2025-07-18 16:06:48"}
{"level":"info","message":"📝 Explanation added for question 61","service":"david-academy-api","timestamp":"2025-07-18 16:06:48"}
{"level":"info","message":"insertAdditionalInfo: Inserted info for questionId=61","service":"david-academy-api","timestamp":"2025-07-18 16:06:48"}
{"level":"info","message":"📝 Additional information added for question 61","service":"david-academy-api","timestamp":"2025-07-18 16:06:48"}
{"level":"info","message":"POST /api/exam/question 201 1231ms","meta":{"req":{"headers":{"accept":"*/*","accept-encoding":"gzip, deflate, br","cache-control":"no-cache","connection":"keep-alive","content-length":"1886","content-type":"application/json","host":"localhost:6040","postman-token":"18884e6b-8e05-47a1-8e5c-113eca92fb34","user-agent":"PostmanRuntime/7.44.1"},"httpVersion":"1.1","method":"POST","originalUrl":"/api/exam/question","query":{},"url":"/api/exam/question"},"res":{"statusCode":201},"responseTime":1231},"service":"david-academy-api","timestamp":"2025-07-18 16:06:48"}
{"level":"info","message":"HTTP server enabled","service":"david-academy-api","timestamp":"2025-07-18 16:08:02"}
{"level":"info","message":"Server listening on port 6040","service":"david-academy-api","timestamp":"2025-07-18 16:08:03"}
{"level":"info","message":"✅ Connected to MySQL database","service":"david-academy-api","timestamp":"2025-07-18 16:08:03"}
{"level":"info","message":"🔄 MySQL keep-alive ping successful","service":"david-academy-api","timestamp":"2025-07-18 16:13:03"}
{"level":"info","message":"🔄 MySQL keep-alive ping successful","service":"david-academy-api","timestamp":"2025-07-18 16:18:03"}
{"level":"info","message":"🔄 MySQL keep-alive ping successful","service":"david-academy-api","timestamp":"2025-07-18 16:31:23"}
{"level":"info","message":"HTTP server enabled","service":"david-academy-api","timestamp":"2025-07-18 16:33:24"}
{"level":"info","message":"Server listening on port 6040","service":"david-academy-api","timestamp":"2025-07-18 16:33:25"}
{"level":"info","message":"✅ Connected to MySQL database","service":"david-academy-api","timestamp":"2025-07-18 16:33:25"}
{"level":"info","message":"HTTP server enabled","service":"david-academy-api","timestamp":"2025-07-18 16:34:39"}
{"level":"info","message":"Server listening on port 6040","service":"david-academy-api","timestamp":"2025-07-18 16:34:39"}
{"level":"info","message":"✅ Connected to MySQL database","service":"david-academy-api","timestamp":"2025-07-18 16:34:39"}
{"level":"info","message":"HTTP server enabled","service":"david-academy-api","timestamp":"2025-07-18 16:34:41"}
{"level":"info","message":"Server listening on port 6040","service":"david-academy-api","timestamp":"2025-07-18 16:34:41"}
{"level":"info","message":"✅ Connected to MySQL database","service":"david-academy-api","timestamp":"2025-07-18 16:34:41"}
{"level":"info","message":"HTTP server enabled","service":"david-academy-api","timestamp":"2025-07-18 16:34:43"}
{"level":"info","message":"Server listening on port 6040","service":"david-academy-api","timestamp":"2025-07-18 16:34:43"}
{"level":"info","message":"✅ Connected to MySQL database","service":"david-academy-api","timestamp":"2025-07-18 16:34:43"}
{"level":"info","message":"HTTP server enabled","service":"david-academy-api","timestamp":"2025-07-18 16:34:50"}
{"level":"info","message":"Server listening on port 6040","service":"david-academy-api","timestamp":"2025-07-18 16:34:50"}
{"level":"info","message":"✅ Connected to MySQL database","service":"david-academy-api","timestamp":"2025-07-18 16:34:51"}
{"level":"info","message":"HTTP server enabled","service":"david-academy-api","timestamp":"2025-07-18 16:34:51"}
{"level":"info","message":"Server listening on port 6040","service":"david-academy-api","timestamp":"2025-07-18 16:34:52"}
{"level":"info","message":"✅ Connected to MySQL database","service":"david-academy-api","timestamp":"2025-07-18 16:34:52"}
{"level":"info","message":"HTTP server enabled","service":"david-academy-api","timestamp":"2025-07-18 16:37:40"}
{"level":"info","message":"Server listening on port 6040","service":"david-academy-api","timestamp":"2025-07-18 16:37:40"}
{"level":"info","message":"✅ Connected to MySQL database","service":"david-academy-api","timestamp":"2025-07-18 16:37:40"}
{"level":"info","message":"HTTP server enabled","service":"david-academy-api","timestamp":"2025-07-18 16:37:44"}
{"level":"info","message":"Server listening on port 6040","service":"david-academy-api","timestamp":"2025-07-18 16:37:44"}
{"level":"info","message":"✅ Connected to MySQL database","service":"david-academy-api","timestamp":"2025-07-18 16:37:45"}
{"level":"info","message":"HTTP server enabled","service":"david-academy-api","timestamp":"2025-07-18 16:37:59"}
{"level":"info","message":"Server listening on port 6040","service":"david-academy-api","timestamp":"2025-07-18 16:37:59"}
{"level":"info","message":"✅ Connected to MySQL database","service":"david-academy-api","timestamp":"2025-07-18 16:37:59"}
{"level":"info","message":"HTTP server enabled","service":"david-academy-api","timestamp":"2025-07-18 16:38:07"}
{"level":"info","message":"Server listening on port 6040","service":"david-academy-api","timestamp":"2025-07-18 16:38:07"}
{"level":"info","message":"✅ Connected to MySQL database","service":"david-academy-api","timestamp":"2025-07-18 16:38:07"}
{"level":"info","message":"HTTP server enabled","service":"david-academy-api","timestamp":"2025-07-18 16:38:11"}
{"level":"info","message":"Server listening on port 6040","service":"david-academy-api","timestamp":"2025-07-18 16:38:11"}
{"level":"info","message":"✅ Connected to MySQL database","service":"david-academy-api","timestamp":"2025-07-18 16:38:11"}
{"level":"info","message":"HTTP server enabled","service":"david-academy-api","timestamp":"2025-07-18 16:38:24"}
{"level":"info","message":"Server listening on port 6040","service":"david-academy-api","timestamp":"2025-07-18 16:38:24"}
{"level":"info","message":"✅ Connected to MySQL database","service":"david-academy-api","timestamp":"2025-07-18 16:38:25"}
{"level":"info","message":"HTTP server enabled","service":"david-academy-api","timestamp":"2025-07-18 16:38:31"}
{"level":"info","message":"Server listening on port 6040","service":"david-academy-api","timestamp":"2025-07-18 16:38:32"}
{"level":"info","message":"✅ Connected to MySQL database","service":"david-academy-api","timestamp":"2025-07-18 16:38:32"}
{"level":"info","message":"HTTP server enabled","service":"david-academy-api","timestamp":"2025-07-18 16:39:10"}
{"level":"info","message":"Server listening on port 6040","service":"david-academy-api","timestamp":"2025-07-18 16:39:11"}
{"level":"info","message":"✅ Connected to MySQL database","service":"david-academy-api","timestamp":"2025-07-18 16:39:11"}
{"level":"info","message":"HTTP server enabled","service":"david-academy-api","timestamp":"2025-07-18 16:39:15"}
{"level":"info","message":"Server listening on port 6040","service":"david-academy-api","timestamp":"2025-07-18 16:39:16"}
{"level":"info","message":"✅ Connected to MySQL database","service":"david-academy-api","timestamp":"2025-07-18 16:39:16"}
{"level":"info","message":"HTTP server enabled","service":"david-academy-api","timestamp":"2025-07-18 16:39:42"}
{"level":"info","message":"Server listening on port 6040","service":"david-academy-api","timestamp":"2025-07-18 16:39:42"}
{"level":"info","message":"✅ Connected to MySQL database","service":"david-academy-api","timestamp":"2025-07-18 16:39:42"}
{"level":"info","message":"HTTP server enabled","service":"david-academy-api","timestamp":"2025-07-18 16:40:12"}
{"level":"info","message":"Server listening on port 6040","service":"david-academy-api","timestamp":"2025-07-18 16:40:12"}
{"level":"info","message":"✅ Connected to MySQL database","service":"david-academy-api","timestamp":"2025-07-18 16:40:13"}
{"level":"info","message":"HTTP server enabled","service":"david-academy-api","timestamp":"2025-07-18 16:43:24"}
{"level":"info","message":"Server listening on port 6040","service":"david-academy-api","timestamp":"2025-07-18 16:43:25"}
{"level":"info","message":"✅ Connected to MySQL database","service":"david-academy-api","timestamp":"2025-07-18 16:43:25"}
{"level":"info","message":"HTTP server enabled","service":"david-academy-api","timestamp":"2025-07-18 16:44:04"}
{"level":"info","message":"Server listening on port 6040","service":"david-academy-api","timestamp":"2025-07-18 16:44:05"}
{"level":"info","message":"✅ Connected to MySQL database","service":"david-academy-api","timestamp":"2025-07-18 16:44:05"}
{"level":"info","message":"HTTP server enabled","service":"david-academy-api","timestamp":"2025-07-18 16:44:09"}
{"level":"info","message":"Server listening on port 6040","service":"david-academy-api","timestamp":"2025-07-18 16:44:09"}
{"level":"info","message":"✅ Connected to MySQL database","service":"david-academy-api","timestamp":"2025-07-18 16:44:09"}
{"level":"info","message":"HTTP server enabled","service":"david-academy-api","timestamp":"2025-07-18 16:44:13"}
{"level":"info","message":"Server listening on port 6040","service":"david-academy-api","timestamp":"2025-07-18 16:44:13"}
{"level":"info","message":"✅ Connected to MySQL database","service":"david-academy-api","timestamp":"2025-07-18 16:44:13"}
{"level":"info","message":"HTTP server enabled","service":"david-academy-api","timestamp":"2025-07-18 16:44:15"}
{"level":"info","message":"Server listening on port 6040","service":"david-academy-api","timestamp":"2025-07-18 16:44:16"}
{"level":"info","message":"✅ Connected to MySQL database","service":"david-academy-api","timestamp":"2025-07-18 16:44:16"}
{"level":"info","message":"HTTP server enabled","service":"david-academy-api","timestamp":"2025-07-18 16:44:34"}
{"level":"info","message":"Server listening on port 6040","service":"david-academy-api","timestamp":"2025-07-18 16:44:34"}
{"level":"info","message":"✅ Connected to MySQL database","service":"david-academy-api","timestamp":"2025-07-18 16:44:34"}
{"level":"info","message":"HTTP server enabled","service":"david-academy-api","timestamp":"2025-07-18 16:45:02"}
{"level":"info","message":"Server listening on port 6040","service":"david-academy-api","timestamp":"2025-07-18 16:45:02"}
{"level":"info","message":"✅ Connected to MySQL database","service":"david-academy-api","timestamp":"2025-07-18 16:45:02"}
{"level":"info","message":"HTTP server enabled","service":"david-academy-api","timestamp":"2025-07-18 16:48:53"}
{"level":"info","message":"Server listening on port 6040","service":"david-academy-api","timestamp":"2025-07-18 16:48:53"}
{"level":"info","message":"✅ Connected to MySQL database","service":"david-academy-api","timestamp":"2025-07-18 16:48:54"}
{"level":"info","message":"HTTP server enabled","service":"david-academy-api","timestamp":"2025-07-18 16:49:00"}
{"level":"info","message":"Server listening on port 6040","service":"david-academy-api","timestamp":"2025-07-18 16:49:00"}
{"level":"info","message":"✅ Connected to MySQL database","service":"david-academy-api","timestamp":"2025-07-18 16:49:00"}
{"level":"info","message":"HTTP server enabled","service":"david-academy-api","timestamp":"2025-07-18 16:49:03"}
{"level":"info","message":"Server listening on port 6040","service":"david-academy-api","timestamp":"2025-07-18 16:49:03"}
{"level":"info","message":"✅ Connected to MySQL database","service":"david-academy-api","timestamp":"2025-07-18 16:49:03"}
{"level":"info","message":"HTTP server enabled","service":"david-academy-api","timestamp":"2025-07-18 16:49:44"}
{"level":"info","message":"Server listening on port 6040","service":"david-academy-api","timestamp":"2025-07-18 16:49:44"}
{"level":"info","message":"✅ Connected to MySQL database","service":"david-academy-api","timestamp":"2025-07-18 16:49:45"}
{"level":"info","message":"HTTP server enabled","service":"david-academy-api","timestamp":"2025-07-18 16:49:48"}
{"level":"info","message":"Server listening on port 6040","service":"david-academy-api","timestamp":"2025-07-18 16:49:48"}
{"level":"info","message":"✅ Connected to MySQL database","service":"david-academy-api","timestamp":"2025-07-18 16:49:48"}
{"level":"info","message":"HTTP server enabled","service":"david-academy-api","timestamp":"2025-07-18 16:50:28"}
{"level":"info","message":"Server listening on port 6040","service":"david-academy-api","timestamp":"2025-07-18 16:50:29"}
{"level":"info","message":"✅ Connected to MySQL database","service":"david-academy-api","timestamp":"2025-07-18 16:50:29"}
{"level":"info","message":"HTTP server enabled","service":"david-academy-api","timestamp":"2025-07-18 16:50:53"}
{"level":"info","message":"Server listening on port 6040","service":"david-academy-api","timestamp":"2025-07-18 16:50:53"}
{"level":"info","message":"✅ Connected to MySQL database","service":"david-academy-api","timestamp":"2025-07-18 16:50:53"}
{"level":"info","message":"HTTP server enabled","service":"david-academy-api","timestamp":"2025-07-18 16:50:54"}
{"level":"info","message":"Server listening on port 6040","service":"david-academy-api","timestamp":"2025-07-18 16:50:54"}
{"level":"info","message":"✅ Connected to MySQL database","service":"david-academy-api","timestamp":"2025-07-18 16:50:55"}
{"level":"info","message":"HTTP server enabled","service":"david-academy-api","timestamp":"2025-07-18 16:51:08"}
{"level":"info","message":"Server listening on port 6040","service":"david-academy-api","timestamp":"2025-07-18 16:51:09"}
{"level":"info","message":"✅ Connected to MySQL database","service":"david-academy-api","timestamp":"2025-07-18 16:51:09"}
{"level":"info","message":"HTTP server enabled","service":"david-academy-api","timestamp":"2025-07-18 16:51:12"}
{"level":"info","message":"Server listening on port 6040","service":"david-academy-api","timestamp":"2025-07-18 16:51:12"}
{"level":"info","message":"✅ Connected to MySQL database","service":"david-academy-api","timestamp":"2025-07-18 16:51:12"}
{"level":"info","message":"HTTP server enabled","service":"david-academy-api","timestamp":"2025-07-18 16:51:20"}
{"level":"info","message":"Server listening on port 6040","service":"david-academy-api","timestamp":"2025-07-18 16:51:20"}
{"level":"info","message":"✅ Connected to MySQL database","service":"david-academy-api","timestamp":"2025-07-18 16:51:20"}
{"level":"info","message":"HTTP server enabled","service":"david-academy-api","timestamp":"2025-07-18 16:51:30"}
{"level":"info","message":"Server listening on port 6040","service":"david-academy-api","timestamp":"2025-07-18 16:51:30"}
{"level":"info","message":"✅ Connected to MySQL database","service":"david-academy-api","timestamp":"2025-07-18 16:51:31"}
{"level":"info","message":"HTTP server enabled","service":"david-academy-api","timestamp":"2025-07-18 16:51:35"}
{"level":"info","message":"Server listening on port 6040","service":"david-academy-api","timestamp":"2025-07-18 16:51:36"}
{"level":"info","message":"✅ Connected to MySQL database","service":"david-academy-api","timestamp":"2025-07-18 16:51:36"}
{"level":"info","message":"HTTP server enabled","service":"david-academy-api","timestamp":"2025-07-18 16:51:40"}
{"level":"info","message":"Server listening on port 6040","service":"david-academy-api","timestamp":"2025-07-18 16:51:40"}
{"level":"info","message":"✅ Connected to MySQL database","service":"david-academy-api","timestamp":"2025-07-18 16:51:41"}
{"level":"info","message":"HTTP server enabled","service":"david-academy-api","timestamp":"2025-07-18 16:51:52"}
{"level":"info","message":"Server listening on port 6040","service":"david-academy-api","timestamp":"2025-07-18 16:51:52"}
{"level":"info","message":"✅ Connected to MySQL database","service":"david-academy-api","timestamp":"2025-07-18 16:51:53"}
{"level":"info","message":"HTTP server enabled","service":"david-academy-api","timestamp":"2025-07-18 16:52:02"}
{"level":"info","message":"Server listening on port 6040","service":"david-academy-api","timestamp":"2025-07-18 16:52:02"}
{"level":"info","message":"✅ Connected to MySQL database","service":"david-academy-api","timestamp":"2025-07-18 16:52:02"}
{"level":"info","message":"HTTP server enabled","service":"david-academy-api","timestamp":"2025-07-18 16:52:05"}
{"level":"info","message":"Server listening on port 6040","service":"david-academy-api","timestamp":"2025-07-18 16:52:05"}
{"level":"info","message":"✅ Connected to MySQL database","service":"david-academy-api","timestamp":"2025-07-18 16:52:05"}
{"level":"info","message":"HTTP server enabled","service":"david-academy-api","timestamp":"2025-07-18 16:52:11"}
{"level":"info","message":"Server listening on port 6040","service":"david-academy-api","timestamp":"2025-07-18 16:52:12"}
{"level":"info","message":"✅ Connected to MySQL database","service":"david-academy-api","timestamp":"2025-07-18 16:52:12"}
{"level":"info","message":"HTTP server enabled","service":"david-academy-api","timestamp":"2025-07-18 16:52:25"}
{"level":"info","message":"Server listening on port 6040","service":"david-academy-api","timestamp":"2025-07-18 16:52:26"}
{"level":"info","message":"✅ Connected to MySQL database","service":"david-academy-api","timestamp":"2025-07-18 16:52:26"}
{"level":"info","message":"HTTP server enabled","service":"david-academy-api","timestamp":"2025-07-18 16:54:18"}
{"level":"info","message":"Server listening on port 6040","service":"david-academy-api","timestamp":"2025-07-18 16:54:19"}
{"level":"info","message":"✅ Connected to MySQL database","service":"david-academy-api","timestamp":"2025-07-18 16:54:19"}
{"level":"info","message":"HTTP server enabled","service":"david-academy-api","timestamp":"2025-07-18 16:54:24"}
{"level":"info","message":"Server listening on port 6040","service":"david-academy-api","timestamp":"2025-07-18 16:54:25"}
{"level":"info","message":"✅ Connected to MySQL database","service":"david-academy-api","timestamp":"2025-07-18 16:54:25"}
{"level":"info","message":"🔄 MySQL keep-alive ping successful","service":"david-academy-api","timestamp":"2025-07-18 23:15:06"}
{"level":"info","message":"🔄 MySQL keep-alive ping successful","service":"david-academy-api","timestamp":"2025-07-19 09:15:05"}
{"level":"info","message":"🔄 MySQL keep-alive ping successful","service":"david-academy-api","timestamp":"2025-07-19 10:03:13"}
{"level":"info","message":"🔄 MySQL keep-alive ping successful","service":"david-academy-api","timestamp":"2025-07-19 10:08:11"}
{"level":"info","message":"🔄 MySQL keep-alive ping successful","service":"david-academy-api","timestamp":"2025-07-19 10:13:12"}
{"level":"info","message":"🔄 MySQL keep-alive ping successful","service":"david-academy-api","timestamp":"2025-07-19 10:18:13"}
{"level":"info","message":"🔄 MySQL keep-alive ping successful","service":"david-academy-api","timestamp":"2025-07-19 10:23:12"}
{"level":"info","message":"🔄 MySQL keep-alive ping successful","service":"david-academy-api","timestamp":"2025-07-19 10:29:17"}
{"level":"info","message":"🔄 MySQL keep-alive ping successful","service":"david-academy-api","timestamp":"2025-07-19 10:34:13"}
{"level":"info","message":"🔄 MySQL keep-alive ping successful","service":"david-academy-api","timestamp":"2025-07-19 10:39:29"}
{"level":"info","message":"🔄 MySQL keep-alive ping successful","service":"david-academy-api","timestamp":"2025-07-19 10:44:29"}
{"level":"info","message":"🔄 MySQL keep-alive ping successful","service":"david-academy-api","timestamp":"2025-07-19 10:49:28"}
{"level":"info","message":"HTTP server enabled","service":"david-academy-api","timestamp":"2025-07-19 10:50:31"}
{"level":"info","message":"Server listening on port 6040","service":"david-academy-api","timestamp":"2025-07-19 10:50:35"}
{"level":"info","message":"✅ Connected to MySQL database","service":"david-academy-api","timestamp":"2025-07-19 10:50:36"}
{"level":"info","message":"HTTP server enabled","service":"david-academy-api","timestamp":"2025-07-19 10:52:25"}
{"level":"info","message":"Server listening on port 6040","service":"david-academy-api","timestamp":"2025-07-19 10:52:26"}
{"level":"info","message":"✅ Connected to MySQL database","service":"david-academy-api","timestamp":"2025-07-19 10:52:27"}
{"level":"info","message":"HTTP server enabled","service":"david-academy-api","timestamp":"2025-07-19 10:52:38"}
{"level":"info","message":"Server listening on port 6040","service":"david-academy-api","timestamp":"2025-07-19 10:52:38"}
{"level":"info","message":"✅ Connected to MySQL database","service":"david-academy-api","timestamp":"2025-07-19 10:52:39"}
{"level":"info","message":"HTTP server enabled","service":"david-academy-api","timestamp":"2025-07-19 10:52:54"}
{"level":"info","message":"Server listening on port 6040","service":"david-academy-api","timestamp":"2025-07-19 10:52:55"}
{"level":"info","message":"✅ Connected to MySQL database","service":"david-academy-api","timestamp":"2025-07-19 10:52:56"}
{"level":"info","message":"HTTP server enabled","service":"david-academy-api","timestamp":"2025-07-19 10:52:56"}
{"level":"info","message":"Server listening on port 6040","service":"david-academy-api","timestamp":"2025-07-19 10:52:56"}
{"level":"info","message":"✅ Connected to MySQL database","service":"david-academy-api","timestamp":"2025-07-19 10:52:58"}
{"level":"info","message":"HTTP server enabled","service":"david-academy-api","timestamp":"2025-07-19 10:53:04"}
{"level":"info","message":"Server listening on port 6040","service":"david-academy-api","timestamp":"2025-07-19 10:53:04"}
{"level":"info","message":"✅ Connected to MySQL database","service":"david-academy-api","timestamp":"2025-07-19 10:53:05"}
{"level":"info","message":"HTTP server enabled","service":"david-academy-api","timestamp":"2025-07-19 10:53:11"}
{"level":"info","message":"Server listening on port 6040","service":"david-academy-api","timestamp":"2025-07-19 10:53:12"}
{"level":"info","message":"✅ Connected to MySQL database","service":"david-academy-api","timestamp":"2025-07-19 10:53:13"}
{"level":"info","message":"HTTP server enabled","service":"david-academy-api","timestamp":"2025-07-19 10:53:13"}
{"level":"info","message":"Server listening on port 6040","service":"david-academy-api","timestamp":"2025-07-19 10:53:13"}
{"level":"info","message":"✅ Connected to MySQL database","service":"david-academy-api","timestamp":"2025-07-19 10:53:14"}
{"level":"info","message":"HTTP server enabled","service":"david-academy-api","timestamp":"2025-07-19 10:53:19"}
{"level":"info","message":"Server listening on port 6040","service":"david-academy-api","timestamp":"2025-07-19 10:53:20"}
{"level":"info","message":"✅ Connected to MySQL database","service":"david-academy-api","timestamp":"2025-07-19 10:53:20"}
{"level":"info","message":"HTTP server enabled","service":"david-academy-api","timestamp":"2025-07-19 10:53:34"}
{"level":"info","message":"Server listening on port 6040","service":"david-academy-api","timestamp":"2025-07-19 10:53:35"}
{"level":"info","message":"✅ Connected to MySQL database","service":"david-academy-api","timestamp":"2025-07-19 10:53:35"}
{"level":"info","message":"HTTP server enabled","service":"david-academy-api","timestamp":"2025-07-19 10:53:51"}
{"level":"info","message":"Server listening on port 6040","service":"david-academy-api","timestamp":"2025-07-19 10:53:52"}
{"level":"info","message":"✅ Connected to MySQL database","service":"david-academy-api","timestamp":"2025-07-19 10:53:52"}
{"level":"info","message":"HTTP server enabled","service":"david-academy-api","timestamp":"2025-07-19 10:53:53"}
{"level":"info","message":"Server listening on port 6040","service":"david-academy-api","timestamp":"2025-07-19 10:53:53"}
{"level":"info","message":"✅ Connected to MySQL database","service":"david-academy-api","timestamp":"2025-07-19 10:53:54"}
{"level":"info","message":"HTTP server enabled","service":"david-academy-api","timestamp":"2025-07-19 10:54:03"}
{"level":"info","message":"Server listening on port 6040","service":"david-academy-api","timestamp":"2025-07-19 10:54:03"}
{"level":"info","message":"✅ Connected to MySQL database","service":"david-academy-api","timestamp":"2025-07-19 10:54:05"}
{"level":"info","message":"🔄 MySQL keep-alive ping successful","service":"david-academy-api","timestamp":"2025-07-19 10:59:04"}
{"level":"info","message":"🔄 MySQL keep-alive ping successful","service":"david-academy-api","timestamp":"2025-07-19 11:04:03"}
{"level":"info","message":"HTTP server enabled","service":"david-academy-api","timestamp":"2025-07-19 11:08:19"}
{"level":"info","message":"Server listening on port 6040","service":"david-academy-api","timestamp":"2025-07-19 11:08:19"}
{"level":"info","message":"✅ Connected to MySQL database","service":"david-academy-api","timestamp":"2025-07-19 11:08:19"}
{"level":"info","message":"HTTP server enabled","service":"david-academy-api","timestamp":"2025-07-19 11:08:37"}
{"level":"info","message":"Server listening on port 6040","service":"david-academy-api","timestamp":"2025-07-19 11:08:37"}
{"level":"info","message":"✅ Connected to MySQL database","service":"david-academy-api","timestamp":"2025-07-19 11:08:37"}
{"level":"info","message":"🔄 MySQL keep-alive ping successful","service":"david-academy-api","timestamp":"2025-07-19 11:13:37"}
{"level":"info","message":"HTTP server enabled","service":"david-academy-api","timestamp":"2025-07-19 11:16:51"}
{"level":"info","message":"Server listening on port 6040","service":"david-academy-api","timestamp":"2025-07-19 11:16:52"}
{"level":"info","message":"✅ Connected to MySQL database","service":"david-academy-api","timestamp":"2025-07-19 11:16:52"}
{"level":"info","message":"🔄 MySQL keep-alive ping successful","service":"david-academy-api","timestamp":"2025-07-19 11:21:52"}
{"level":"info","message":"🔄 MySQL keep-alive ping successful","service":"david-academy-api","timestamp":"2025-07-19 11:26:52"}
{"level":"info","message":"🔄 MySQL keep-alive ping successful","service":"david-academy-api","timestamp":"2025-07-19 11:31:52"}
{"level":"info","message":"🔄 MySQL keep-alive ping successful","service":"david-academy-api","timestamp":"2025-07-19 11:36:52"}
{"level":"info","message":"HTTP server enabled","service":"david-academy-api","timestamp":"2025-07-19 11:38:35"}
{"level":"info","message":"Server listening on port 6040","service":"david-academy-api","timestamp":"2025-07-19 11:38:39"}
{"level":"info","message":"✅ Connected to MySQL database","service":"david-academy-api","timestamp":"2025-07-19 11:38:39"}
{"level":"info","message":"HTTP server enabled","service":"david-academy-api","timestamp":"2025-07-19 11:43:10"}
{"level":"info","message":"Server listening on port 6040","service":"david-academy-api","timestamp":"2025-07-19 11:43:10"}
{"level":"info","message":"✅ Connected to MySQL database","service":"david-academy-api","timestamp":"2025-07-19 11:43:10"}
{"level":"info","message":"HTTP server enabled","service":"david-academy-api","timestamp":"2025-07-19 11:43:18"}
{"level":"info","message":"Server listening on port 6040","service":"david-academy-api","timestamp":"2025-07-19 11:43:18"}
{"level":"info","message":"✅ Connected to MySQL database","service":"david-academy-api","timestamp":"2025-07-19 11:43:19"}
{"level":"info","message":"HTTP server enabled","service":"david-academy-api","timestamp":"2025-07-19 11:43:34"}
{"level":"info","message":"Server listening on port 6040","service":"david-academy-api","timestamp":"2025-07-19 11:43:35"}
{"level":"info","message":"✅ Connected to MySQL database","service":"david-academy-api","timestamp":"2025-07-19 11:43:35"}
{"level":"info","message":"HTTP server enabled","service":"david-academy-api","timestamp":"2025-07-19 11:43:50"}
{"level":"info","message":"Server listening on port 6040","service":"david-academy-api","timestamp":"2025-07-19 11:43:50"}
{"level":"info","message":"✅ Connected to MySQL database","service":"david-academy-api","timestamp":"2025-07-19 11:43:51"}
{"level":"info","message":"HTTP server enabled","service":"david-academy-api","timestamp":"2025-07-19 11:44:06"}
{"level":"info","message":"Server listening on port 6040","service":"david-academy-api","timestamp":"2025-07-19 11:44:06"}
{"level":"info","message":"✅ Connected to MySQL database","service":"david-academy-api","timestamp":"2025-07-19 11:44:06"}
{"level":"info","message":"HTTP server enabled","service":"david-academy-api","timestamp":"2025-07-19 11:44:08"}
{"level":"info","message":"Server listening on port 6040","service":"david-academy-api","timestamp":"2025-07-19 11:44:08"}
{"level":"info","message":"✅ Connected to MySQL database","service":"david-academy-api","timestamp":"2025-07-19 11:44:08"}
{"level":"info","message":"HTTP server enabled","service":"david-academy-api","timestamp":"2025-07-19 11:44:11"}
{"level":"info","message":"Server listening on port 6040","service":"david-academy-api","timestamp":"2025-07-19 11:44:12"}
{"level":"info","message":"✅ Connected to MySQL database","service":"david-academy-api","timestamp":"2025-07-19 11:44:12"}
{"level":"info","message":"🔄 MySQL keep-alive ping successful","service":"david-academy-api","timestamp":"2025-07-19 11:49:12"}
{"level":"info","message":"🔄 MySQL keep-alive ping successful","service":"david-academy-api","timestamp":"2025-07-19 11:54:12"}
{"level":"info","message":"HTTP server enabled","service":"david-academy-api","timestamp":"2025-07-19 11:59:18"}
{"level":"info","message":"Server listening on port 6040","service":"david-academy-api","timestamp":"2025-07-19 11:59:18"}
{"level":"info","message":"✅ Connected to MySQL database","service":"david-academy-api","timestamp":"2025-07-19 11:59:18"}
{"level":"info","message":"HTTP server enabled","service":"david-academy-api","timestamp":"2025-07-19 11:59:27"}
{"level":"info","message":"Server listening on port 6040","service":"david-academy-api","timestamp":"2025-07-19 11:59:27"}
{"level":"info","message":"✅ Connected to MySQL database","service":"david-academy-api","timestamp":"2025-07-19 11:59:27"}
{"level":"info","message":"HTTP server enabled","service":"david-academy-api","timestamp":"2025-07-19 11:59:34"}
{"level":"info","message":"Server listening on port 6040","service":"david-academy-api","timestamp":"2025-07-19 11:59:35"}
{"level":"info","message":"✅ Connected to MySQL database","service":"david-academy-api","timestamp":"2025-07-19 11:59:35"}
{"level":"info","message":"HTTP server enabled","service":"david-academy-api","timestamp":"2025-07-19 11:59:44"}
{"level":"info","message":"Server listening on port 6040","service":"david-academy-api","timestamp":"2025-07-19 11:59:45"}
{"level":"info","message":"✅ Connected to MySQL database","service":"david-academy-api","timestamp":"2025-07-19 11:59:45"}
{"level":"info","message":"HTTP server enabled","service":"david-academy-api","timestamp":"2025-07-19 11:59:55"}
{"level":"info","message":"Server listening on port 6040","service":"david-academy-api","timestamp":"2025-07-19 11:59:55"}
{"level":"info","message":"✅ Connected to MySQL database","service":"david-academy-api","timestamp":"2025-07-19 11:59:56"}
{"level":"info","message":"HTTP server enabled","service":"david-academy-api","timestamp":"2025-07-19 12:00:00"}
{"level":"info","message":"Server listening on port 6040","service":"david-academy-api","timestamp":"2025-07-19 12:00:01"}
{"level":"info","message":"✅ Connected to MySQL database","service":"david-academy-api","timestamp":"2025-07-19 12:00:01"}
{"level":"info","message":"HTTP server enabled","service":"david-academy-api","timestamp":"2025-07-19 12:00:04"}
{"level":"info","message":"Server listening on port 6040","service":"david-academy-api","timestamp":"2025-07-19 12:00:04"}
{"level":"info","message":"✅ Connected to MySQL database","service":"david-academy-api","timestamp":"2025-07-19 12:00:04"}
{"level":"info","message":"HTTP server enabled","service":"david-academy-api","timestamp":"2025-07-19 12:00:11"}
{"level":"info","message":"Server listening on port 6040","service":"david-academy-api","timestamp":"2025-07-19 12:00:11"}
{"level":"info","message":"✅ Connected to MySQL database","service":"david-academy-api","timestamp":"2025-07-19 12:00:11"}
{"level":"info","message":"HTTP server enabled","service":"david-academy-api","timestamp":"2025-07-19 12:00:19"}
{"level":"info","message":"Server listening on port 6040","service":"david-academy-api","timestamp":"2025-07-19 12:00:19"}
{"level":"info","message":"✅ Connected to MySQL database","service":"david-academy-api","timestamp":"2025-07-19 12:00:19"}
{"level":"info","message":"HTTP server enabled","service":"david-academy-api","timestamp":"2025-07-19 12:00:20"}
{"level":"info","message":"Server listening on port 6040","service":"david-academy-api","timestamp":"2025-07-19 12:00:21"}
{"level":"info","message":"✅ Connected to MySQL database","service":"david-academy-api","timestamp":"2025-07-19 12:00:21"}
{"level":"info","message":"HTTP server enabled","service":"david-academy-api","timestamp":"2025-07-19 12:00:22"}
{"level":"info","message":"Server listening on port 6040","service":"david-academy-api","timestamp":"2025-07-19 12:00:22"}
{"level":"info","message":"✅ Connected to MySQL database","service":"david-academy-api","timestamp":"2025-07-19 12:00:23"}
{"level":"info","message":"HTTP server enabled","service":"david-academy-api","timestamp":"2025-07-19 12:01:10"}
{"level":"info","message":"Server listening on port 6040","service":"david-academy-api","timestamp":"2025-07-19 12:01:10"}
{"level":"info","message":"✅ Connected to MySQL database","service":"david-academy-api","timestamp":"2025-07-19 12:01:10"}
{"level":"info","message":"HTTP server enabled","service":"david-academy-api","timestamp":"2025-07-19 12:01:21"}
{"level":"info","message":"Server listening on port 6040","service":"david-academy-api","timestamp":"2025-07-19 12:01:21"}
{"level":"info","message":"✅ Connected to MySQL database","service":"david-academy-api","timestamp":"2025-07-19 12:01:21"}
{"level":"info","message":"HTTP server enabled","service":"david-academy-api","timestamp":"2025-07-19 12:01:22"}
{"level":"info","message":"Server listening on port 6040","service":"david-academy-api","timestamp":"2025-07-19 12:01:22"}
{"level":"info","message":"✅ Connected to MySQL database","service":"david-academy-api","timestamp":"2025-07-19 12:01:23"}
{"level":"info","message":"HTTP server enabled","service":"david-academy-api","timestamp":"2025-07-19 12:01:27"}
{"level":"info","message":"Server listening on port 6040","service":"david-academy-api","timestamp":"2025-07-19 12:01:28"}
{"level":"info","message":"✅ Connected to MySQL database","service":"david-academy-api","timestamp":"2025-07-19 12:01:28"}
{"level":"info","message":"HTTP server enabled","service":"david-academy-api","timestamp":"2025-07-19 12:01:28"}
{"level":"info","message":"Server listening on port 6040","service":"david-academy-api","timestamp":"2025-07-19 12:01:29"}
{"level":"info","message":"✅ Connected to MySQL database","service":"david-academy-api","timestamp":"2025-07-19 12:01:29"}
{"level":"info","message":"HTTP server enabled","service":"david-academy-api","timestamp":"2025-07-19 12:01:32"}
{"level":"info","message":"Server listening on port 6040","service":"david-academy-api","timestamp":"2025-07-19 12:01:33"}
{"level":"info","message":"✅ Connected to MySQL database","service":"david-academy-api","timestamp":"2025-07-19 12:01:33"}
{"level":"info","message":"HTTP server enabled","service":"david-academy-api","timestamp":"2025-07-19 12:01:54"}
{"level":"info","message":"Server listening on port 6040","service":"david-academy-api","timestamp":"2025-07-19 12:01:55"}
{"level":"info","message":"✅ Connected to MySQL database","service":"david-academy-api","timestamp":"2025-07-19 12:01:55"}
{"level":"info","message":"🔄 MySQL keep-alive ping successful","service":"david-academy-api","timestamp":"2025-07-19 12:06:55"}
{"level":"info","message":"HTTP server enabled","service":"david-academy-api","timestamp":"2025-07-19 12:11:03"}
{"level":"info","message":"Server listening on port 6040","service":"david-academy-api","timestamp":"2025-07-19 12:11:03"}
{"level":"info","message":"✅ Connected to MySQL database","service":"david-academy-api","timestamp":"2025-07-19 12:11:03"}
{"level":"info","message":"HTTP server enabled","service":"david-academy-api","timestamp":"2025-07-19 12:11:14"}
{"level":"info","message":"Server listening on port 6040","service":"david-academy-api","timestamp":"2025-07-19 12:11:15"}
{"level":"info","message":"✅ Connected to MySQL database","service":"david-academy-api","timestamp":"2025-07-19 12:11:15"}
{"level":"info","message":"HTTP server enabled","service":"david-academy-api","timestamp":"2025-07-19 12:11:16"}
{"level":"info","message":"Server listening on port 6040","service":"david-academy-api","timestamp":"2025-07-19 12:11:16"}
{"level":"info","message":"✅ Connected to MySQL database","service":"david-academy-api","timestamp":"2025-07-19 12:11:17"}
{"level":"info","message":"HTTP server enabled","service":"david-academy-api","timestamp":"2025-07-19 12:11:21"}
{"level":"info","message":"Server listening on port 6040","service":"david-academy-api","timestamp":"2025-07-19 12:11:21"}
{"level":"info","message":"✅ Connected to MySQL database","service":"david-academy-api","timestamp":"2025-07-19 12:11:22"}
{"level":"info","message":"HTTP server enabled","service":"david-academy-api","timestamp":"2025-07-19 12:11:23"}
{"level":"info","message":"Server listening on port 6040","service":"david-academy-api","timestamp":"2025-07-19 12:11:23"}
{"level":"info","message":"✅ Connected to MySQL database","service":"david-academy-api","timestamp":"2025-07-19 12:11:23"}
{"level":"info","message":"HTTP server enabled","service":"david-academy-api","timestamp":"2025-07-19 12:11:30"}
{"level":"info","message":"Server listening on port 6040","service":"david-academy-api","timestamp":"2025-07-19 12:11:30"}
{"level":"info","message":"✅ Connected to MySQL database","service":"david-academy-api","timestamp":"2025-07-19 12:11:30"}
{"level":"info","message":"HTTP server enabled","service":"david-academy-api","timestamp":"2025-07-19 12:11:32"}
{"level":"info","message":"Server listening on port 6040","service":"david-academy-api","timestamp":"2025-07-19 12:11:33"}
{"level":"info","message":"✅ Connected to MySQL database","service":"david-academy-api","timestamp":"2025-07-19 12:11:33"}
{"level":"info","message":"HTTP server enabled","service":"david-academy-api","timestamp":"2025-07-19 12:11:35"}
{"level":"info","message":"Server listening on port 6040","service":"david-academy-api","timestamp":"2025-07-19 12:11:35"}
{"level":"info","message":"✅ Connected to MySQL database","service":"david-academy-api","timestamp":"2025-07-19 12:11:35"}
{"level":"info","message":"HTTP server enabled","service":"david-academy-api","timestamp":"2025-07-19 12:11:37"}
{"level":"info","message":"Server listening on port 6040","service":"david-academy-api","timestamp":"2025-07-19 12:11:38"}
{"level":"info","message":"✅ Connected to MySQL database","service":"david-academy-api","timestamp":"2025-07-19 12:11:38"}
{"level":"info","message":"HTTP server enabled","service":"david-academy-api","timestamp":"2025-07-19 12:11:39"}
{"level":"info","message":"Server listening on port 6040","service":"david-academy-api","timestamp":"2025-07-19 12:11:40"}
{"level":"info","message":"✅ Connected to MySQL database","service":"david-academy-api","timestamp":"2025-07-19 12:11:40"}
{"level":"info","message":"HTTP server enabled","service":"david-academy-api","timestamp":"2025-07-19 12:11:44"}
{"level":"info","message":"Server listening on port 6040","service":"david-academy-api","timestamp":"2025-07-19 12:11:44"}
{"level":"info","message":"✅ Connected to MySQL database","service":"david-academy-api","timestamp":"2025-07-19 12:11:44"}
{"level":"info","message":"HTTP server enabled","service":"david-academy-api","timestamp":"2025-07-19 12:11:46"}
{"level":"info","message":"Server listening on port 6040","service":"david-academy-api","timestamp":"2025-07-19 12:11:46"}
{"level":"info","message":"✅ Connected to MySQL database","service":"david-academy-api","timestamp":"2025-07-19 12:11:47"}
{"level":"info","message":"HTTP server enabled","service":"david-academy-api","timestamp":"2025-07-19 12:11:52"}
{"level":"info","message":"Server listening on port 6040","service":"david-academy-api","timestamp":"2025-07-19 12:11:53"}
{"level":"info","message":"✅ Connected to MySQL database","service":"david-academy-api","timestamp":"2025-07-19 12:11:53"}
{"level":"info","message":"🔄 MySQL keep-alive ping successful","service":"david-academy-api","timestamp":"2025-07-19 12:16:53"}
{"level":"info","message":"HTTP server enabled","service":"david-academy-api","timestamp":"2025-07-19 12:19:28"}
{"level":"info","message":"Server listening on port 6040","service":"david-academy-api","timestamp":"2025-07-19 12:19:29"}
{"level":"info","message":"✅ Connected to MySQL database","service":"david-academy-api","timestamp":"2025-07-19 12:19:29"}
{"level":"info","message":"HTTP server enabled","service":"david-academy-api","timestamp":"2025-07-19 12:20:23"}
{"level":"info","message":"Server listening on port 6040","service":"david-academy-api","timestamp":"2025-07-19 12:20:24"}
{"level":"info","message":"✅ Connected to MySQL database","service":"david-academy-api","timestamp":"2025-07-19 12:20:24"}
{"level":"info","message":"HTTP server enabled","service":"david-academy-api","timestamp":"2025-07-19 12:20:44"}
{"level":"info","message":"Server listening on port 6040","service":"david-academy-api","timestamp":"2025-07-19 12:20:44"}
{"level":"info","message":"✅ Connected to MySQL database","service":"david-academy-api","timestamp":"2025-07-19 12:20:44"}
{"level":"info","message":"HTTP server enabled","service":"david-academy-api","timestamp":"2025-07-19 12:20:48"}
{"level":"info","message":"Server listening on port 6040","service":"david-academy-api","timestamp":"2025-07-19 12:20:48"}
{"level":"info","message":"✅ Connected to MySQL database","service":"david-academy-api","timestamp":"2025-07-19 12:20:48"}
{"level":"info","message":"📥 Received request to add new question","service":"david-academy-api","timestamp":"2025-07-19 12:20:52"}
{"level":"error","message":"❌ Failed to add question: Cannot destructure property 'question_type_id' of 'req.body' as it is undefined.","service":"david-academy-api","timestamp":"2025-07-19 12:20:52"}
{"level":"info","message":"POST /api/exam/question 500 5ms","meta":{"req":{"headers":{"accept":"*/*","accept-encoding":"gzip, deflate, br","cache-control":"no-cache","connection":"keep-alive","content-length":"2818","content-type":"multipart/form-data; boundary=--------------------------601371610103885942845095","host":"localhost:6040","postman-token":"a46aa2e3-3c56-414c-832f-c3f316950b5a","user-agent":"PostmanRuntime/7.44.1"},"httpVersion":"1.1","method":"POST","originalUrl":"/api/exam/question","query":{},"url":"/api/exam/question"},"res":{"statusCode":500},"responseTime":5},"service":"david-academy-api","timestamp":"2025-07-19 12:20:52"}
{"level":"info","message":"HTTP server enabled","service":"david-academy-api","timestamp":"2025-07-19 12:22:07"}
{"level":"info","message":"Server listening on port 6040","service":"david-academy-api","timestamp":"2025-07-19 12:22:08"}
{"level":"info","message":"✅ Connected to MySQL database","service":"david-academy-api","timestamp":"2025-07-19 12:22:08"}
{"level":"info","message":"🔄 MySQL keep-alive ping successful","service":"david-academy-api","timestamp":"2025-07-19 12:27:08"}
{"level":"info","message":"🔄 MySQL keep-alive ping successful","service":"david-academy-api","timestamp":"2025-07-19 12:32:08"}
{"level":"info","message":"🔄 MySQL keep-alive ping successful","service":"david-academy-api","timestamp":"2025-07-19 12:37:08"}
{"level":"info","message":"🔄 MySQL keep-alive ping successful","service":"david-academy-api","timestamp":"2025-07-19 12:42:08"}
{"level":"info","message":"🔄 MySQL keep-alive ping successful","service":"david-academy-api","timestamp":"2025-07-19 12:47:08"}
{"level":"info","message":"HTTP server enabled","service":"david-academy-api","timestamp":"2025-07-19 13:19:27"}
{"level":"info","message":"Server listening on port 6040","service":"david-academy-api","timestamp":"2025-07-19 13:19:28"}
{"level":"info","message":"✅ Connected to MySQL database","service":"david-academy-api","timestamp":"2025-07-19 13:19:28"}
{"level":"info","message":"HTTP server enabled","service":"david-academy-api","timestamp":"2025-07-19 13:19:42"}
{"level":"info","message":"Server listening on port 6040","service":"david-academy-api","timestamp":"2025-07-19 13:19:44"}
{"level":"info","message":"✅ Connected to MySQL database","service":"david-academy-api","timestamp":"2025-07-19 13:19:44"}
{"level":"info","message":"HTTP server enabled","service":"david-academy-api","timestamp":"2025-07-19 13:21:04"}
{"level":"info","message":"Server listening on port 6040","service":"david-academy-api","timestamp":"2025-07-19 13:21:04"}
{"level":"info","message":"✅ Connected to MySQL database","service":"david-academy-api","timestamp":"2025-07-19 13:21:04"}
{"level":"info","message":"HTTP server enabled","service":"david-academy-api","timestamp":"2025-07-19 13:21:28"}
{"level":"info","message":"Server listening on port 6040","service":"david-academy-api","timestamp":"2025-07-19 13:21:28"}
{"level":"info","message":"✅ Connected to MySQL database","service":"david-academy-api","timestamp":"2025-07-19 13:21:28"}
{"level":"info","message":"HTTP server enabled","service":"david-academy-api","timestamp":"2025-07-19 13:21:29"}
{"level":"info","message":"Server listening on port 6040","service":"david-academy-api","timestamp":"2025-07-19 13:21:29"}
{"level":"info","message":"✅ Connected to MySQL database","service":"david-academy-api","timestamp":"2025-07-19 13:21:30"}
{"level":"info","message":"HTTP server enabled","service":"david-academy-api","timestamp":"2025-07-19 13:22:46"}
{"level":"info","message":"Server listening on port 6040","service":"david-academy-api","timestamp":"2025-07-19 13:22:46"}
{"level":"info","message":"✅ Connected to MySQL database","service":"david-academy-api","timestamp":"2025-07-19 13:22:47"}
{"level":"error","message":"middlewareError","meta":{"date":"Sat Jul 19 2025 13:23:04 GMT+0530 (India Standard Time)","error":{"code":"LIMIT_UNEXPECTED_FILE","field":"image","message":"Unexpected field","name":"MulterError","storageErrors":[]},"exception":true,"level":"error","message":"uncaughtException: Unexpected field\nMulterError: Unexpected field\n    at wrappedFileFilter (C:\\Users\\anant\\OneDrive\\Desktop\\LUNAR_BACKEND\\Davids_academy_backend\\node_modules\\multer\\index.js:40:19)\n    at Multipart.<anonymous> (C:\\Users\\anant\\OneDrive\\Desktop\\LUNAR_BACKEND\\Davids_academy_backend\\node_modules\\multer\\lib\\make-middleware.js:132:7)\n    at Multipart.emit (node:events:518:28)\n    at HeaderParser.cb (C:\\Users\\anant\\OneDrive\\Desktop\\LUNAR_BACKEND\\Davids_academy_backend\\node_modules\\busboy\\lib\\types\\multipart.js:358:14)\n    at HeaderParser.push (C:\\Users\\anant\\OneDrive\\Desktop\\LUNAR_BACKEND\\Davids_academy_backend\\node_modules\\busboy\\lib\\types\\multipart.js:162:20)\n    at SBMH.ssCb [as _cb] (C:\\Users\\anant\\OneDrive\\Desktop\\LUNAR_BACKEND\\Davids_academy_backend\\node_modules\\busboy\\lib\\types\\multipart.js:394:37)\n    at feed (C:\\Users\\anant\\OneDrive\\Desktop\\LUNAR_BACKEND\\Davids_academy_backend\\node_modules\\streamsearch\\lib\\sbmh.js:248:10)\n    at SBMH.push (C:\\Users\\anant\\OneDrive\\Desktop\\LUNAR_BACKEND\\Davids_academy_backend\\node_modules\\streamsearch\\lib\\sbmh.js:104:16)\n    at Multipart._write (C:\\Users\\anant\\OneDrive\\Desktop\\LUNAR_BACKEND\\Davids_academy_backend\\node_modules\\busboy\\lib\\types\\multipart.js:567:19)\n    at writeOrBuffer (node:internal/streams/writable:572:12)","os":{"loadavg":[0,0,0],"uptime":612842.546},"process":{"argv":["C:\\Program Files\\nodejs\\node.exe","C:\\Users\\anant\\OneDrive\\Desktop\\LUNAR_BACKEND\\Davids_academy_backend\\app.js"],"cwd":"C:\\Users\\anant\\OneDrive\\Desktop\\LUNAR_BACKEND\\Davids_academy_backend","execPath":"C:\\Program Files\\nodejs\\node.exe","gid":null,"memoryUsage":{"arrayBuffers":81978,"external":2324395,"heapTotal":15618048,"heapUsed":14443368,"rss":29159424},"pid":29080,"uid":null,"version":"v20.18.2"},"req":{"headers":{"accept":"*/*","accept-encoding":"gzip, deflate, br","cache-control":"no-cache","connection":"keep-alive","content-length":"185482","content-type":"multipart/form-data; boundary=--------------------------125652249175912806527168","host":"localhost:6040","postman-token":"52acebee-396c-493f-9dce-8a6f21bbeae3","user-agent":"PostmanRuntime/7.44.1"},"httpVersion":"1.1","method":"POST","originalUrl":"/api/exam/question","query":{},"url":"/api/exam/question"},"stack":"MulterError: Unexpected field\n    at wrappedFileFilter (C:\\Users\\anant\\OneDrive\\Desktop\\LUNAR_BACKEND\\Davids_academy_backend\\node_modules\\multer\\index.js:40:19)\n    at Multipart.<anonymous> (C:\\Users\\anant\\OneDrive\\Desktop\\LUNAR_BACKEND\\Davids_academy_backend\\node_modules\\multer\\lib\\make-middleware.js:132:7)\n    at Multipart.emit (node:events:518:28)\n    at HeaderParser.cb (C:\\Users\\anant\\OneDrive\\Desktop\\LUNAR_BACKEND\\Davids_academy_backend\\node_modules\\busboy\\lib\\types\\multipart.js:358:14)\n    at HeaderParser.push (C:\\Users\\anant\\OneDrive\\Desktop\\LUNAR_BACKEND\\Davids_academy_backend\\node_modules\\busboy\\lib\\types\\multipart.js:162:20)\n    at SBMH.ssCb [as _cb] (C:\\Users\\anant\\OneDrive\\Desktop\\LUNAR_BACKEND\\Davids_academy_backend\\node_modules\\busboy\\lib\\types\\multipart.js:394:37)\n    at feed (C:\\Users\\anant\\OneDrive\\Desktop\\LUNAR_BACKEND\\Davids_academy_backend\\node_modules\\streamsearch\\lib\\sbmh.js:248:10)\n    at SBMH.push (C:\\Users\\anant\\OneDrive\\Desktop\\LUNAR_BACKEND\\Davids_academy_backend\\node_modules\\streamsearch\\lib\\sbmh.js:104:16)\n    at Multipart._write (C:\\Users\\anant\\OneDrive\\Desktop\\LUNAR_BACKEND\\Davids_academy_backend\\node_modules\\busboy\\lib\\types\\multipart.js:567:19)\n    at writeOrBuffer (node:internal/streams/writable:572:12)","trace":[{"column":19,"file":"C:\\Users\\anant\\OneDrive\\Desktop\\LUNAR_BACKEND\\Davids_academy_backend\\node_modules\\multer\\index.js","function":"wrappedFileFilter","line":40,"method":null,"native":false},{"column":7,"file":"C:\\Users\\anant\\OneDrive\\Desktop\\LUNAR_BACKEND\\Davids_academy_backend\\node_modules\\multer\\lib\\make-middleware.js","function":null,"line":132,"method":null,"native":false},{"column":28,"file":"node:events","function":"Multipart.emit","line":518,"method":"emit","native":false},{"column":14,"file":"C:\\Users\\anant\\OneDrive\\Desktop\\LUNAR_BACKEND\\Davids_academy_backend\\node_modules\\busboy\\lib\\types\\multipart.js","function":"HeaderParser.cb","line":358,"method":"cb","native":false},{"column":20,"file":"C:\\Users\\anant\\OneDrive\\Desktop\\LUNAR_BACKEND\\Davids_academy_backend\\node_modules\\busboy\\lib\\types\\multipart.js","function":"HeaderParser.push","line":162,"method":"push","native":false},{"column":37,"file":"C:\\Users\\anant\\OneDrive\\Desktop\\LUNAR_BACKEND\\Davids_academy_backend\\node_modules\\busboy\\lib\\types\\multipart.js","function":"SBMH.ssCb [as _cb]","line":394,"method":"ssCb [as _cb]","native":false},{"column":10,"file":"C:\\Users\\anant\\OneDrive\\Desktop\\LUNAR_BACKEND\\Davids_academy_backend\\node_modules\\streamsearch\\lib\\sbmh.js","function":"feed","line":248,"method":null,"native":false},{"column":16,"file":"C:\\Users\\anant\\OneDrive\\Desktop\\LUNAR_BACKEND\\Davids_academy_backend\\node_modules\\streamsearch\\lib\\sbmh.js","function":"SBMH.push","line":104,"method":"push","native":false},{"column":19,"file":"C:\\Users\\anant\\OneDrive\\Desktop\\LUNAR_BACKEND\\Davids_academy_backend\\node_modules\\busboy\\lib\\types\\multipart.js","function":"Multipart._write","line":567,"method":"_write","native":false},{"column":12,"file":"node:internal/streams/writable","function":"writeOrBuffer","line":572,"method":null,"native":false}]},"service":"david-academy-api","timestamp":"2025-07-19 13:23:04"}
{"level":"info","message":"POST /api/exam/question 500 18ms","meta":{"req":{"headers":{"accept":"*/*","accept-encoding":"gzip, deflate, br","cache-control":"no-cache","connection":"keep-alive","content-length":"185482","content-type":"multipart/form-data; boundary=--------------------------125652249175912806527168","host":"localhost:6040","postman-token":"52acebee-396c-493f-9dce-8a6f21bbeae3","user-agent":"PostmanRuntime/7.44.1"},"httpVersion":"1.1","method":"POST","originalUrl":"/api/exam/question","query":{},"url":"/api/exam/question"},"res":{"statusCode":500},"responseTime":18},"service":"david-academy-api","timestamp":"2025-07-19 13:23:04"}
{"level":"info","message":"HTTP server enabled","service":"david-academy-api","timestamp":"2025-07-19 13:23:55"}
{"level":"info","message":"Server listening on port 6040","service":"david-academy-api","timestamp":"2025-07-19 13:23:56"}
{"level":"info","message":"✅ Connected to MySQL database","service":"david-academy-api","timestamp":"2025-07-19 13:23:56"}
{"level":"info","message":"HTTP server enabled","service":"david-academy-api","timestamp":"2025-07-19 13:24:45"}
{"level":"info","message":"Server listening on port 6040","service":"david-academy-api","timestamp":"2025-07-19 13:24:45"}
{"level":"info","message":"✅ Connected to MySQL database","service":"david-academy-api","timestamp":"2025-07-19 13:24:45"}
{"level":"info","message":"📥 Received request to add new question","service":"david-academy-api","timestamp":"2025-07-19 13:25:10"}
{"level":"info","message":"HTTP server enabled","service":"david-academy-api","timestamp":"2025-07-19 13:26:04"}
{"level":"info","message":"Server listening on port 6040","service":"david-academy-api","timestamp":"2025-07-19 13:26:04"}
{"level":"info","message":"✅ Connected to MySQL database","service":"david-academy-api","timestamp":"2025-07-19 13:26:05"}
{"level":"info","message":"HTTP server enabled","service":"david-academy-api","timestamp":"2025-07-19 13:26:06"}
{"level":"info","message":"Server listening on port 6040","service":"david-academy-api","timestamp":"2025-07-19 13:26:07"}
{"level":"info","message":"✅ Connected to MySQL database","service":"david-academy-api","timestamp":"2025-07-19 13:26:07"}
{"level":"info","message":"HTTP server enabled","service":"david-academy-api","timestamp":"2025-07-19 13:26:09"}
{"level":"info","message":"Server listening on port 6040","service":"david-academy-api","timestamp":"2025-07-19 13:26:09"}
{"level":"info","message":"✅ Connected to MySQL database","service":"david-academy-api","timestamp":"2025-07-19 13:26:09"}
{"level":"info","message":"HTTP server enabled","service":"david-academy-api","timestamp":"2025-07-19 13:26:13"}
{"level":"info","message":"Server listening on port 6040","service":"david-academy-api","timestamp":"2025-07-19 13:26:14"}
{"level":"info","message":"✅ Connected to MySQL database","service":"david-academy-api","timestamp":"2025-07-19 13:26:14"}
{"level":"info","message":"📥 Received request to add new question","service":"david-academy-api","timestamp":"2025-07-19 13:26:17"}
{"level":"info","message":"HTTP server enabled","service":"david-academy-api","timestamp":"2025-07-19 13:26:31"}
{"level":"info","message":"Server listening on port 6040","service":"david-academy-api","timestamp":"2025-07-19 13:26:32"}
{"level":"info","message":"✅ Connected to MySQL database","service":"david-academy-api","timestamp":"2025-07-19 13:26:32"}
{"level":"info","message":"HTTP server enabled","service":"david-academy-api","timestamp":"2025-07-19 13:26:36"}
{"level":"info","message":"Server listening on port 6040","service":"david-academy-api","timestamp":"2025-07-19 13:26:37"}
{"level":"info","message":"✅ Connected to MySQL database","service":"david-academy-api","timestamp":"2025-07-19 13:26:37"}
{"level":"info","message":"📥 Received request to add new question","service":"david-academy-api","timestamp":"2025-07-19 13:26:45"}
{"level":"info","message":"HTTP server enabled","service":"david-academy-api","timestamp":"2025-07-19 13:27:41"}
{"level":"info","message":"Server listening on port 6040","service":"david-academy-api","timestamp":"2025-07-19 13:27:42"}
{"level":"info","message":"✅ Connected to MySQL database","service":"david-academy-api","timestamp":"2025-07-19 13:27:42"}
{"level":"info","message":"HTTP server enabled","service":"david-academy-api","timestamp":"2025-07-19 13:27:43"}
{"level":"info","message":"Server listening on port 6040","service":"david-academy-api","timestamp":"2025-07-19 13:27:44"}
{"level":"info","message":"✅ Connected to MySQL database","service":"david-academy-api","timestamp":"2025-07-19 13:27:44"}
{"level":"info","message":"HTTP server enabled","service":"david-academy-api","timestamp":"2025-07-19 13:27:48"}
{"level":"info","message":"Server listening on port 6040","service":"david-academy-api","timestamp":"2025-07-19 13:27:48"}
{"level":"info","message":"✅ Connected to MySQL database","service":"david-academy-api","timestamp":"2025-07-19 13:27:48"}
{"level":"info","message":"HTTP server enabled","service":"david-academy-api","timestamp":"2025-07-19 13:27:53"}
{"level":"info","message":"Server listening on port 6040","service":"david-academy-api","timestamp":"2025-07-19 13:27:53"}
{"level":"info","message":"✅ Connected to MySQL database","service":"david-academy-api","timestamp":"2025-07-19 13:27:53"}
{"level":"info","message":"📥 Received request to add new question","service":"david-academy-api","timestamp":"2025-07-19 13:28:01"}
{"level":"info","message":"HTTP server enabled","service":"david-academy-api","timestamp":"2025-07-19 13:28:20"}
{"level":"info","message":"Server listening on port 6040","service":"david-academy-api","timestamp":"2025-07-19 13:28:20"}
{"level":"info","message":"✅ Connected to MySQL database","service":"david-academy-api","timestamp":"2025-07-19 13:28:21"}
{"level":"info","message":"HTTP server enabled","service":"david-academy-api","timestamp":"2025-07-19 13:28:28"}
{"level":"info","message":"Server listening on port 6040","service":"david-academy-api","timestamp":"2025-07-19 13:28:29"}
{"level":"info","message":"✅ Connected to MySQL database","service":"david-academy-api","timestamp":"2025-07-19 13:28:29"}
{"level":"info","message":"HTTP server enabled","service":"david-academy-api","timestamp":"2025-07-19 13:28:31"}
{"level":"info","message":"Server listening on port 6040","service":"david-academy-api","timestamp":"2025-07-19 13:28:32"}
{"level":"info","message":"✅ Connected to MySQL database","service":"david-academy-api","timestamp":"2025-07-19 13:28:32"}
{"level":"info","message":"HTTP server enabled","service":"david-academy-api","timestamp":"2025-07-19 13:28:45"}
{"level":"info","message":"Server listening on port 6040","service":"david-academy-api","timestamp":"2025-07-19 13:28:46"}
{"level":"info","message":"✅ Connected to MySQL database","service":"david-academy-api","timestamp":"2025-07-19 13:28:46"}
{"level":"info","message":"HTTP server enabled","service":"david-academy-api","timestamp":"2025-07-19 13:28:53"}
{"level":"info","message":"Server listening on port 6040","service":"david-academy-api","timestamp":"2025-07-19 13:28:54"}
{"level":"info","message":"✅ Connected to MySQL database","service":"david-academy-api","timestamp":"2025-07-19 13:28:54"}
{"level":"info","message":"HTTP server enabled","service":"david-academy-api","timestamp":"2025-07-19 13:28:55"}
{"level":"info","message":"Server listening on port 6040","service":"david-academy-api","timestamp":"2025-07-19 13:28:55"}
{"level":"info","message":"✅ Connected to MySQL database","service":"david-academy-api","timestamp":"2025-07-19 13:28:55"}
{"level":"info","message":"HTTP server enabled","service":"david-academy-api","timestamp":"2025-07-19 13:29:05"}
{"level":"info","message":"Server listening on port 6040","service":"david-academy-api","timestamp":"2025-07-19 13:29:05"}
{"level":"info","message":"✅ Connected to MySQL database","service":"david-academy-api","timestamp":"2025-07-19 13:29:06"}
{"level":"error","message":"middlewareError","meta":{"date":"Sat Jul 19 2025 13:29:14 GMT+0530 (India Standard Time)","error":{"code":"LIMIT_UNEXPECTED_FILE","field":"infoimage","message":"Unexpected field","name":"MulterError","storageErrors":[]},"exception":true,"level":"error","message":"uncaughtException: Unexpected field\nMulterError: Unexpected field\n    at wrappedFileFilter (C:\\Users\\anant\\OneDrive\\Desktop\\LUNAR_BACKEND\\Davids_academy_backend\\node_modules\\multer\\index.js:40:19)\n    at Multipart.<anonymous> (C:\\Users\\anant\\OneDrive\\Desktop\\LUNAR_BACKEND\\Davids_academy_backend\\node_modules\\multer\\lib\\make-middleware.js:132:7)\n    at Multipart.emit (node:events:518:28)\n    at HeaderParser.cb (C:\\Users\\anant\\OneDrive\\Desktop\\LUNAR_BACKEND\\Davids_academy_backend\\node_modules\\busboy\\lib\\types\\multipart.js:358:14)\n    at HeaderParser.push (C:\\Users\\anant\\OneDrive\\Desktop\\LUNAR_BACKEND\\Davids_academy_backend\\node_modules\\busboy\\lib\\types\\multipart.js:162:20)\n    at SBMH.ssCb [as _cb] (C:\\Users\\anant\\OneDrive\\Desktop\\LUNAR_BACKEND\\Davids_academy_backend\\node_modules\\busboy\\lib\\types\\multipart.js:394:37)\n    at feed (C:\\Users\\anant\\OneDrive\\Desktop\\LUNAR_BACKEND\\Davids_academy_backend\\node_modules\\streamsearch\\lib\\sbmh.js:200:10)\n    at SBMH.push (C:\\Users\\anant\\OneDrive\\Desktop\\LUNAR_BACKEND\\Davids_academy_backend\\node_modules\\streamsearch\\lib\\sbmh.js:104:16)\n    at Multipart._write (C:\\Users\\anant\\OneDrive\\Desktop\\LUNAR_BACKEND\\Davids_academy_backend\\node_modules\\busboy\\lib\\types\\multipart.js:567:19)\n    at writeOrBuffer (node:internal/streams/writable:572:12)","os":{"loadavg":[0,0,0],"uptime":613212.89},"process":{"argv":["C:\\Program Files\\nodejs\\node.exe","C:\\Users\\anant\\OneDrive\\Desktop\\LUNAR_BACKEND\\Davids_academy_backend\\app.js"],"cwd":"C:\\Users\\anant\\OneDrive\\Desktop\\LUNAR_BACKEND\\Davids_academy_backend","execPath":"C:\\Program Files\\nodejs\\node.exe","gid":null,"memoryUsage":{"arrayBuffers":64287,"external":2306704,"heapTotal":15618048,"heapUsed":14410248,"rss":32419840},"pid":28156,"uid":null,"version":"v20.18.2"},"req":{"headers":{"accept":"*/*","accept-encoding":"gzip, deflate, br","cache-control":"no-cache","connection":"keep-alive","content-length":"47481","content-type":"multipart/form-data; boundary=--------------------------513203289988559426246102","host":"localhost:6040","postman-token":"318883de-aa64-4689-8785-453d40b9ba27","user-agent":"PostmanRuntime/7.44.1"},"httpVersion":"1.1","method":"POST","originalUrl":"/api/exam/question","query":{},"url":"/api/exam/question"},"stack":"MulterError: Unexpected field\n    at wrappedFileFilter (C:\\Users\\anant\\OneDrive\\Desktop\\LUNAR_BACKEND\\Davids_academy_backend\\node_modules\\multer\\index.js:40:19)\n    at Multipart.<anonymous> (C:\\Users\\anant\\OneDrive\\Desktop\\LUNAR_BACKEND\\Davids_academy_backend\\node_modules\\multer\\lib\\make-middleware.js:132:7)\n    at Multipart.emit (node:events:518:28)\n    at HeaderParser.cb (C:\\Users\\anant\\OneDrive\\Desktop\\LUNAR_BACKEND\\Davids_academy_backend\\node_modules\\busboy\\lib\\types\\multipart.js:358:14)\n    at HeaderParser.push (C:\\Users\\anant\\OneDrive\\Desktop\\LUNAR_BACKEND\\Davids_academy_backend\\node_modules\\busboy\\lib\\types\\multipart.js:162:20)\n    at SBMH.ssCb [as _cb] (C:\\Users\\anant\\OneDrive\\Desktop\\LUNAR_BACKEND\\Davids_academy_backend\\node_modules\\busboy\\lib\\types\\multipart.js:394:37)\n    at feed (C:\\Users\\anant\\OneDrive\\Desktop\\LUNAR_BACKEND\\Davids_academy_backend\\node_modules\\streamsearch\\lib\\sbmh.js:200:10)\n    at SBMH.push (C:\\Users\\anant\\OneDrive\\Desktop\\LUNAR_BACKEND\\Davids_academy_backend\\node_modules\\streamsearch\\lib\\sbmh.js:104:16)\n    at Multipart._write (C:\\Users\\anant\\OneDrive\\Desktop\\LUNAR_BACKEND\\Davids_academy_backend\\node_modules\\busboy\\lib\\types\\multipart.js:567:19)\n    at writeOrBuffer (node:internal/streams/writable:572:12)","trace":[{"column":19,"file":"C:\\Users\\anant\\OneDrive\\Desktop\\LUNAR_BACKEND\\Davids_academy_backend\\node_modules\\multer\\index.js","function":"wrappedFileFilter","line":40,"method":null,"native":false},{"column":7,"file":"C:\\Users\\anant\\OneDrive\\Desktop\\LUNAR_BACKEND\\Davids_academy_backend\\node_modules\\multer\\lib\\make-middleware.js","function":null,"line":132,"method":null,"native":false},{"column":28,"file":"node:events","function":"Multipart.emit","line":518,"method":"emit","native":false},{"column":14,"file":"C:\\Users\\anant\\OneDrive\\Desktop\\LUNAR_BACKEND\\Davids_academy_backend\\node_modules\\busboy\\lib\\types\\multipart.js","function":"HeaderParser.cb","line":358,"method":"cb","native":false},{"column":20,"file":"C:\\Users\\anant\\OneDrive\\Desktop\\LUNAR_BACKEND\\Davids_academy_backend\\node_modules\\busboy\\lib\\types\\multipart.js","function":"HeaderParser.push","line":162,"method":"push","native":false},{"column":37,"file":"C:\\Users\\anant\\OneDrive\\Desktop\\LUNAR_BACKEND\\Davids_academy_backend\\node_modules\\busboy\\lib\\types\\multipart.js","function":"SBMH.ssCb [as _cb]","line":394,"method":"ssCb [as _cb]","native":false},{"column":10,"file":"C:\\Users\\anant\\OneDrive\\Desktop\\LUNAR_BACKEND\\Davids_academy_backend\\node_modules\\streamsearch\\lib\\sbmh.js","function":"feed","line":200,"method":null,"native":false},{"column":16,"file":"C:\\Users\\anant\\OneDrive\\Desktop\\LUNAR_BACKEND\\Davids_academy_backend\\node_modules\\streamsearch\\lib\\sbmh.js","function":"SBMH.push","line":104,"method":"push","native":false},{"column":19,"file":"C:\\Users\\anant\\OneDrive\\Desktop\\LUNAR_BACKEND\\Davids_academy_backend\\node_modules\\busboy\\lib\\types\\multipart.js","function":"Multipart._write","line":567,"method":"_write","native":false},{"column":12,"file":"node:internal/streams/writable","function":"writeOrBuffer","line":572,"method":null,"native":false}]},"service":"david-academy-api","timestamp":"2025-07-19 13:29:14"}
{"level":"info","message":"POST /api/exam/question 500 45ms","meta":{"req":{"headers":{"accept":"*/*","accept-encoding":"gzip, deflate, br","cache-control":"no-cache","connection":"keep-alive","content-length":"47481","content-type":"multipart/form-data; boundary=--------------------------513203289988559426246102","host":"localhost:6040","postman-token":"318883de-aa64-4689-8785-453d40b9ba27","user-agent":"PostmanRuntime/7.44.1"},"httpVersion":"1.1","method":"POST","originalUrl":"/api/exam/question","query":{},"url":"/api/exam/question"},"res":{"statusCode":500},"responseTime":45},"service":"david-academy-api","timestamp":"2025-07-19 13:29:14"}
{"level":"info","message":"HTTP server enabled","service":"david-academy-api","timestamp":"2025-07-19 13:30:28"}
{"level":"info","message":"Server listening on port 6040","service":"david-academy-api","timestamp":"2025-07-19 13:30:29"}
{"level":"info","message":"✅ Connected to MySQL database","service":"david-academy-api","timestamp":"2025-07-19 13:30:29"}
{"level":"info","message":"HTTP server enabled","service":"david-academy-api","timestamp":"2025-07-19 13:30:34"}
{"level":"info","message":"Server listening on port 6040","service":"david-academy-api","timestamp":"2025-07-19 13:30:34"}
{"level":"info","message":"✅ Connected to MySQL database","service":"david-academy-api","timestamp":"2025-07-19 13:30:34"}
{"level":"info","message":"📥 Received request to add new question","service":"david-academy-api","timestamp":"2025-07-19 13:30:40"}
{"level":"info","message":"HTTP server enabled","service":"david-academy-api","timestamp":"2025-07-19 13:31:31"}
{"level":"info","message":"Server listening on port 6040","service":"david-academy-api","timestamp":"2025-07-19 13:31:32"}
{"level":"info","message":"✅ Connected to MySQL database","service":"david-academy-api","timestamp":"2025-07-19 13:31:32"}
{"level":"info","message":"📥 Received request to add new question","service":"david-academy-api","timestamp":"2025-07-19 13:31:36"}
{"level":"info","message":"HTTP server enabled","service":"david-academy-api","timestamp":"2025-07-19 13:32:03"}
{"level":"info","message":"Server listening on port 6040","service":"david-academy-api","timestamp":"2025-07-19 13:32:04"}
{"level":"info","message":"✅ Connected to MySQL database","service":"david-academy-api","timestamp":"2025-07-19 13:32:04"}
{"level":"info","message":"HTTP server enabled","service":"david-academy-api","timestamp":"2025-07-19 13:32:06"}
{"level":"info","message":"Server listening on port 6040","service":"david-academy-api","timestamp":"2025-07-19 13:32:07"}
{"level":"info","message":"✅ Connected to MySQL database","service":"david-academy-api","timestamp":"2025-07-19 13:32:07"}
{"level":"info","message":"HTTP server enabled","service":"david-academy-api","timestamp":"2025-07-19 13:32:13"}
{"level":"info","message":"Server listening on port 6040","service":"david-academy-api","timestamp":"2025-07-19 13:32:14"}
{"level":"info","message":"✅ Connected to MySQL database","service":"david-academy-api","timestamp":"2025-07-19 13:32:14"}
{"level":"info","message":"HTTP server enabled","service":"david-academy-api","timestamp":"2025-07-19 13:32:17"}
{"level":"info","message":"Server listening on port 6040","service":"david-academy-api","timestamp":"2025-07-19 13:32:17"}
{"level":"info","message":"✅ Connected to MySQL database","service":"david-academy-api","timestamp":"2025-07-19 13:32:17"}
{"level":"info","message":"HTTP server enabled","service":"david-academy-api","timestamp":"2025-07-19 13:32:23"}
{"level":"info","message":"Server listening on port 6040","service":"david-academy-api","timestamp":"2025-07-19 13:32:23"}
{"level":"info","message":"✅ Connected to MySQL database","service":"david-academy-api","timestamp":"2025-07-19 13:32:23"}
{"level":"info","message":"HTTP server enabled","service":"david-academy-api","timestamp":"2025-07-19 13:32:26"}
{"level":"info","message":"Server listening on port 6040","service":"david-academy-api","timestamp":"2025-07-19 13:32:27"}
{"level":"info","message":"✅ Connected to MySQL database","service":"david-academy-api","timestamp":"2025-07-19 13:32:27"}
{"level":"info","message":"HTTP server enabled","service":"david-academy-api","timestamp":"2025-07-19 13:32:27"}
{"level":"info","message":"Server listening on port 6040","service":"david-academy-api","timestamp":"2025-07-19 13:32:28"}
{"level":"info","message":"✅ Connected to MySQL database","service":"david-academy-api","timestamp":"2025-07-19 13:32:28"}
{"level":"info","message":"📥 Received request to add new question","service":"david-academy-api","timestamp":"2025-07-19 13:32:38"}
{"level":"info","message":"HTTP server enabled","service":"david-academy-api","timestamp":"2025-07-19 13:32:58"}
{"level":"info","message":"Server listening on port 6040","service":"david-academy-api","timestamp":"2025-07-19 13:32:58"}
{"level":"info","message":"HTTP server enabled","service":"david-academy-api","timestamp":"2025-07-19 13:32:59"}
{"level":"info","message":"Server listening on port 6040","service":"david-academy-api","timestamp":"2025-07-19 13:32:59"}
{"level":"info","message":"✅ Connected to MySQL database","service":"david-academy-api","timestamp":"2025-07-19 13:32:59"}
{"level":"info","message":"HTTP server enabled","service":"david-academy-api","timestamp":"2025-07-19 13:33:00"}
{"level":"info","message":"Server listening on port 6040","service":"david-academy-api","timestamp":"2025-07-19 13:33:00"}
{"level":"info","message":"✅ Connected to MySQL database","service":"david-academy-api","timestamp":"2025-07-19 13:33:00"}
{"level":"info","message":"HTTP server enabled","service":"david-academy-api","timestamp":"2025-07-19 13:33:05"}
{"level":"info","message":"Server listening on port 6040","service":"david-academy-api","timestamp":"2025-07-19 13:33:06"}
{"level":"info","message":"✅ Connected to MySQL database","service":"david-academy-api","timestamp":"2025-07-19 13:33:06"}
{"level":"info","message":"HTTP server enabled","service":"david-academy-api","timestamp":"2025-07-19 13:33:14"}
{"level":"info","message":"Server listening on port 6040","service":"david-academy-api","timestamp":"2025-07-19 13:33:16"}
{"level":"info","message":"✅ Connected to MySQL database","service":"david-academy-api","timestamp":"2025-07-19 13:33:16"}
{"level":"info","message":"📥 Received request to add new question","service":"david-academy-api","timestamp":"2025-07-19 13:33:27"}
{"level":"info","message":"HTTP server enabled","service":"david-academy-api","timestamp":"2025-07-19 13:33:47"}
{"level":"info","message":"Server listening on port 6040","service":"david-academy-api","timestamp":"2025-07-19 13:33:48"}
{"level":"info","message":"✅ Connected to MySQL database","service":"david-academy-api","timestamp":"2025-07-19 13:33:48"}
{"level":"info","message":"HTTP server enabled","service":"david-academy-api","timestamp":"2025-07-19 13:33:53"}
{"level":"info","message":"Server listening on port 6040","service":"david-academy-api","timestamp":"2025-07-19 13:33:54"}
{"level":"info","message":"✅ Connected to MySQL database","service":"david-academy-api","timestamp":"2025-07-19 13:33:54"}
{"level":"info","message":"HTTP server enabled","service":"david-academy-api","timestamp":"2025-07-19 13:34:00"}
{"level":"info","message":"Server listening on port 6040","service":"david-academy-api","timestamp":"2025-07-19 13:34:00"}
{"level":"info","message":"✅ Connected to MySQL database","service":"david-academy-api","timestamp":"2025-07-19 13:34:00"}
{"level":"info","message":"📥 Received request to add new question","service":"david-academy-api","timestamp":"2025-07-19 13:34:07"}
{"level":"info","message":"📥 Received request to add new question","service":"david-academy-api","timestamp":"2025-07-19 13:34:35"}
{"level":"info","message":"HTTP server enabled","service":"david-academy-api","timestamp":"2025-07-19 13:35:00"}
{"level":"info","message":"Server listening on port 6040","service":"david-academy-api","timestamp":"2025-07-19 13:35:01"}
{"level":"info","message":"HTTP server enabled","service":"david-academy-api","timestamp":"2025-07-19 13:35:02"}
{"level":"info","message":"Server listening on port 6040","service":"david-academy-api","timestamp":"2025-07-19 13:35:03"}
{"level":"info","message":"✅ Connected to MySQL database","service":"david-academy-api","timestamp":"2025-07-19 13:35:03"}
{"level":"info","message":"HTTP server enabled","service":"david-academy-api","timestamp":"2025-07-19 13:35:07"}
{"level":"info","message":"Server listening on port 6040","service":"david-academy-api","timestamp":"2025-07-19 13:35:07"}
{"level":"info","message":"✅ Connected to MySQL database","service":"david-academy-api","timestamp":"2025-07-19 13:35:07"}
{"level":"info","message":"HTTP server enabled","service":"david-academy-api","timestamp":"2025-07-19 13:35:10"}
{"level":"info","message":"Server listening on port 6040","service":"david-academy-api","timestamp":"2025-07-19 13:35:11"}
{"level":"info","message":"✅ Connected to MySQL database","service":"david-academy-api","timestamp":"2025-07-19 13:35:11"}
{"level":"info","message":"HTTP server enabled","service":"david-academy-api","timestamp":"2025-07-19 13:35:13"}
{"level":"info","message":"Server listening on port 6040","service":"david-academy-api","timestamp":"2025-07-19 13:35:13"}
{"level":"info","message":"✅ Connected to MySQL database","service":"david-academy-api","timestamp":"2025-07-19 13:35:13"}
{"level":"info","message":"HTTP server enabled","service":"david-academy-api","timestamp":"2025-07-19 13:35:16"}
{"level":"info","message":"Server listening on port 6040","service":"david-academy-api","timestamp":"2025-07-19 13:35:17"}
{"level":"info","message":"✅ Connected to MySQL database","service":"david-academy-api","timestamp":"2025-07-19 13:35:17"}
{"level":"info","message":"HTTP server enabled","service":"david-academy-api","timestamp":"2025-07-19 13:35:18"}
{"level":"info","message":"Server listening on port 6040","service":"david-academy-api","timestamp":"2025-07-19 13:35:19"}
{"level":"info","message":"✅ Connected to MySQL database","service":"david-academy-api","timestamp":"2025-07-19 13:35:19"}
{"level":"info","message":"HTTP server enabled","service":"david-academy-api","timestamp":"2025-07-19 13:35:22"}
{"level":"info","message":"Server listening on port 6040","service":"david-academy-api","timestamp":"2025-07-19 13:35:23"}
{"level":"info","message":"✅ Connected to MySQL database","service":"david-academy-api","timestamp":"2025-07-19 13:35:23"}
{"level":"info","message":"HTTP server enabled","service":"david-academy-api","timestamp":"2025-07-19 13:35:24"}
{"level":"info","message":"Server listening on port 6040","service":"david-academy-api","timestamp":"2025-07-19 13:35:24"}
{"level":"info","message":"✅ Connected to MySQL database","service":"david-academy-api","timestamp":"2025-07-19 13:35:24"}
{"level":"info","message":"📥 Received request to add new question","service":"david-academy-api","timestamp":"2025-07-19 13:35:41"}
{"level":"info","message":"HTTP server enabled","service":"david-academy-api","timestamp":"2025-07-19 13:35:58"}
{"level":"info","message":"Server listening on port 6040","service":"david-academy-api","timestamp":"2025-07-19 13:35:59"}
{"level":"info","message":"✅ Connected to MySQL database","service":"david-academy-api","timestamp":"2025-07-19 13:35:59"}
{"level":"info","message":"HTTP server enabled","service":"david-academy-api","timestamp":"2025-07-19 13:36:02"}
{"level":"info","message":"Server listening on port 6040","service":"david-academy-api","timestamp":"2025-07-19 13:36:03"}
{"level":"info","message":"✅ Connected to MySQL database","service":"david-academy-api","timestamp":"2025-07-19 13:36:03"}
{"level":"info","message":"HTTP server enabled","service":"david-academy-api","timestamp":"2025-07-19 13:36:04"}
{"level":"info","message":"Server listening on port 6040","service":"david-academy-api","timestamp":"2025-07-19 13:36:05"}
{"level":"info","message":"✅ Connected to MySQL database","service":"david-academy-api","timestamp":"2025-07-19 13:36:05"}
{"level":"info","message":"HTTP server enabled","service":"david-academy-api","timestamp":"2025-07-19 13:36:12"}
{"level":"info","message":"Server listening on port 6040","service":"david-academy-api","timestamp":"2025-07-19 13:36:13"}
{"level":"info","message":"✅ Connected to MySQL database","service":"david-academy-api","timestamp":"2025-07-19 13:36:13"}
{"level":"info","message":"HTTP server enabled","service":"david-academy-api","timestamp":"2025-07-19 13:36:16"}
{"level":"info","message":"Server listening on port 6040","service":"david-academy-api","timestamp":"2025-07-19 13:36:16"}
{"level":"info","message":"✅ Connected to MySQL database","service":"david-academy-api","timestamp":"2025-07-19 13:36:16"}
{"level":"info","message":"HTTP server enabled","service":"david-academy-api","timestamp":"2025-07-19 13:36:18"}
{"level":"info","message":"Server listening on port 6040","service":"david-academy-api","timestamp":"2025-07-19 13:36:18"}
{"level":"info","message":"✅ Connected to MySQL database","service":"david-academy-api","timestamp":"2025-07-19 13:36:18"}
{"level":"info","message":"HTTP server enabled","service":"david-academy-api","timestamp":"2025-07-19 13:36:20"}
{"level":"info","message":"Server listening on port 6040","service":"david-academy-api","timestamp":"2025-07-19 13:36:20"}
{"level":"info","message":"✅ Connected to MySQL database","service":"david-academy-api","timestamp":"2025-07-19 13:36:21"}
{"level":"info","message":"HTTP server enabled","service":"david-academy-api","timestamp":"2025-07-19 13:36:25"}
{"level":"info","message":"Server listening on port 6040","service":"david-academy-api","timestamp":"2025-07-19 13:36:25"}
{"level":"info","message":"✅ Connected to MySQL database","service":"david-academy-api","timestamp":"2025-07-19 13:36:26"}
{"level":"info","message":"📥 Received request to add new question","service":"david-academy-api","timestamp":"2025-07-19 13:36:34"}
{"level":"info","message":"HTTP server enabled","service":"david-academy-api","timestamp":"2025-07-19 13:37:00"}
{"level":"info","message":"Server listening on port 6040","service":"david-academy-api","timestamp":"2025-07-19 13:37:01"}
{"level":"info","message":"✅ Connected to MySQL database","service":"david-academy-api","timestamp":"2025-07-19 13:37:02"}
{"level":"info","message":"📥 Received request to add new question","service":"david-academy-api","timestamp":"2025-07-19 13:37:11"}
{"level":"info","message":"✅ insertFillTheBlanksQuestion: Inserted question ID=62","service":"david-academy-api","timestamp":"2025-07-19 13:37:11"}
{"level":"info","message":"✅ Added dropdown question with ID: 62","service":"david-academy-api","timestamp":"2025-07-19 13:37:11"}
{"level":"info","message":"insert FillTheBlanks Question content: Inserted question text for questionId=62","service":"david-academy-api","timestamp":"2025-07-19 13:37:11"}
{"level":"info","message":"📄 Inserted fill in the blanks text \"Turnonthesuctiondeviceandsetappropriatepressure.\" with answer somedisease  for question 62","service":"david-academy-api","timestamp":"2025-07-19 13:37:11"}
{"level":"info","message":"insert FillTheBlanks Question content: Inserted question text for questionId=62","service":"david-academy-api","timestamp":"2025-07-19 13:37:11"}
{"level":"info","message":"📄 Inserted fill in the blanks text \"and\" with answer symptoms  for question 62","service":"david-academy-api","timestamp":"2025-07-19 13:37:11"}
{"level":"info","message":"insert FillTheBlanks Question content: Inserted question text for questionId=62","service":"david-academy-api","timestamp":"2025-07-19 13:37:11"}
{"level":"info","message":"📄 Inserted fill in the blanks text \"iftheconditionisnotmanaged\" with answer   for question 62","service":"david-academy-api","timestamp":"2025-07-19 13:37:11"}
{"level":"info","message":"insert FillTheBlanks Options DragAndDrop_Headings: Inserted question drag and option heading for questionId=62","service":"david-academy-api","timestamp":"2025-07-19 13:37:11"}
{"level":"info","message":"📄 Inserted fill in the blanks options heading \"FillintheBlanksOptionHeading\" for question 62","service":"david-academy-api","timestamp":"2025-07-19 13:37:11"}
{"level":"info","message":"insert FillTheBlanks DragAndDrop_Headings_Options: Inserted question DragAndDrop_Headings_Options for questionId=62","service":"david-academy-api","timestamp":"2025-07-19 13:37:12"}
{"level":"info","message":"🔽 fill in the blanks options heading values \"somedisease\" -> \"somedisease\"","service":"david-academy-api","timestamp":"2025-07-19 13:37:12"}
{"level":"info","message":"insert FillTheBlanks DragAndDrop_Headings_Options: Inserted question DragAndDrop_Headings_Options for questionId=62","service":"david-academy-api","timestamp":"2025-07-19 13:37:12"}
{"level":"info","message":"🔽 fill in the blanks options heading values \"fever\" -> \"fever\"","service":"david-academy-api","timestamp":"2025-07-19 13:37:12"}
{"level":"info","message":"insert FillTheBlanks DragAndDrop_Headings_Options: Inserted question DragAndDrop_Headings_Options for questionId=62","service":"david-academy-api","timestamp":"2025-07-19 13:37:12"}
{"level":"info","message":"🔽 fill in the blanks options heading values \"OptionHeading\" -> \"OptionHeading\"","service":"david-academy-api","timestamp":"2025-07-19 13:37:12"}
{"level":"info","message":"insert FillTheBlanks DragAndDrop_Headings_Options: Inserted question DragAndDrop_Headings_Options for questionId=62","service":"david-academy-api","timestamp":"2025-07-19 13:37:12"}
{"level":"info","message":"🔽 fill in the blanks options heading values \"symptoms\" -> \"symptoms\"","service":"david-academy-api","timestamp":"2025-07-19 13:37:12"}
{"level":"info","message":"insertMCQExplanation: Inserted explanation for questionId=62","service":"david-academy-api","timestamp":"2025-07-19 13:37:12"}
{"level":"info","message":"📝 Explanation added for question 62","service":"david-academy-api","timestamp":"2025-07-19 13:37:12"}
{"level":"info","message":"insertAdditionalInfo: Inserted info for questionId=62","service":"david-academy-api","timestamp":"2025-07-19 13:37:12"}
{"level":"info","message":"📝 Additional information added for question 62","service":"david-academy-api","timestamp":"2025-07-19 13:37:12"}
{"level":"info","message":"POST /api/exam/question 201 1082ms","meta":{"req":{"headers":{"accept":"*/*","accept-encoding":"gzip, deflate, br","cache-control":"no-cache","connection":"keep-alive","content-length":"47479","content-type":"multipart/form-data; boundary=--------------------------380820614813647076453850","host":"localhost:6040","postman-token":"28f3a8f9-d8e1-4ec6-8529-976ba7839875","user-agent":"PostmanRuntime/7.44.1"},"httpVersion":"1.1","method":"POST","originalUrl":"/api/exam/question","query":{},"url":"/api/exam/question"},"res":{"statusCode":201},"responseTime":1082},"service":"david-academy-api","timestamp":"2025-07-19 13:37:12"}
{"level":"info","message":"📥 Received request to add new question","service":"david-academy-api","timestamp":"2025-07-19 13:37:36"}
{"level":"info","message":"✅ insertFillTheBlanksQuestion: Inserted question ID=63","service":"david-academy-api","timestamp":"2025-07-19 13:37:36"}
{"level":"info","message":"✅ Added dropdown question with ID: 63","service":"david-academy-api","timestamp":"2025-07-19 13:37:36"}
{"level":"info","message":"insert FillTheBlanks Question content: Inserted question text for questionId=63","service":"david-academy-api","timestamp":"2025-07-19 13:37:37"}
{"level":"info","message":"📄 Inserted fill in the blanks text \"Turnonthesuctiondeviceandsetappropriatepressure.\" with answer somedisease  for question 63","service":"david-academy-api","timestamp":"2025-07-19 13:37:37"}
{"level":"info","message":"insert FillTheBlanks Question content: Inserted question text for questionId=63","service":"david-academy-api","timestamp":"2025-07-19 13:37:37"}
{"level":"info","message":"📄 Inserted fill in the blanks text \"and\" with answer symptoms  for question 63","service":"david-academy-api","timestamp":"2025-07-19 13:37:37"}
{"level":"info","message":"insert FillTheBlanks Question content: Inserted question text for questionId=63","service":"david-academy-api","timestamp":"2025-07-19 13:37:37"}
{"level":"info","message":"📄 Inserted fill in the blanks text \"iftheconditionisnotmanaged\" with answer   for question 63","service":"david-academy-api","timestamp":"2025-07-19 13:37:37"}
{"level":"info","message":"insert FillTheBlanks Options DragAndDrop_Headings: Inserted question drag and option heading for questionId=63","service":"david-academy-api","timestamp":"2025-07-19 13:37:37"}
{"level":"info","message":"📄 Inserted fill in the blanks options heading \"FillintheBlanksOptionHeading\" for question 63","service":"david-academy-api","timestamp":"2025-07-19 13:37:37"}
{"level":"info","message":"insert FillTheBlanks DragAndDrop_Headings_Options: Inserted question DragAndDrop_Headings_Options for questionId=63","service":"david-academy-api","timestamp":"2025-07-19 13:37:37"}
{"level":"info","message":"🔽 fill in the blanks options heading values \"somedisease\" -> \"somedisease\"","service":"david-academy-api","timestamp":"2025-07-19 13:37:37"}
{"level":"info","message":"insert FillTheBlanks DragAndDrop_Headings_Options: Inserted question DragAndDrop_Headings_Options for questionId=63","service":"david-academy-api","timestamp":"2025-07-19 13:37:37"}
{"level":"info","message":"🔽 fill in the blanks options heading values \"fever\" -> \"fever\"","service":"david-academy-api","timestamp":"2025-07-19 13:37:37"}
{"level":"info","message":"insert FillTheBlanks DragAndDrop_Headings_Options: Inserted question DragAndDrop_Headings_Options for questionId=63","service":"david-academy-api","timestamp":"2025-07-19 13:37:37"}
{"level":"info","message":"🔽 fill in the blanks options heading values \"OptionHeading\" -> \"OptionHeading\"","service":"david-academy-api","timestamp":"2025-07-19 13:37:37"}
{"level":"info","message":"insert FillTheBlanks DragAndDrop_Headings_Options: Inserted question DragAndDrop_Headings_Options for questionId=63","service":"david-academy-api","timestamp":"2025-07-19 13:37:37"}
{"level":"info","message":"🔽 fill in the blanks options heading values \"symptoms\" -> \"symptoms\"","service":"david-academy-api","timestamp":"2025-07-19 13:37:37"}
{"level":"info","message":"insertMCQExplanation: Inserted explanation for questionId=63","service":"david-academy-api","timestamp":"2025-07-19 13:37:37"}
{"level":"info","message":"📝 Explanation added for question 63","service":"david-academy-api","timestamp":"2025-07-19 13:37:37"}
{"level":"info","message":"insertAdditionalInfo: Inserted info for questionId=63","service":"david-academy-api","timestamp":"2025-07-19 13:37:37"}
{"level":"info","message":"📝 Additional information added for question 63","service":"david-academy-api","timestamp":"2025-07-19 13:37:37"}
{"level":"info","message":"POST /api/exam/question 201 1000ms","meta":{"req":{"headers":{"accept":"*/*","accept-encoding":"gzip, deflate, br","cache-control":"no-cache","connection":"keep-alive","content-length":"47479","content-type":"multipart/form-data; boundary=--------------------------018264098988090408143204","host":"localhost:6040","postman-token":"3f6ca525-3202-449d-8c1c-ba3b5753c6ff","user-agent":"PostmanRuntime/7.44.1"},"httpVersion":"1.1","method":"POST","originalUrl":"/api/exam/question","query":{},"url":"/api/exam/question"},"res":{"statusCode":201},"responseTime":1000},"service":"david-academy-api","timestamp":"2025-07-19 13:37:37"}
{"level":"info","message":"📥 Received request to add new question","service":"david-academy-api","timestamp":"2025-07-19 13:38:41"}
{"level":"info","message":"✅ insertFillTheBlanksQuestion: Inserted question ID=64","service":"david-academy-api","timestamp":"2025-07-19 13:38:41"}
{"level":"info","message":"✅ Added dropdown question with ID: 64","service":"david-academy-api","timestamp":"2025-07-19 13:38:41"}
{"level":"info","message":"insert FillTheBlanks Question content: Inserted question text for questionId=64","service":"david-academy-api","timestamp":"2025-07-19 13:38:41"}
{"level":"info","message":"📄 Inserted fill in the blanks text \"Turnonthesuctiondeviceandsetappropriatepressure.\" with answer somedisease  for question 64","service":"david-academy-api","timestamp":"2025-07-19 13:38:41"}
{"level":"info","message":"insert FillTheBlanks Question content: Inserted question text for questionId=64","service":"david-academy-api","timestamp":"2025-07-19 13:38:41"}
{"level":"info","message":"📄 Inserted fill in the blanks text \"and\" with answer symptoms  for question 64","service":"david-academy-api","timestamp":"2025-07-19 13:38:41"}
{"level":"info","message":"insert FillTheBlanks Question content: Inserted question text for questionId=64","service":"david-academy-api","timestamp":"2025-07-19 13:38:41"}
{"level":"info","message":"📄 Inserted fill in the blanks text \"iftheconditionisnotmanaged\" with answer   for question 64","service":"david-academy-api","timestamp":"2025-07-19 13:38:41"}
{"level":"info","message":"insert FillTheBlanks Options DragAndDrop_Headings: Inserted question drag and option heading for questionId=64","service":"david-academy-api","timestamp":"2025-07-19 13:38:42"}
{"level":"info","message":"📄 Inserted fill in the blanks options heading \"FillintheBlanksOptionHeading\" for question 64","service":"david-academy-api","timestamp":"2025-07-19 13:38:42"}
{"level":"info","message":"insert FillTheBlanks DragAndDrop_Headings_Options: Inserted question DragAndDrop_Headings_Options for questionId=64","service":"david-academy-api","timestamp":"2025-07-19 13:38:42"}
{"level":"info","message":"🔽 fill in the blanks options heading values \"somedisease\" -> \"somedisease\"","service":"david-academy-api","timestamp":"2025-07-19 13:38:42"}
{"level":"info","message":"insert FillTheBlanks DragAndDrop_Headings_Options: Inserted question DragAndDrop_Headings_Options for questionId=64","service":"david-academy-api","timestamp":"2025-07-19 13:38:42"}
{"level":"info","message":"🔽 fill in the blanks options heading values \"fever\" -> \"fever\"","service":"david-academy-api","timestamp":"2025-07-19 13:38:42"}
{"level":"info","message":"insert FillTheBlanks DragAndDrop_Headings_Options: Inserted question DragAndDrop_Headings_Options for questionId=64","service":"david-academy-api","timestamp":"2025-07-19 13:38:42"}
{"level":"info","message":"🔽 fill in the blanks options heading values \"OptionHeading\" -> \"OptionHeading\"","service":"david-academy-api","timestamp":"2025-07-19 13:38:42"}
{"level":"info","message":"insert FillTheBlanks DragAndDrop_Headings_Options: Inserted question DragAndDrop_Headings_Options for questionId=64","service":"david-academy-api","timestamp":"2025-07-19 13:38:43"}
{"level":"info","message":"🔽 fill in the blanks options heading values \"symptoms\" -> \"symptoms\"","service":"david-academy-api","timestamp":"2025-07-19 13:38:43"}
{"level":"info","message":"insertMCQExplanation: Inserted explanation for questionId=64","service":"david-academy-api","timestamp":"2025-07-19 13:38:43"}
{"level":"info","message":"📝 Explanation added for question 64","service":"david-academy-api","timestamp":"2025-07-19 13:38:43"}
{"level":"info","message":"insertAdditionalInfo: Inserted info for questionId=64","service":"david-academy-api","timestamp":"2025-07-19 13:38:43"}
{"level":"info","message":"📝 Additional information added for question 64","service":"david-academy-api","timestamp":"2025-07-19 13:38:43"}
{"level":"info","message":"POST /api/exam/question 201 2057ms","meta":{"req":{"headers":{"accept":"*/*","accept-encoding":"gzip, deflate, br","cache-control":"no-cache","connection":"keep-alive","content-length":"47486","content-type":"multipart/form-data; boundary=--------------------------361510640108896661991125","host":"localhost:6040","postman-token":"f3ec4121-b156-42d3-b5cd-4268237cce20","user-agent":"PostmanRuntime/7.44.1"},"httpVersion":"1.1","method":"POST","originalUrl":"/api/exam/question","query":{},"url":"/api/exam/question"},"res":{"statusCode":201},"responseTime":2057},"service":"david-academy-api","timestamp":"2025-07-19 13:38:43"}
{"level":"info","message":"HTTP server enabled","service":"david-academy-api","timestamp":"2025-07-19 13:39:28"}
{"level":"info","message":"Server listening on port 6040","service":"david-academy-api","timestamp":"2025-07-19 13:39:29"}
{"level":"info","message":"✅ Connected to MySQL database","service":"david-academy-api","timestamp":"2025-07-19 13:39:29"}
{"level":"info","message":"🔄 MySQL keep-alive ping successful","service":"david-academy-api","timestamp":"2025-07-19 13:44:29"}
{"level":"info","message":"🔄 MySQL keep-alive ping successful","service":"david-academy-api","timestamp":"2025-07-19 15:44:39"}
{"level":"info","message":"🔄 MySQL keep-alive ping successful","service":"david-academy-api","timestamp":"2025-07-19 15:49:37"}
{"level":"info","message":"HTTP server enabled","service":"david-academy-api","timestamp":"2025-07-19 15:53:42"}
{"level":"info","message":"Server listening on port 6040","service":"david-academy-api","timestamp":"2025-07-19 15:53:42"}
{"level":"info","message":"✅ Connected to MySQL database","service":"david-academy-api","timestamp":"2025-07-19 15:53:42"}
{"level":"info","message":"HTTP server enabled","service":"david-academy-api","timestamp":"2025-07-19 15:53:45"}
{"level":"info","message":"Server listening on port 6040","service":"david-academy-api","timestamp":"2025-07-19 15:53:45"}
{"level":"info","message":"✅ Connected to MySQL database","service":"david-academy-api","timestamp":"2025-07-19 15:53:45"}
{"level":"info","message":"HTTP server enabled","service":"david-academy-api","timestamp":"2025-07-19 15:53:48"}
{"level":"info","message":"Server listening on port 6040","service":"david-academy-api","timestamp":"2025-07-19 15:53:48"}
{"level":"info","message":"✅ Connected to MySQL database","service":"david-academy-api","timestamp":"2025-07-19 15:53:48"}
{"level":"info","message":"HTTP server enabled","service":"david-academy-api","timestamp":"2025-07-19 15:53:54"}
{"level":"info","message":"Server listening on port 6040","service":"david-academy-api","timestamp":"2025-07-19 15:53:54"}
{"level":"info","message":"✅ Connected to MySQL database","service":"david-academy-api","timestamp":"2025-07-19 15:53:54"}
{"level":"info","message":"HTTP server enabled","service":"david-academy-api","timestamp":"2025-07-19 15:54:25"}
{"level":"info","message":"Server listening on port 6040","service":"david-academy-api","timestamp":"2025-07-19 15:54:26"}
{"level":"info","message":"✅ Connected to MySQL database","service":"david-academy-api","timestamp":"2025-07-19 15:54:26"}
{"level":"info","message":"HTTP server enabled","service":"david-academy-api","timestamp":"2025-07-19 15:54:30"}
{"level":"info","message":"Server listening on port 6040","service":"david-academy-api","timestamp":"2025-07-19 15:54:30"}
{"level":"info","message":"✅ Connected to MySQL database","service":"david-academy-api","timestamp":"2025-07-19 15:54:30"}
{"level":"info","message":"HTTP server enabled","service":"david-academy-api","timestamp":"2025-07-19 15:54:32"}
{"level":"info","message":"Server listening on port 6040","service":"david-academy-api","timestamp":"2025-07-19 15:54:32"}
{"level":"info","message":"✅ Connected to MySQL database","service":"david-academy-api","timestamp":"2025-07-19 15:54:32"}
{"level":"info","message":"HTTP server enabled","service":"david-academy-api","timestamp":"2025-07-19 15:54:33"}
{"level":"info","message":"Server listening on port 6040","service":"david-academy-api","timestamp":"2025-07-19 15:54:34"}
{"level":"info","message":"✅ Connected to MySQL database","service":"david-academy-api","timestamp":"2025-07-19 15:54:34"}
{"level":"info","message":"HTTP server enabled","service":"david-academy-api","timestamp":"2025-07-19 15:54:36"}
{"level":"info","message":"Server listening on port 6040","service":"david-academy-api","timestamp":"2025-07-19 15:54:36"}
{"level":"info","message":"✅ Connected to MySQL database","service":"david-academy-api","timestamp":"2025-07-19 15:54:36"}
{"level":"info","message":"HTTP server enabled","service":"david-academy-api","timestamp":"2025-07-19 15:54:40"}
{"level":"info","message":"Server listening on port 6040","service":"david-academy-api","timestamp":"2025-07-19 15:54:40"}
{"level":"info","message":"✅ Connected to MySQL database","service":"david-academy-api","timestamp":"2025-07-19 15:54:40"}
{"level":"info","message":"HTTP server enabled","service":"david-academy-api","timestamp":"2025-07-19 15:54:42"}
{"level":"info","message":"Server listening on port 6040","service":"david-academy-api","timestamp":"2025-07-19 15:54:42"}
{"level":"info","message":"✅ Connected to MySQL database","service":"david-academy-api","timestamp":"2025-07-19 15:54:42"}
{"level":"info","message":"HTTP server enabled","service":"david-academy-api","timestamp":"2025-07-19 15:54:48"}
{"level":"info","message":"Server listening on port 6040","service":"david-academy-api","timestamp":"2025-07-19 15:54:48"}
{"level":"info","message":"✅ Connected to MySQL database","service":"david-academy-api","timestamp":"2025-07-19 15:54:48"}
{"level":"info","message":"HTTP server enabled","service":"david-academy-api","timestamp":"2025-07-19 15:54:56"}
{"level":"info","message":"Server listening on port 6040","service":"david-academy-api","timestamp":"2025-07-19 15:54:57"}
{"level":"info","message":"✅ Connected to MySQL database","service":"david-academy-api","timestamp":"2025-07-19 15:54:57"}
{"level":"info","message":"HTTP server enabled","service":"david-academy-api","timestamp":"2025-07-19 15:55:22"}
{"level":"info","message":"Server listening on port 6040","service":"david-academy-api","timestamp":"2025-07-19 15:55:22"}
{"level":"info","message":"✅ Connected to MySQL database","service":"david-academy-api","timestamp":"2025-07-19 15:55:22"}
{"level":"info","message":"HTTP server enabled","service":"david-academy-api","timestamp":"2025-07-19 15:55:51"}
{"level":"info","message":"Server listening on port 6040","service":"david-academy-api","timestamp":"2025-07-19 15:55:51"}
{"level":"info","message":"✅ Connected to MySQL database","service":"david-academy-api","timestamp":"2025-07-19 15:55:51"}
{"level":"info","message":"HTTP server enabled","service":"david-academy-api","timestamp":"2025-07-19 15:55:59"}
{"level":"info","message":"Server listening on port 6040","service":"david-academy-api","timestamp":"2025-07-19 15:55:59"}
{"level":"info","message":"✅ Connected to MySQL database","service":"david-academy-api","timestamp":"2025-07-19 15:55:59"}
{"level":"info","message":"HTTP server enabled","service":"david-academy-api","timestamp":"2025-07-19 15:56:02"}
{"level":"info","message":"Server listening on port 6040","service":"david-academy-api","timestamp":"2025-07-19 15:56:02"}
{"level":"info","message":"✅ Connected to MySQL database","service":"david-academy-api","timestamp":"2025-07-19 15:56:02"}
{"level":"info","message":"HTTP server enabled","service":"david-academy-api","timestamp":"2025-07-19 15:56:41"}
{"level":"info","message":"Server listening on port 6040","service":"david-academy-api","timestamp":"2025-07-19 15:56:42"}
{"level":"info","message":"✅ Connected to MySQL database","service":"david-academy-api","timestamp":"2025-07-19 15:56:42"}
{"level":"info","message":"HTTP server enabled","service":"david-academy-api","timestamp":"2025-07-19 15:57:18"}
{"level":"info","message":"Server listening on port 6040","service":"david-academy-api","timestamp":"2025-07-19 15:57:18"}
{"level":"info","message":"✅ Connected to MySQL database","service":"david-academy-api","timestamp":"2025-07-19 15:57:18"}
{"level":"info","message":"HTTP server enabled","service":"david-academy-api","timestamp":"2025-07-19 15:57:24"}
{"level":"info","message":"Server listening on port 6040","service":"david-academy-api","timestamp":"2025-07-19 15:57:25"}
{"level":"info","message":"✅ Connected to MySQL database","service":"david-academy-api","timestamp":"2025-07-19 15:57:25"}
{"level":"info","message":"HTTP server enabled","service":"david-academy-api","timestamp":"2025-07-19 15:57:26"}
{"level":"info","message":"Server listening on port 6040","service":"david-academy-api","timestamp":"2025-07-19 15:57:27"}
{"level":"info","message":"✅ Connected to MySQL database","service":"david-academy-api","timestamp":"2025-07-19 15:57:27"}
{"level":"info","message":"HTTP server enabled","service":"david-academy-api","timestamp":"2025-07-19 15:57:36"}
{"level":"info","message":"Server listening on port 6040","service":"david-academy-api","timestamp":"2025-07-19 15:57:36"}
{"level":"info","message":"✅ Connected to MySQL database","service":"david-academy-api","timestamp":"2025-07-19 15:57:36"}
{"level":"info","message":"HTTP server enabled","service":"david-academy-api","timestamp":"2025-07-19 15:58:21"}
{"level":"info","message":"Server listening on port 6040","service":"david-academy-api","timestamp":"2025-07-19 15:58:21"}
{"level":"info","message":"✅ Connected to MySQL database","service":"david-academy-api","timestamp":"2025-07-19 15:58:21"}
{"level":"info","message":"HTTP server enabled","service":"david-academy-api","timestamp":"2025-07-19 15:58:22"}
{"level":"info","message":"Server listening on port 6040","service":"david-academy-api","timestamp":"2025-07-19 15:58:22"}
{"level":"info","message":"✅ Connected to MySQL database","service":"david-academy-api","timestamp":"2025-07-19 15:58:22"}
{"level":"info","message":"HTTP server enabled","service":"david-academy-api","timestamp":"2025-07-19 16:00:56"}
{"level":"info","message":"Server listening on port 6040","service":"david-academy-api","timestamp":"2025-07-19 16:00:56"}
{"level":"info","message":"✅ Connected to MySQL database","service":"david-academy-api","timestamp":"2025-07-19 16:00:56"}
{"level":"info","message":"HTTP server enabled","service":"david-academy-api","timestamp":"2025-07-19 16:01:01"}
{"level":"info","message":"Server listening on port 6040","service":"david-academy-api","timestamp":"2025-07-19 16:01:01"}
{"level":"info","message":"✅ Connected to MySQL database","service":"david-academy-api","timestamp":"2025-07-19 16:01:02"}
{"level":"info","message":"HTTP server enabled","service":"david-academy-api","timestamp":"2025-07-19 16:01:05"}
{"level":"info","message":"Server listening on port 6040","service":"david-academy-api","timestamp":"2025-07-19 16:01:05"}
{"level":"info","message":"✅ Connected to MySQL database","service":"david-academy-api","timestamp":"2025-07-19 16:01:05"}
{"level":"info","message":"HTTP server enabled","service":"david-academy-api","timestamp":"2025-07-19 16:01:11"}
{"level":"info","message":"Server listening on port 6040","service":"david-academy-api","timestamp":"2025-07-19 16:01:11"}
{"level":"info","message":"✅ Connected to MySQL database","service":"david-academy-api","timestamp":"2025-07-19 16:01:11"}
{"level":"info","message":"HTTP server enabled","service":"david-academy-api","timestamp":"2025-07-19 16:01:12"}
{"level":"info","message":"Server listening on port 6040","service":"david-academy-api","timestamp":"2025-07-19 16:01:13"}
{"level":"info","message":"✅ Connected to MySQL database","service":"david-academy-api","timestamp":"2025-07-19 16:01:13"}
{"level":"info","message":"HTTP server enabled","service":"david-academy-api","timestamp":"2025-07-19 16:01:14"}
{"level":"info","message":"Server listening on port 6040","service":"david-academy-api","timestamp":"2025-07-19 16:01:14"}
{"level":"info","message":"✅ Connected to MySQL database","service":"david-academy-api","timestamp":"2025-07-19 16:01:14"}
{"level":"info","message":"HTTP server enabled","service":"david-academy-api","timestamp":"2025-07-19 16:01:25"}
{"level":"info","message":"Server listening on port 6040","service":"david-academy-api","timestamp":"2025-07-19 16:01:25"}
{"level":"info","message":"✅ Connected to MySQL database","service":"david-academy-api","timestamp":"2025-07-19 16:01:25"}
{"level":"info","message":"HTTP server enabled","service":"david-academy-api","timestamp":"2025-07-19 16:01:35"}
{"level":"info","message":"Server listening on port 6040","service":"david-academy-api","timestamp":"2025-07-19 16:01:35"}
{"level":"info","message":"✅ Connected to MySQL database","service":"david-academy-api","timestamp":"2025-07-19 16:01:35"}
{"level":"info","message":"HTTP server enabled","service":"david-academy-api","timestamp":"2025-07-19 16:01:43"}
{"level":"info","message":"Server listening on port 6040","service":"david-academy-api","timestamp":"2025-07-19 16:01:43"}
{"level":"info","message":"✅ Connected to MySQL database","service":"david-academy-api","timestamp":"2025-07-19 16:01:43"}
{"level":"info","message":"HTTP server enabled","service":"david-academy-api","timestamp":"2025-07-19 16:01:53"}
{"level":"info","message":"Server listening on port 6040","service":"david-academy-api","timestamp":"2025-07-19 16:01:53"}
{"level":"info","message":"✅ Connected to MySQL database","service":"david-academy-api","timestamp":"2025-07-19 16:01:54"}
{"level":"info","message":"HTTP server enabled","service":"david-academy-api","timestamp":"2025-07-19 16:02:03"}
{"level":"info","message":"Server listening on port 6040","service":"david-academy-api","timestamp":"2025-07-19 16:02:03"}
{"level":"info","message":"✅ Connected to MySQL database","service":"david-academy-api","timestamp":"2025-07-19 16:02:03"}
{"level":"info","message":"HTTP server enabled","service":"david-academy-api","timestamp":"2025-07-19 16:02:20"}
{"level":"info","message":"Server listening on port 6040","service":"david-academy-api","timestamp":"2025-07-19 16:02:21"}
{"level":"info","message":"✅ Connected to MySQL database","service":"david-academy-api","timestamp":"2025-07-19 16:02:21"}
{"level":"info","message":"HTTP server enabled","service":"david-academy-api","timestamp":"2025-07-19 16:02:40"}
{"level":"info","message":"Server listening on port 6040","service":"david-academy-api","timestamp":"2025-07-19 16:02:40"}
{"level":"info","message":"✅ Connected to MySQL database","service":"david-academy-api","timestamp":"2025-07-19 16:02:40"}
{"level":"info","message":"HTTP server enabled","service":"david-academy-api","timestamp":"2025-07-19 16:02:41"}
{"level":"info","message":"Server listening on port 6040","service":"david-academy-api","timestamp":"2025-07-19 16:02:42"}
{"level":"info","message":"✅ Connected to MySQL database","service":"david-academy-api","timestamp":"2025-07-19 16:02:42"}
{"level":"info","message":"HTTP server enabled","service":"david-academy-api","timestamp":"2025-07-19 16:02:43"}
{"level":"info","message":"Server listening on port 6040","service":"david-academy-api","timestamp":"2025-07-19 16:02:43"}
{"level":"info","message":"✅ Connected to MySQL database","service":"david-academy-api","timestamp":"2025-07-19 16:02:43"}
{"level":"info","message":"HTTP server enabled","service":"david-academy-api","timestamp":"2025-07-19 16:04:16"}
{"level":"info","message":"Server listening on port 6040","service":"david-academy-api","timestamp":"2025-07-19 16:04:16"}
{"level":"info","message":"✅ Connected to MySQL database","service":"david-academy-api","timestamp":"2025-07-19 16:04:17"}
{"level":"info","message":"HTTP server enabled","service":"david-academy-api","timestamp":"2025-07-19 16:04:52"}
{"level":"info","message":"Server listening on port 6040","service":"david-academy-api","timestamp":"2025-07-19 16:04:52"}
{"level":"info","message":"✅ Connected to MySQL database","service":"david-academy-api","timestamp":"2025-07-19 16:04:53"}
{"level":"info","message":"HTTP server enabled","service":"david-academy-api","timestamp":"2025-07-19 16:04:59"}
{"level":"info","message":"Server listening on port 6040","service":"david-academy-api","timestamp":"2025-07-19 16:04:59"}
{"level":"info","message":"✅ Connected to MySQL database","service":"david-academy-api","timestamp":"2025-07-19 16:04:59"}
{"level":"info","message":"HTTP server enabled","service":"david-academy-api","timestamp":"2025-07-19 16:05:00"}
{"level":"info","message":"Server listening on port 6040","service":"david-academy-api","timestamp":"2025-07-19 16:05:01"}
{"level":"info","message":"✅ Connected to MySQL database","service":"david-academy-api","timestamp":"2025-07-19 16:05:01"}
{"level":"info","message":"HTTP server enabled","service":"david-academy-api","timestamp":"2025-07-19 16:05:07"}
{"level":"info","message":"Server listening on port 6040","service":"david-academy-api","timestamp":"2025-07-19 16:05:07"}
{"level":"info","message":"✅ Connected to MySQL database","service":"david-academy-api","timestamp":"2025-07-19 16:05:07"}
{"level":"info","message":"🔄 MySQL keep-alive ping successful","service":"david-academy-api","timestamp":"2025-07-19 16:10:07"}
{"level":"info","message":"🔄 MySQL keep-alive ping successful","service":"david-academy-api","timestamp":"2025-07-19 16:19:34"}
{"level":"info","message":"🔄 MySQL keep-alive ping successful","service":"david-academy-api","timestamp":"2025-07-19 16:24:32"}
{"level":"info","message":"🔄 MySQL keep-alive ping successful","service":"david-academy-api","timestamp":"2025-07-19 16:47:50"}
{"level":"info","message":"HTTP server enabled","service":"david-academy-api","timestamp":"2025-07-19 16:49:04"}
{"level":"info","message":"Server listening on port 6040","service":"david-academy-api","timestamp":"2025-07-19 16:49:05"}
{"level":"info","message":"✅ Connected to MySQL database","service":"david-academy-api","timestamp":"2025-07-19 16:49:05"}
{"level":"info","message":"HTTP server enabled","service":"david-academy-api","timestamp":"2025-07-19 16:49:15"}
{"level":"info","message":"Server listening on port 6040","service":"david-academy-api","timestamp":"2025-07-19 16:49:16"}
{"level":"info","message":"✅ Connected to MySQL database","service":"david-academy-api","timestamp":"2025-07-19 16:49:16"}
{"level":"info","message":"HTTP server enabled","service":"david-academy-api","timestamp":"2025-07-19 16:49:19"}
{"level":"info","message":"Server listening on port 6040","service":"david-academy-api","timestamp":"2025-07-19 16:49:19"}
{"level":"info","message":"✅ Connected to MySQL database","service":"david-academy-api","timestamp":"2025-07-19 16:49:19"}
{"level":"info","message":"HTTP server enabled","service":"david-academy-api","timestamp":"2025-07-19 16:49:20"}
{"level":"info","message":"Server listening on port 6040","service":"david-academy-api","timestamp":"2025-07-19 16:49:20"}
{"level":"info","message":"✅ Connected to MySQL database","service":"david-academy-api","timestamp":"2025-07-19 16:49:21"}
{"level":"info","message":"HTTP server enabled","service":"david-academy-api","timestamp":"2025-07-19 16:49:22"}
{"level":"info","message":"Server listening on port 6040","service":"david-academy-api","timestamp":"2025-07-19 16:49:22"}
{"level":"info","message":"✅ Connected to MySQL database","service":"david-academy-api","timestamp":"2025-07-19 16:49:22"}
{"level":"info","message":"HTTP server enabled","service":"david-academy-api","timestamp":"2025-07-19 16:49:28"}
{"level":"info","message":"Server listening on port 6040","service":"david-academy-api","timestamp":"2025-07-19 16:49:28"}
{"level":"info","message":"✅ Connected to MySQL database","service":"david-academy-api","timestamp":"2025-07-19 16:49:28"}
{"level":"info","message":"HTTP server enabled","service":"david-academy-api","timestamp":"2025-07-19 16:49:34"}
{"level":"info","message":"Server listening on port 6040","service":"david-academy-api","timestamp":"2025-07-19 16:49:35"}
{"level":"info","message":"✅ Connected to MySQL database","service":"david-academy-api","timestamp":"2025-07-19 16:49:35"}
{"level":"info","message":"HTTP server enabled","service":"david-academy-api","timestamp":"2025-07-19 16:49:38"}
{"level":"info","message":"Server listening on port 6040","service":"david-academy-api","timestamp":"2025-07-19 16:49:38"}
{"level":"info","message":"✅ Connected to MySQL database","service":"david-academy-api","timestamp":"2025-07-19 16:49:39"}
{"level":"info","message":"HTTP server enabled","service":"david-academy-api","timestamp":"2025-07-19 16:50:05"}
{"level":"info","message":"Server listening on port 6040","service":"david-academy-api","timestamp":"2025-07-19 16:50:05"}
{"level":"info","message":"✅ Connected to MySQL database","service":"david-academy-api","timestamp":"2025-07-19 16:50:05"}
{"level":"info","message":"HTTP server enabled","service":"david-academy-api","timestamp":"2025-07-19 16:50:09"}
{"level":"info","message":"Server listening on port 6040","service":"david-academy-api","timestamp":"2025-07-19 16:50:10"}
{"level":"info","message":"✅ Connected to MySQL database","service":"david-academy-api","timestamp":"2025-07-19 16:50:10"}
{"level":"info","message":"HTTP server enabled","service":"david-academy-api","timestamp":"2025-07-19 16:50:14"}
{"level":"info","message":"Server listening on port 6040","service":"david-academy-api","timestamp":"2025-07-19 16:50:14"}
{"level":"info","message":"✅ Connected to MySQL database","service":"david-academy-api","timestamp":"2025-07-19 16:50:15"}
{"level":"info","message":"HTTP server enabled","service":"david-academy-api","timestamp":"2025-07-19 16:50:43"}
{"level":"info","message":"Server listening on port 6040","service":"david-academy-api","timestamp":"2025-07-19 16:50:44"}
{"level":"info","message":"✅ Connected to MySQL database","service":"david-academy-api","timestamp":"2025-07-19 16:50:44"}
